999
LibreDWG 0.14.8597
  0
SECTION
  2
HEADER
  9
$ACADVER
  1
AC1032
  9
$ACADMAINTVER
 90
        0
  9
$DWGCODEPAGE
  3
ANSI_1256
  9
$LASTSAVEDBY
  1
DELL
  9
$REQUIREDVERSIONS
160
           0
  9
$INSBASE
 10
0.0
 20
0.0
 30
0.0
  9
$EXTMIN
 10
297.7292236965138
 20
-164.2798047564663
 30
-2.263933053048284E-05
  9
$EXTMAX
 10
351.8633909688458
 20
-148.9537376059161
 30
0.2081725312387805
  9
$LIMMIN
 10
0.0
 20
0.0
  9
$LIMMAX
 10
12.0
 20
9.0
  9
$ORTHOMODE
 70
     1
  9
$REGENMODE
 70
     1
  9
$FILLMODE
 70
     1
  9
$QTEXTMODE
 70
     0
  9
$MIRRTEXT
 70
     0
  9
$LTSCALE
 40
1.0
  9
$ATTMODE
 70
     1
  9
$TEXTSIZE
 40
0.2
  9
$TRACEWID
 40
0.05
  9
$TEXTSTYLE
  7
Standard
  9
$CLAYER
  8
A_DIM
  9
$CELTYPE
  6
ByLayer
  9
$CECOLOR
 62
     0
  9
$CELTSCALE
 40
1.0
  9
$DISPSILH
 70
     0
  9
$DIMSCALE
 40
1.0
  9
$DIMASZ
 40
0.07000000000000001
  9
$DIMEXO
 40
0.0
  9
$DIMDLI
 40
0.38
  9
$DIMRND
 40
0.0
  9
$DIMDLE
 40
0.0
  9
$DIMEXE
 40
0.0
  9
$DIMTP
 40
0.0
  9
$DIMTM
 40
0.0
  9
$DIMTXT
 40
0.15
  9
$DIMCEN
 40
0.09
  9
$DIMTSZ
 40
0.0
  9
$DIMTOL
 70
     0
  9
$DIMLIM
 70
     0
  9
$DIMTIH
 70
     0
  9
$DIMTOH
 70
     0
  9
$DIMSE1
 70
     0
  9
$DIMSE2
 70
     0
  9
$DIMTAD
 70
     1
  9
$DIMZIN
 70
     0
  9
$DIMBLK
  1
_ArchTick
  9
$DIMASO
 70
     1
  9
$DIMSHO
 70
     1
  9
$DIMPOST
  1

  9
$DIMAPOST
  1

  9
$DIMALT
 70
     0
  9
$DIMALTD
 70
     2
  9
$DIMALTF
 40
25.4
  9
$DIMLFAC
 40
1.0
  9
$DIMTOFL
 70
     1
  9
$DIMTVP
 40
0.0
  9
$DIMTIX
 70
     1
  9
$DIMSOXD
 70
     0
  9
$DIMSAH
 70
     0
  9
$DIMBLK1
  1

  9
$DIMBLK2
  1

  9
$DIMSTYLE
  2
DIM VILLA
  9
$DIMCLRD
 70
   256
  9
$DIMCLRE
 70
   256
  9
$DIMCLRT
 70
     0
  9
$DIMTFAC
 40
1.0
  9
$DIMGAP
 40
0.05
  9
$DIMJUST
 70
     0
  9
$DIMSD1
 70
     0
  9
$DIMSD2
 70
     0
  9
$DIMTOLJ
 70
     1
  9
$DIMTZIN
 70
     0
  9
$DIMALTZ
 70
     0
  9
$DIMALTTZ
 70
     0
  9
$DIMUPT
 70
     0
  9
$DIMDEC
 70
     2
  9
$DIMTDEC
 70
     2
  9
$DIMALTU
 70
     2
  9
$DIMALTTD
 70
     2
  9
$DIMTXSTY
  7
ARIAL
  9
$DIMAUNIT
 70
     0
  9
$DIMADEC
 70
     0
  9
$DIMALTRND
 40
0.0
  9
$DIMAZIN
 70
     0
  9
$DIMDSEP
 70
    46
  9
$DIMATFIT
 70
     3
  9
$DIMFRAC
 70
     0
  9
$DIMLDRBLK
  1

  9
$DIMLUNIT
 70
     2
  9
$DIMLWD
 70
    -2
  9
$DIMLWE
 70
    -2
  9
$DIMTMOVE
 70
     2
  9
$DIMFXL
 40
1.0
  9
$DIMFXLON
 70
     0
  9
$DIMJOGANG
 40
0.7853981633974483
  9
$DIMTFILL
 70
     0
  9
$DIMTFILLCLR
 70
     0
  9
$DIMARCSYM
 70
     0
  9
$DIMLTYPE
  6

  9
$DIMLTEX1
  6

  9
$DIMLTEX2
  6

  9
$DIMTXTDIRECTION
 70
     0
  9
$LUNITS
 70
     2
  9
$LUPREC
 70
     4
  9
$AXISMODE
 70
     0
  9
$AXISUNIT
 10
0.0
 20
0.0
  9
$SKETCHINC
 40
0.1
  9
$FILLETRAD
 40
0.0
  9
$AUNITS
 70
     0
  9
$AUPREC
 70
     0
  9
$MENU
  1
.
  9
$ELEVATION
 40
0.0
  9
$PELEVATION
 40
0.0
  9
$THICKNESS
 40
0.0
  9
$LIMCHECK
 70
     0
  9
$CHAMFERA
 40
0.0
  9
$CHAMFERB
 40
0.0
  9
$CHAMFERC
 40
0.0
  9
$CHAMFERD
 40
0.0
  9
$SKPOLY
 70
     0
  9
$TDCREATE
 40
2460894.413720000
  9
$TDUCREATE
 40
2460894.413720000
  9
$TDUPDATE
 40
2461056.252080000
  9
$TDUUPDATE
 40
2461056.252080000
  9
$TDINDWG
 40
1.690230000
  9
$TDUSRTIMER
 40
1.690230000
  9
$USRTIMER
 70
     1
  9
$ANGBASE
 50
0.0
  9
$ANGDIR
 70
     0
  9
$PDMODE
 70
     0
  9
$PDSIZE
 40
0.0
  9
$PLINEWID
 40
0.0
  9
$SPLFRAME
 70
     0
  9
$SPLINETYPE
 70
     6
  9
$SPLINESEGS
 70
     8
  9
$HANDSEED
  5
103D6
  9
$SURFTAB1
 70
     6
  9
$SURFTAB2
 70
     6
  9
$SURFTYPE
 70
     6
  9
$SURFU
 70
     6
  9
$SURFV
 70
     6
  9
$UCSBASE
  2

  9
$UCSORG
 10
0.0
 20
0.0
 30
0.0
  9
$UCSXDIR
 10
1.0
 20
0.0
 30
0.0
  9
$UCSYDIR
 10
0.0
 20
1.0
 30
0.0
  9
$UCSORTHOREF
  2

  9
$UCSORTHOVIEW
 70
     0
  9
$UCSORGTOP
 10
0.0
 20
0.0
 30
0.0
  9
$UCSORGBOTTOM
 10
0.0
 20
0.0
 30
0.0
  9
$UCSORGLEFT
 10
0.0
 20
0.0
 30
0.0
  9
$UCSORGRIGHT
 10
0.0
 20
0.0
 30
0.0
  9
$UCSORGFRONT
 10
0.0
 20
0.0
 30
0.0
  9
$UCSORGBACK
 10
0.0
 20
0.0
 30
0.0
  9
$PUCSBASE
  2

  9
$PUCSORG
 10
0.0
 20
0.0
 30
0.0
  9
$PUCSXDIR
 10
1.0
 20
0.0
 30
0.0
  9
$PUCSYDIR
 10
0.0
 20
1.0
 30
0.0
  9
$PUCSORTHOREF
  2

  9
$PUCSORTHOVIEW
 70
     0
  9
$PUCSORGTOP
 10
0.0
 20
0.0
 30
0.0
  9
$PUCSORGBOTTOM
 10
0.0
 20
0.0
 30
0.0
  9
$PUCSORGLEFT
 10
0.0
 20
0.0
 30
0.0
  9
$PUCSORGRIGHT
 10
0.0
 20
0.0
 30
0.0
  9
$PUCSORGFRONT
 10
0.0
 20
0.0
 30
0.0
  9
$PUCSORGBACK
 10
0.0
 20
0.0
 30
0.0
  9
$USERI1
 70
     0
  9
$USERI2
 70
     0
  9
$USERI3
 70
     0
  9
$USERI4
 70
     0
  9
$USERI5
 70
     0
  9
$USERR1
 40
0.0
  9
$USERR2
 40
0.0
  9
$USERR3
 40
0.0
  9
$USERR4
 40
0.0
  9
$USERR5
 40
0.0
  9
$WORLDVIEW
 70
     1
  9
$SHADEDGE
 70
     3
  9
$SHADEDIF
 70
    70
  9
$TILEMODE
 70
     1
  9
$MAXACTVP
 70
    64
  9
$PINSBASE
 10
0.0
 20
0.0
 30
0.0
  9
$PLIMCHECK
 70
     0
  9
$PEXTMIN
 10
0.0
 20
0.0
 30
0.0
  9
$PEXTMAX
 10
0.0
 20
0.0
 30
0.0
  9
$PLIMMIN
 10
0.0
 20
0.0
  9
$PLIMMAX
 10
12.0
 20
9.0
  9
$UNITMODE
 70
     0
  9
$VISRETAIN
 70
     1
  9
$PLINEGEN
 70
     0
  9
$PSLTSCALE
 70
     1
  9
$TREEDEPTH
 70
  3020
  9
$CMLSTYLE
  2
S
  9
$CMLJUST
 70
     0
  9
$CMLSCALE
 40
1.0
  9
$PROXYGRAPHICS
 70
     1
  9
$MEASUREMENT
 70
     0
  9
$CELWEIGHT
370
    -1
  9
$ENDCAPS
280
     0
  9
$JOINSTYLE
280
     0
  9
$LWDISPLAY
290
     0
  9
$INSUNITS
 70
     1
  9
$HYPERLINKBASE
  1

  9
$STYLESHEET
  1
MY PRINTER.ctb
  9
$XEDIT
290
     1
  9
$CEPSNTYPE
380
     0
  9
$PSTYLEMODE
290
     1
  9
$FINGERPRINTGUID
  2
{91D372E4-CF36-D543-87AA-B9CE2D80BB7F}
  9
$VERSIONGUID
  2
{C92480EB-29A2-D847-A7AA-C9AFE5C38EC1}
  9
$EXTNAMES
290
     1
  9
$PSVPSCALE
 40
0.0
  9
$OLESTARTUP
290
     0
  9
$SORTENTS
280
   127
  9
$INDEXCTL
280
     0
  9
$HIDETEXT
280
     1
  9
$XCLIPFRAME
280
     2
  9
$HALOGAP
280
     0
  9
$OBSCOLOR
 70
   257
  9
$OBSLTYPE
280
     0
  9
$INTERSECTIONDISPLAY
280
     0
  9
$INTERSECTIONCOLOR
 70
   257
  9
$DIMASSOC
280
     2
  9
$PROJECTNAME
  1

  9
$CAMERADISPLAY
290
     0
  9
$LENSLENGTH
 40
50.0
  9
$CAMERAHEIGHT
 40
0.0
  9
$STEPSPERSEC
 40
2.0
  9
$STEPSIZE
 40
6.0
  9
$3DDWFPREC
 40
2.0
  9
$PSOLWIDTH
 40
0.25
  9
$PSOLHEIGHT
 40
4.0
  9
$LOFTANG1
 40
1.570796326794897
  9
$LOFTANG2
 40
1.570796326794897
  9
$LOFTMAG1
 40
0.0
  9
$LOFTMAG2
 40
0.0
  9
$LOFTPARAM
 70
     7
  9
$LOFTNORMALS
280
     1
  9
$LATITUDE
 40
37.795
  9
$LONGITUDE
 40
-122.394
  9
$NORTHDIRECTION
 40
0.0
  9
$TIMEZONE
 70
 -8000
  9
$LIGHTGLYPHDISPLAY
280
     1
  9
$TILEMODELIGHTSYNCH
280
     1
  9
$CMATERIAL
347
96
  9
$SOLIDHIST
280
     0
  9
$SHOWHIST
280
     1
  9
$DWFFRAME
280
     2
  9
$DGNFRAME
280
     0
  9
$REALWORLDSCALE
290
     1
  9
$INTERFERECOLOR
 62
   256
  9
$INTERFEREOBJVS
345
A3
  9
$INTERFEREVPVS
346
A0
  9
$CSHADOW
280
     0
  9
$SHADOWPLANELOCATION
 40
0.0
  0
ENDSEC
  0
SECTION
  2
CLASSES
  0
CLASS
  1
ACDBDICTIONARYWDFLT
  2
AcDbDictionaryWithDefault
  3
ObjectDBX Classes
 90
        0
 91
        1
280
     0
281
     0
  0
CLASS
  1
DICTIONARYVAR
  2
AcDbDictionaryVar
  3
ObjectDBX Classes
 90
        0
 91
       18
280
     0
281
     0
  0
CLASS
  1
TABLESTYLE
  2
AcDbTableStyle
  3
ObjectDBX Classes
 90
     4095
 91
        1
280
     0
281
     0
  0
CLASS
  1
MATERIAL
  2
AcDbMaterial
  3
ObjectDBX Classes
 90
     1153
 91
        3
280
     0
281
     0
  0
CLASS
  1
VISUALSTYLE
  2
AcDbVisualStyle
  3
ObjectDBX Classes
 90
     4095
 91
       24
280
     0
281
     0
  0
CLASS
  1
SCALE
  2
AcDbScale
  3
ObjectDBX Classes
 90
     1153
 91
       33
280
     0
281
     0
  0
CLASS
  1
MLEADERSTYLE
  2
AcDbMLeaderStyle
  3
ACDB_MLEADERSTYLE_CLASS
 90
     4095
 91
        1
280
     0
281
     0
  0
CLASS
  1
CELLSTYLEMAP
  2
AcDbCellStyleMap
  3
ObjectDBX Classes
 90
     1152
 91
        0
280
     0
281
     0
  0
CLASS
  1
EXACXREFPANELOBJECT
  2
ExAcXREFPanelObject
  3
EXAC_ESW
 90
     1025
 91
        1
280
     0
281
     0
  0
CLASS
  1
NPOCOLLECTION
  2
AcDbImpNonPersistentObjectsCollection
  3
ObjectDBX Classes
 90
     1153
 91
        1
280
     0
281
     0
  0
CLASS
  1
LAYER_INDEX
  2
AcDbLayerIndex
  3
ObjectDBX Classes
 90
        0
 91
        0
280
     0
281
     0
  0
CLASS
  1
SPATIAL_INDEX
  2
AcDbSpatialIndex
  3
AutoCAD 2000
 90
        0
 91
        0
280
     0
281
     0
  0
CLASS
  1
IDBUFFER
  2
AcDbIdBuffer
  3
ObjectDBX Classes
 90
        0
 91
        0
280
     0
281
     0
  0
CLASS
  1
ACDBSECTIONVIEWSTYLE
  2
AcDbSectionViewStyle
  3
ObjectDBX Classes
 90
     1025
 91
        1
280
     0
281
     0
  0
CLASS
  1
ACDBDETAILVIEWSTYLE
  2
AcDbDetailViewStyle
  3
ObjectDBX Classes
 90
     1025
 91
        1
280
     0
281
     0
  0
CLASS
  1
SORTENTSTABLE
  2
AcDbSortentsTable
  3
ObjectDBX Classes
 90
        0
 91
       41
280
     0
281
     0
  0
CLASS
  1
ACAD_EVALUATION_GRAPH
  2
AcDbEvalGraph
  3
ObjectDBX Classes
 90
     1153
 91
        2
280
     0
281
     0
  0
CLASS
  1
BLOCKLINEARPARAMETER
  2
AcDbBlockLinearParameter
  3
ObjectDBX Classes
 90
     1153
 91
        2
280
     0
281
     0
  0
CLASS
  1
BLOCKLINEARGRIP
  2
AcDbBlockLinearGrip
  3
ObjectDBX Classes
 90
     1153
 91
        4
280
     0
281
     0
  0
CLASS
  1
BLOCKGRIPLOCATIONCOMPONENT
  2
AcDbBlockGripExpr
  3
ObjectDBX Classes
 90
     1153
 91
        8
280
     0
281
     0
  0
CLASS
  1
BLOCKSTRETCHACTION
  2
AcDbBlockStretchAction
  3
ObjectDBX Classes
 90
     1153
 91
        2
280
     0
281
     0
  0
CLASS
  1
ACDB_DYNAMICBLOCKPURGEPREVENTER_VERSION
  2
AcDbDynamicBlockPurgePreventer
  3
ObjectDBX Classes
 90
     1153
 91
        2
280
     0
281
     0
  0
CLASS
  1
BLOCKROTATIONPARAMETER
  2
AcDbBlockRotationParameter
  3
ObjectDBX Classes
 90
     1153
 91
        0
280
     0
281
     0
  0
CLASS
  1
BLOCKROTATIONGRIP
  2
AcDbBlockRotationGrip
  3
ObjectDBX Classes
 90
     1153
 91
        0
280
     0
281
     0
  0
CLASS
  1
BLOCKROTATEACTION
  2
AcDbBlockRotateAction
  3
ObjectDBX Classes
 90
     1153
 91
        0
280
     0
281
     0
  0
CLASS
  1
ACDB_BLOCKREPRESENTATION_DATA
  2
AcDbBlockRepresentationData
  3
ObjectDBX Classes
 90
     1153
 91
       21
280
     0
281
     0
  0
CLASS
  1
DIMASSOC
  2
AcDbDimAssoc
  3
"AcDbDimAssoc|Product Desc:     AcDim ARX App For Dimension|Company:          Autodesk, Inc.|WEB Address:      www.autodesk.com"
 90
        0
 91
      318
280
     0
281
     0
  0
CLASS
  1
AEC_REFEDIT_STATUS_TRACKER
  2
AecDbRefEditStatusTracker
  3
AecArchBase80|Product Desc: Autodesk Architectural Desktop 2007 |Company: Autodesk,Inc. |WEB Address: www.autodesk.com
 90
      129
 91
        0
280
     0
281
     0
  0
CLASS
  1
ACDBASSOCNETWORK
  2
AcDbAssocNetwork
  3
ObjectDBX Classes
 90
     1025
 91
        2
280
     0
281
     0
  0
CLASS
  1
ACDBASSOCACTION
  2
AcDbAssocAction
  3
ObjectDBX Classes
 90
     1025
 91
        9
280
     0
281
     0
  0
CLASS
  1
ACDBASSOCROTATEDDIMACTIONBODY
  2
AcDbAssocRotatedDimActionBody
  3
ObjectDBX Classes
 90
     1025
 91
        9
280
     0
281
     0
  0
CLASS
  1
ACDBASSOCOSNAPPOINTREFACTIONPARAM
  2
AcDbAssocOsnapPointRefActionParam
  3
ObjectDBX Classes
 90
     1025
 91
       11
280
     0
281
     0
  0
CLASS
  1
ACDBASSOCVERTEXACTIONPARAM
  2
AcDbAssocVertexActionParam
  3
ObjectDBX Classes
 90
     1025
 91
       11
280
     0
281
     0
  0
CLASS
  1
ACDBASSOCGEOMDEPENDENCY
  2
AcDbAssocGeomDependency
  3
ObjectDBX Classes
 90
     1025
 91
       11
280
     0
281
     0
  0
CLASS
  1
ACDBASSOCDEPENDENCY
  2
AcDbAssocDependency
  3
ObjectDBX Classes
 90
     1025
 91
        9
280
     0
281
     0
  0
ENDSEC
  0
SECTION
  2
TABLES
  0
TABLE
  2
VPORT
  5
8
330
0
100
AcDbSymbolTable
 70
     1
  0
VPORT
  5
94
330
8
100
AcDbSymbolTableRecord
100
AcDbViewportTableRecord
  2
*Active
 70
     0
 10
0.0
 20
0.0
 11
1.0
 21
1.0
 12
330.6847870261959
 22
-159.1906840319802
 13
0.0
 23
0.0
 14
0.5
 24
0.5
 15
0.5
 25
0.5
 16
0.0
 26
0.0
 36
1.0
 17
0.0
 27
0.0
 37
0.0
 40
40.04013633163878
 41
2.098798397863818
 42
50.0
 43
0.0
 44
0.0
 50
0.0
 51
0.0
 71
     0
 72
  1000
 73
     1
 74
     3
 75
     0
 76
     0
 77
     0
 78
     0
281
     0
 65
     1
110
0.0
120
0.0
130
0.0
111
1.0
121
0.0
131
0.0
112
0.0
122
1.0
132
0.0
 79
     0
146
0.0
348
9F
 60
     3
 61
     5
292
     1
282
     1
141
0.0
142
0.0
 63
   250
421
3258135347
1001
ACAD_NAV_VCDISPLAY
1070
     3
  0
ENDTAB
  0
TABLE
  2
LTYPE
  5
5
330
0
100
AcDbSymbolTable
 70
     2
  0
LTYPE
  5
14
330
5
100
AcDbSymbolTableRecord
100
AcDbLinetypeTableRecord
  2
ByBlock
 70
     0
  3

 72
    65
 73
     0
 40
0.0
  0
LTYPE
  5
15
330
5
100
AcDbSymbolTableRecord
100
AcDbLinetypeTableRecord
  2
ByLayer
 70
     0
  3

 72
    65
 73
     0
 40
0.0
  0
LTYPE
  5
16
330
5
100
AcDbSymbolTableRecord
100
AcDbLinetypeTableRecord
  2
Continuous
 70
     0
  3
Solid line
 72
    65
 73
     0
 40
0.0
  0
LTYPE
  5
B97
330
5
100
AcDbSymbolTableRecord
100
AcDbLinetypeTableRecord
  2
HIDDEN
 70
     0
  3
Hidden __ __ __ __ __ __ __ __ __ __ __ __ __ _
 72
    65
 73
     2
 40
0.375
 49
0.25
 74
     0
 49
-0.125
 74
     0
  0
ENDTAB
  0
TABLE
  2
LAYER
  5
2
102
{ACAD_XDICTIONARY
360
18E
102
}
330
0
100
AcDbSymbolTable
 70
    14
  0
LAYER
  5
10
102
{ACAD_XDICTIONARY
360
E6
102
}
330
2
100
AcDbSymbolTableRecord
100
AcDbLayerTableRecord
  2
0
 70
     0
 62
     7
  6
Continuous
370
    -3
390
F
347
98
348
0
  0
LAYER
  5
B98
330
2
100
AcDbSymbolTableRecord
100
AcDbLayerTableRecord
  2
A_DOOR
 70
     0
 62
     2
  6
Continuous
370
    -3
390
F
347
98
348
0
1001
AcAecLayerStandard
1000

1000

1001
AcCmTransparency
1071
        0
  0
LAYER
  5
B99
330
2
100
AcDbSymbolTableRecord
100
AcDbLayerTableRecord
  2
Defpoints
 70
     0
 62
     7
  6
Continuous
290
     0
370
    -3
390
F
347
98
348
0
  0
LAYER
  5
B9A
102
{ACAD_XDICTIONARY
360
B9B
102
}
330
2
100
AcDbSymbolTableRecord
100
AcDbLayerTableRecord
  2
ara-TEXT
 70
     0
 62
   172
  6
Continuous
370
    -3
390
F
347
98
348
0
1001
AcAecLayerStandard
1000

1000

  0
LAYER
  5
B9C
102
{ACAD_XDICTIONARY
360
B9D
102
}
330
2
100
AcDbSymbolTableRecord
100
AcDbLayerTableRecord
  2
A_TEXT
 70
     0
 62
     7
  6
Continuous
370
    -3
390
F
347
98
348
0
1001
AcAecLayerStandard
1000

1000

  0
LAYER
  5
B9E
330
2
100
AcDbSymbolTableRecord
100
AcDbLayerTableRecord
  2
TILTLE BLOCK_1
 70
     0
 62
     7
  6
Continuous
370
    -3
390
F
347
98
348
0
1001
AcAecLayerStandard
1000

1000

1001
AcCmTransparency
1071
        0
  0
LAYER
  5
B9F
330
2
100
AcDbSymbolTableRecord
100
AcDbLayerTableRecord
  2
A_WALL
 70
     0
 62
     7
  6
Continuous
370
    -3
390
F
347
98
348
0
1001
AcAecLayerStandard
1000

1000

1001
AcCmTransparency
1071
        0
  0
LAYER
  5
BA0
330
2
100
AcDbSymbolTableRecord
100
AcDbLayerTableRecord
  2
A_STAIR
 70
     0
 62
     4
  6
Continuous
370
    -3
390
F
347
98
348
0
1001
AcAecLayerStandard
1000

1000

1001
AcCmTransparency
1071
        0
  0
LAYER
  5
BA1
330
2
100
AcDbSymbolTableRecord
100
AcDbLayerTableRecord
  2
A-FIXTURES
 70
     0
 62
    15
  6
Continuous
370
    -3
390
F
347
98
348
0
  0
LAYER
  5
BA2
102
{ACAD_XDICTIONARY
360
BA3
102
}
330
2
100
AcDbSymbolTableRecord
100
AcDbLayerTableRecord
  2
A_fixtures
 70
     0
 62
     1
  6
Continuous
370
    -3
390
F
347
98
348
0
  0
LAYER
  5
BA4
330
2
100
AcDbSymbolTableRecord
100
AcDbLayerTableRecord
  2
A_WINDOW
 70
     0
 62
     4
  6
Continuous
370
    -3
390
F
347
98
348
0
1001
AcAecLayerStandard
1000

1000

1001
AcCmTransparency
1071
        0
  0
LAYER
  5
5A6E
330
2
100
AcDbSymbolTableRecord
100
AcDbLayerTableRecord
  2
A_DIM
 70
     0
 62
     3
  6
Continuous
370
    -3
390
F
347
98
348
0
1001
AcAecLayerStandard
1000

1000

1001
AcCmTransparency
1071
        0
  0
LAYER
  5
5A6F
330
2
100
AcDbSymbolTableRecord
100
AcDbLayerTableRecord
  2
ASHADE
 70
     0
 62
     7
  6
Continuous
370
    -3
390
F
347
98
348
0
  0
LAYER
  5
5A70
330
2
100
AcDbSymbolTableRecord
100
AcDbLayerTableRecord
  2
sink
 70
     0
 62
     4
  6
Continuous
370
     5
390
F
347
98
348
0
  0
ENDTAB
  0
TABLE
  2
STYLE
  5
3
330
0
100
AcDbSymbolTable
 70
     3
  0
STYLE
  5
11
330
3
100
AcDbSymbolTableRecord
100
AcDbTextStyleTableRecord
  2
Standard
 70
     0
 40
0.0
 41
1.0
 50
0.0
 71
     0
 42
0.2
  3
arial.ttf
  4

1001
ACAD
1000
Arial
1071
       34
  0
STYLE
  5
BB1
330
3
100
AcDbSymbolTableRecord
100
AcDbTextStyleTableRecord
  2
ARIAL
 70
     0
 40
0.0
 41
1.0
 50
0.0
 71
     0
 42
0.2
  3
arial.ttf
  4

1001
ACAD
1000
Arial
1071
       34
  0
STYLE
  5
5A71
330
3
100
AcDbSymbolTableRecord
100
AcDbTextStyleTableRecord
  2
ASHADE
 70
     0
 40
0.2
 41
1.0
 50
0.0
 71
     0
 42
2.5
  3
simplex.shx
  4

  0
ENDTAB
  0
TABLE
  2
VIEW
  5
6
330
0
100
AcDbSymbolTable
 70
     0
  0
ENDTAB
  0
TABLE
  2
UCS
  5
7
330
0
100
AcDbSymbolTable
 70
     0
  0
ENDTAB
  0
TABLE
  2
APPID
  5
9
330
0
100
AcDbSymbolTable
 70
    25
  0
APPID
  5
12
330
9
100
AcDbSymbolTableRecord
100
AcDbRegAppTableRecord
  2
ACAD
 70
     0
  0
APPID
  5
DD
330
9
100
AcDbSymbolTableRecord
100
AcDbRegAppTableRecord
  2
AcadAnnoPO
 70
     0
  0
APPID
  5
DE
330
9
100
AcDbSymbolTableRecord
100
AcDbRegAppTableRecord
  2
AcadAnnotative
 70
     0
  0
APPID
  5
DF
330
9
100
AcDbSymbolTableRecord
100
AcDbRegAppTableRecord
  2
ACAD_DSTYLE_DIMJAG
 70
     0
  0
APPID
  5
E0
330
9
100
AcDbSymbolTableRecord
100
AcDbRegAppTableRecord
  2
ACAD_DSTYLE_DIMTALN
 70
     0
  0
APPID
  5
107
330
9
100
AcDbSymbolTableRecord
100
AcDbRegAppTableRecord
  2
ACAD_MLEADERVER
 70
     0
  0
APPID
  5
1A6
330
9
100
AcDbSymbolTableRecord
100
AcDbRegAppTableRecord
  2
ACAD_NAV_VCDISPLAY
 70
     0
  0
APPID
  5
245
330
9
100
AcDbSymbolTableRecord
100
AcDbRegAppTableRecord
  2
ACAD_EXEMPT_FROM_CAD_STANDARDS
 70
     0
  0
APPID
  5
BB4
330
9
100
AcDbSymbolTableRecord
100
AcDbRegAppTableRecord
  2
AcAecLayerStandard
 70
     0
  0
APPID
  5
BB5
330
9
100
AcDbSymbolTableRecord
100
AcDbRegAppTableRecord
  2
AcCmTransparency
 70
     0
  0
APPID
  5
BB6
330
9
100
AcDbSymbolTableRecord
100
AcDbRegAppTableRecord
  2
AcDbDynamicBlockGUID
 70
     0
  0
APPID
  5
BB7
330
9
100
AcDbSymbolTableRecord
100
AcDbRegAppTableRecord
  2
AcDbBlockRepETag
 70
     0
  0
APPID
  5
BB8
330
9
100
AcDbSymbolTableRecord
100
AcDbRegAppTableRecord
  2
ACAUTHENVIRON
 70
     0
  0
APPID
  5
BB9
330
9
100
AcDbSymbolTableRecord
100
AcDbRegAppTableRecord
  2
AcDbDynamicBlockTrueName
 70
     0
  0
APPID
  5
BBA
330
9
100
AcDbSymbolTableRecord
100
AcDbRegAppTableRecord
  2
AEC_XDATA_BOUND_SPACE
 70
     0
  0
APPID
  5
BBB
330
9
100
AcDbSymbolTableRecord
100
AcDbRegAppTableRecord
  2
AcDbBlockRepBTag
 70
     0
  0
APPID
  5
BBC
330
9
100
AcDbSymbolTableRecord
100
AcDbRegAppTableRecord
  2
ACAD_PSEXT
 70
     0
  0
APPID
  5
BBD
330
9
100
AcDbSymbolTableRecord
100
AcDbRegAppTableRecord
  2
GradientColor1ACI
 70
     0
  0
APPID
  5
BBE
330
9
100
AcDbSymbolTableRecord
100
AcDbRegAppTableRecord
  2
GradientColor2ACI
 70
     0
  0
APPID
  5
5A73
330
9
100
AcDbSymbolTableRecord
100
AcDbRegAppTableRecord
  2
AVE_RENDER
 70
     0
  0
APPID
  5
5A74
330
9
100
AcDbSymbolTableRecord
100
AcDbRegAppTableRecord
  2
AVE_FINISH
 70
     0
  0
APPID
  5
5A75
330
9
100
AcDbSymbolTableRecord
100
AcDbRegAppTableRecord
  2
AVE_MATERIAL
 70
     0
  0
APPID
  5
8D6C
330
9
100
AcDbSymbolTableRecord
100
AcDbRegAppTableRecord
  2
ACAD_DSTYLE_DIMBREAK
 70
     0
  0
APPID
  5
E2BD
330
9
100
AcDbSymbolTableRecord
100
AcDbRegAppTableRecord
  2
DCO15
 70
     0
  0
APPID
  5
10388
330
9
100
AcDbSymbolTableRecord
100
AcDbRegAppTableRecord
  2
PLOTTRANSPARENCY
 70
     0
  0
ENDTAB
  0
TABLE
  2
DIMSTYLE
  5
A
330
0
100
AcDbSymbolTable
 70
     1
100
AcDbDimStyleTable
 71
     1
340
BB3
  0
DIMSTYLE
105
BB3
102
{ACAD_REACTORS
330
EAA8
330
EAC0
330
EADC
330
EAF4
330
EB0C
330
EB24
330
EB3C
330
EB54
330
EB6C
330
EB84
330
EBCC
330
EBE4
330
EBFC
330
EC14
330
EC2C
330
EC44
330
EC5C
330
EC69
330
EC81
330
EC99
330
ECC3
330
ECDB
330
ECF3
330
ED0B
330
ED68
330
ED9B
330
EDB3
330
EDC0
330
EDD8
330
EDF8
330
EE10
330
EE28
330
EE40
330
EE6C
330
EE84
330
EE9C
330
EEB4
330
EF06
330
EF1E
330
EF36
330
EF4E
330
EF66
330
EF7E
330
EF96
330
EFED
330
F005
330
F021
330
F039
330
F055
330
F07F
330
F097
330
F0B8
330
F0D0
330
F0F1
330
F109
330
F121
330
FFCE
330
FFE6
330
FFFE
330
100E7
330
100FF
330
1013F
102
}
330
A
100
AcDbSymbolTableRecord
100
AcDbDimStyleTableRecord
  2
DIM VILLA
 70
     0
 41
0.07000000000000001
 43
0.38
 49
1.0
 50
45.0
 70
     0
 73
     0
 74
     0
 77
     1
140
0.15
141
0.09
143
25.4
144
1.0
146
1.0
147
0.05
171
     2
172
     1
174
     1
176
-1023410131
177
-1023410131
178
-1073741824
271
     2
272
     2
273
     2
274
     2
277
     2
278
    46
279
     2
283
     1
289
     3
340
BB1
294
     0
371
    -2
372
    -2
341
0
342
289
343
0
344
0
345
0
346
0
347
0
1001
ACAD_DSTYLE_DIMJAG
1070
   388
1040
1.5
1001
ACAD_DSTYLE_DIMTALN
1070
   392
1070
     0
  0
ENDTAB
  0
TABLE
  2
BLOCK_RECORD
  5
1
330
0
100
AcDbSymbolTable
 70
   478
  0
BLOCK_RECORD
  5
1F
102
{ACAD_XDICTIONARY
360
15D
102
}
330
1
100
AcDbSymbolTableRecord
100
AcDbBlockTableRecord
  2
*Model_Space
340
22
310

 70
     0
280
     1
281
     0
  0
BLOCK_RECORD
  5
58
330
1
100
AcDbSymbolTableRecord
100
AcDbBlockTableRecord
  2
*Paper_Space
340
59
310

 70
     0
280
     1
281
     0
  0
BLOCK_RECORD
  5
5D
330
1
100
AcDbSymbolTableRecord
100
AcDbBlockTableRecord
  2
*Paper_Space0
340
5E
310

 70
     0
280
     1
281
     0
  0
BLOCK_RECORD
  5
274
102
{ACAD_XDICTIONARY
360
275
102
}
330
1
100
AcDbSymbolTableRecord
100
AcDbBlockTableRecord
  2
TITLE BLOCK 1
340
0
310
2800000020000000200000000100200000000000001000000100000001000000000000000000000000000000000000FF000000FF000000FF000000FF000000FF000000FF000000FF000000FF000000FF000000FF000000FF000000FF000000FF000000FF000000FF000000FF000000FF000000FF000000FF000000FF000000
310
FF000000FF000000FF000000FF000000FF000000FF000000FF000000FF000000FF000000FF000000FF000000FF000000FF000000FF000000FF000000FF000000FF000000FF000000FF000000FF000000FF000000FF000000FF000000FF000000FF000000FF000000FF000000FF000000FF000000FF000000FF000000FF0000
310
00FF000000FF000000FF000000FF000000FF000000FF000000FF000000FF000000FF000000FF000000FF000000FF000000FF000000FF000000FF000000FF000000FF000000FF000000FF000000FF000000FF000000FF000000FF000000FF000000FF000000FF000000FF000000FF000000FF000000FF000000FF000000FF00
310
0000FF000000FF000000FF000000FF000000FF000000FF000000FF000000FF000000FF000000FF000000FF000000FF000000FF000000FF000000FF000000FF000000FF000000FF000000FF000000FF000000FF000000FF000000FF000000FF000000FF000000FF000000FF000000FF000000FF000000FF000000FF000000FF
310
000000FF000000FF000000FF000000FF000000FF000000FF000000FF000000FF000000FF000000FF000000FF000000FF000000FF000000FF000000FF000000FF000000FF000000FF000000FF000000FF000000FF000000FF000000FF000000FF000000FF000000FF000000FF000000FF000000FF000000FF000000FF000000
310
FF000000FF000000FF000000FF000000FF000000FF000000FF000000FF000000FF000000FF000000FF000000FF000000FF000000FF000000FF000000FF000000FF000000FF000000FF000000FF000000FF000000FF000000FF000000FF000000FF000000FF000000FF000000FF000000FF000000FF000000FF000000FF0000
310
00FF000000FF000000FF000000FF000000FF000000FF000000FF000000FF000000FF000000FF000000FF000000FF000000FF000000FF000000FF000000FF000000FF000000FF000000FF000000FF000000FF000000FF000000FF000000FF000000FF000000FF000000FF000000FF000000FF000000FF000000FF000000FF00
310
0000FF000000FF000000FF000000FF000000FF000000FF000000FF000000FF000000FF000000FF000000FF000000FF000000FF000000FF000000FF000000FF000000FF000000FF000000FF000000FF000000FF000000FF000000FF000000FF000000FF000000FF000000FF000000FF000000FF000000FF000000FF000000FF
310
000000FF000000FF000000FF000000FF000000FF000000FF000000FF000000FF000000FF000000FF000000FF000000FF000000FF000000FF000000FF000000FF000000FF000000FF000000FF000000FF000000FF000000FF000000FF000000FF000000FF000000FF000000FF000000FF000000FF000000FF000000FF000000
310
FF000000FF000000FF000000FF000000FF000000FF000000FF000000FF000000FF000000FF000000FF000000FF000000FF000000FF000000FF000000FF000000FF000000FF000000FF000000FF000000FF000000FF000000FF000000FF000000FF000000FF000000FF000000FF000000FF000000FF000000FF000000FF0000
310
00FF000000FF000000FF000000FF000000FF000000FF000000FF000000FF000000FF000000FF000000FF000000FF000000FF000000FF000000FF000000FF000000FF000000FF000000FF000000FF000000FF000000FF000000FF000000FF000000FF000000FF000000FF000000FF000000FF000000FF000000FF000000FF00
310
0000FF000000FF000000FF000000FF000000FF000000FF000000FF000000FF000000FF000000FF000000FF000000FF000000FF000000FF000000FF000000FF000000FF000000FF000000FF000000FF000000FF000000FF000000FF000000FF000000FF000000FF000000FF000000FF000000FF000000FF000000FF000000FF
310
000000FF000000FF000000FF000000FF000000FF000000FF000000FF000000FF000000FF000000FF000000FF000000FF000000FF000000FF000000FF000000FF000000FF000000FF000000FF000000FF000000FF000000FF000000FF000000FF000000FF000000FF000000FF000000FF000000FF000000FF000000FF000000
310
FF000000FF000000FF000000FF000000FF000000FF000000FF000000FF000000FF000000FF000000FF000000FF000000FF000000FF000000FF000000FF000000FF000000FF000000FF000000FF000000FF000000FF000000FF000000FF000000FF000000FF000000FF000000FF000000FF000000FF000000FF000000FF0000
310
00FF000000FF000000FF000000FF000000FF000000FF000000FF000000FF000000FF000000FF000000FF000000FF000000FF000000FF000000FF000000FF000000FF000000FFFFFFFFFFFFFFFFFFFFFFFFFFFFFFFFFFFFFFFFFFFFFFFFFFFFFFFFFF000000FF000000FF000000FF000000FF000000FF000000FF000000FF00
310
0000FF000000FF000000FF000000FF000000FF000000FF000000FF000000FF000000FF000000FFFFFFFFFFFFFFFFFF000000FF000000FF000000FF000000FF000000FFFFFFFFFFFFFFFFFFFFFFFFFFFFFFFFFFFFFFFFFFFFFFFFFFFFFFFFFFFFFFFFFFFFFFFFFFFFFFFFFFFFFFFFFFFFFFFFFFFFFFFFFFFFFFFFFFFFFFFFFF
310
FFFFFFFFFFFFFFFFFFFFFFFFFFFFFFFFFFFFFFFFFFFFFFFFFFFFFFFFFFFFFFFFFFFFFFFFFFFFFFFFFFFFFFFFFFFFFFFFFFFFFFFFFFFFFFFF000000FF000000FF000000FFFFFFFFFFFFFFFFFFFFFFFFFFFFFFFFFFFFFFFFFFFFFFFFFFFFFFFFFFFFFFFFFFFFFFFFFF000000FF000000FF000000FF000000FF000000FF000000
310
FF000000FF000000FF000000FF000000FF000000FF000000FF000000FF000000FF000000FF000000FF000000FF000000FF000000FF000000FF000000FF000000FF000000FF000000FFFFFFFFFFFFFFFFFFFFFFFFFFFFFFFFFFFFFFFFFFFFFFFFFFFFFFFFFFFFFFFFFF000000FF000000FF000000FF000000FF000000FF0000
310
00FF000000FF000000FF000000FF000000FF000000FF000000FF000000FF000000FF000000FF000000FF000000FF000000FF000000FF000000FF000000FF000000FF000000FF000000FF000000FF000000FF000000FF000000FF000000FF000000FF000000FF000000FF000000FF000000FF000000FF000000FF000000FF00
310
0000FF000000FF000000FF000000FF000000FF000000FF000000FF000000FF000000FF000000FF000000FF000000FF000000FF000000FF000000FF000000FF000000FF000000FF000000FF000000FF000000FF000000FF000000FF000000FF000000FF000000FF000000FF000000FF000000FF000000FF000000FF000000FF
310
000000FF000000FF000000FF000000FF000000FF000000FF000000FF000000FF000000FF000000FF000000FF000000FF000000FF000000FF000000FF000000FF000000FF000000FF000000FF000000FF000000FF000000FF000000FF000000FF000000FF000000FF000000FF000000FF000000FF000000FF000000FF000000
310
FF000000FF000000FF000000FF000000FF000000FF000000FF000000FF000000FF000000FF000000FF000000FF000000FF000000FF000000FF000000FF000000FF000000FF000000FF000000FF000000FF000000FF000000FF000000FF000000FF000000FF000000FF000000FF000000FF000000FF000000FF000000FF0000
310
00FF000000FF000000FF000000FF000000FF000000FF000000FF000000FF000000FF000000FF000000FF000000FF000000FF000000FF000000FF000000FF000000FF000000FF000000FF000000FF000000FF000000FF000000FF000000FF000000FF000000FF000000FF000000FF000000FF000000FF000000FF000000FF00
310
0000FF000000FF000000FF000000FF000000FF000000FF000000FF000000FF000000FF000000FF000000FF000000FF000000FF000000FF000000FF000000FF000000FF000000FF000000FF000000FF000000FF000000FF000000FF000000FF000000FF000000FF000000FF000000FF000000FF000000FF000000FF000000FF
310
000000FF000000FF000000FF000000FF000000FF000000FF000000FF000000FF000000FF000000FF000000FF000000FF000000FF000000FF000000FF000000FF000000FF000000FF000000FF000000FF000000FF000000FF000000FF000000FF000000FF000000FF000000FF000000FF000000FF000000FF000000FF000000
310
FF000000FF000000FF000000FF000000FF000000FF000000FF000000FF000000FF000000FF000000FF000000FF000000FF000000FF000000FF000000FF000000FF000000FF000000FF000000FF000000FF000000FF000000FF000000FF000000FF000000FF000000FF000000FF000000FF000000FF000000FF000000FF0000
310
00FF000000FF000000FF000000FF000000FF000000FF000000FF000000FF000000FF000000FF000000FF000000FF000000FF000000FF000000FF000000FF000000FF000000FF000000FF000000FF000000FF000000FF000000FF000000FF000000FF000000FF000000FF000000FF000000FF000000FF000000FF000000FF00
310
0000FF000000FF000000FF000000FF000000FF000000FF000000FF000000FF000000FF000000FF000000FF000000FF000000FF000000FF000000FF000000FF000000FF000000FF000000FF000000FF000000FF000000FF000000FF000000FF000000FF000000FF000000FF000000FF000000FF000000FF000000FF000000FF
310
000000FF000000FF000000FF000000FF000000FF000000FF000000FF000000FF000000FF000000FF000000FF000000FF000000FF000000FF000000FF000000FF000000FF000000FF000000FF000000FF000000FF000000FF000000FF000000FF000000FF000000FF000000FF000000FF000000FF000000FF000000FF000000
310
FF000000FF000000FF000000FF000000FF000000FF000000FF000000FF000000FF000000FF000000FF000000FF000000FF000000FF000000FF000000FF000000FF000000FF000000FF000000FF000000FF000000FF000000FF000000FF000000FF000000FF000000FF000000FF000000FF000000FF000000FF000000FF0000
310
00FF000000FF000000FF000000FF000000FF000000FF000000FF000000FF000000FF000000FF000000FF000000FF000000FF000000FF000000FF000000FF000000FF000000FF000000FF000000FF000000FF000000FF000000FF000000FF000000FF000000FF000000FF000000FF000000FF000000FF000000FF000000FF00
310
0000FF000000FF000000FF000000FF000000FF000000FF000000FF000000FF000000FF000000FF000000FF000000FF000000FF000000FF000000FF000000FF000000FF000000FF000000FF000000FF000000FF000000FF000000FF000000FF000000FF000000FF000000FF000000FF000000FF000000FF000000FF000000FF
310
000000FF000000FF000000FF000000FF000000FF000000FF000000FF000000FF000000FF000000FF000000FF000000FF000000FF000000FF000000FF000000FF000000FF000000FF
 70
     4
280
     1
281
     0
1001
AcDbBlockRepETag
1070
     1
1071
        7
1001
AcDbDynamicBlockTrueName
1000
TITLE BLOCK 1
1001
AcDbDynamicBlockGUID
1000
{3DC42934-2E3E-FB4D-BD98-4BA38794378E}
  0
BLOCK_RECORD
  5
289
330
1
100
AcDbSymbolTableRecord
100
AcDbBlockTableRecord
  2
_ArchTick
340
0
310

102
{BLKREFS
331
FDC1
331
FDC2
331
FDCC
331
FDCD
331
FDD5
331
FDD6
331
FDDE
331
FDDF
331
FDE7
331
FE78
331
FE80
331
FE81
331
FE89
331
FE8A
331
FE92
331
FE93
331
FE9B
331
FE9C
331
FEA4
331
FEA5
331
FEAD
331
FEAE
331
FEB6
331
FEB7
331
FEBF
331
FEC0
331
FEC8
331
FEC9
331
FED1
331
FED2
331
FEDA
331
FEDB
331
FEE3
331
FEE4
331
FEEC
331
FEED
331
FEF5
331
FEF6
331
FEFE
331
FEFF
331
FF07
331
FF08
331
FDE8
331
FDF0
331
FDF1
331
FDF9
331
FDFA
331
FE02
331
FE03
331
FE26
331
FE27
331
FE2F
331
FE30
331
FE38
331
FE39
331
FE41
331
FE42
331
FE4A
331
FE4B
331
FE53
331
FE54
331
FE5C
331
FE5D
331
FE65
331
FE66
331
FE6E
331
FE6F
331
FE77
331
10285
331
10286
331
1028E
331
1028F
331
10299
331
1029A
331
102A2
331
102A3
331
102AB
331
102AC
331
102B4
331
102B5
331
102BD
331
102BE
331
102C6
331
102C7
331
102CF
331
102D0
331
102D8
331
102D9
331
102E1
331
102E2
331
102EA
331
102EB
331
102F3
331
102F4
331
102FC
331
102FD
331
10305
331
10306
331
10208
331
1023B
331
1023C
331
10244
331
10245
331
1024D
331
1024E
331
10256
331
10257
331
1025F
331
10260
331
10268
331
10269
331
10271
331
10272
331
1027A
331
1027B
331
103A5
331
103A6
331
101DA
331
101DB
331
101E3
331
101E4
331
101EC
331
101ED
331
101FE
331
101FF
331
10207
102
}
 70
     0
280
     1
281
     0
  0
BLOCK_RECORD
  5
294
102
{ACAD_XDICTIONARY
360
295
102
}
330
1
100
AcDbSymbolTableRecord
100
AcDbBlockTableRecord
  2
JED-15018-A01-A-FP-TYP$0$lavator1
340
0
310

102
{BLKREFS
331
E972
331
E973
331
E97C
102
}
 70
     0
280
     1
281
     0
1001
AcDbDynamicBlockGUID
1000
{696BA149-A61D-41C4-AB41-CF4E4ADDFEDE}
  0
BLOCK_RECORD
  5
2CA
330
1
100
AcDbSymbolTableRecord
100
AcDbBlockTableRecord
  2
EVAKUO2
340
0
310
2800000020000000200000000100080000000000000400000000000000000000000000000000000000000000000080000080000000808000800000008000800080800000C0C0C000C0DCC000F0CAA6000020400000206000002080000020A0000020C0000020E00000400000004020000040400000406000004080000040A0
310
000040C0000040E00000600000006020000060400000606000006080000060A0000060C0000060E00000800000008020000080400000806000008080000080A0000080C0000080E00000A0000000A0200000A0400000A0600000A0800000A0A00000A0C00000A0E00000C0000000C0200000C0400000C0600000C0800000C0
310
A00000C0C00000C0E00000E0000000E0200000E0400000E0600000E0800000E0A00000E0C00000E0E00040000000400020004000400040006000400080004000A0004000C0004000E00040200000402020004020400040206000402080004020A0004020C0004020E000404000004040200040404000404060004040800040
310
40A0004040C0004040E00040600000406020004060400040606000406080004060A0004060C0004060E00040800000408020004080400040806000408080004080A0004080C0004080E00040A0000040A0200040A0400040A0600040A0800040A0A00040A0C00040A0E00040C0000040C0200040C0400040C0600040C08000
310
40C0A00040C0C00040C0E00040E0000040E0200040E0400040E0600040E0800040E0A00040E0C00040E0E00080000000800020008000400080006000800080008000A0008000C0008000E00080200000802020008020400080206000802080008020A0008020C0008020E00080400000804020008040400080406000804080
310
008040A0008040C0008040E00080600000806020008060400080606000806080008060A0008060C0008060E00080800000808020008080400080806000808080008080A0008080C0008080E00080A0000080A0200080A0400080A0600080A0800080A0A00080A0C00080A0E00080C0000080C0200080C0400080C0600080C0
310
800080C0A00080C0C00080C0E00080E0000080E0200080E0400080E0600080E0800080E0A00080E0C00080E0E000C0000000C0002000C0004000C0006000C0008000C000A000C000C000C000E000C0200000C0202000C0204000C0206000C0208000C020A000C020C000C020E000C0400000C0402000C0404000C0406000C0
310
408000C040A000C040C000C040E000C0600000C0602000C0604000C0606000C0608000C060A000C060C000C060E000C0800000C0802000C0804000C0806000C0808000C080A000C080C000C080E000C0A00000C0A02000C0A04000C0A06000C0A08000C0A0A000C0A0C000C0A0E000C0C00000C0C02000C0C04000C0C06000
310
C0C08000C0C0A000F0FBFF00A4A0A000808080000000FF0000FF000000FFFF00FF000000FF00FF00FFFF0000FFFFFF000000000000000000000000000000000000000000000000000000000000000000000000000000000000000000F9F9F9F9F9F9F9F900000000000000000000000000000000000000000000F9F9000000
310
0000000000F9F9000000000000000000000000000000000000F9F9000000000000000000000000F9F900000000000000000000000000000000F900000000F9F9F9F9F9F90000000000F90000000000000000000000000000F9000000F9F9000000000000F9F9000000F90000000000000000000000000000F90000F9000000
310
00000000000000F90000F900000000000000000000000000F90000F9000000000000000000000000F90000F9000000000000000000000000F90000F9000000000000000000000000F90000F9000000000000000000000000F90000F9000000000000000000000000F90000F9000000000000000000000000F90000F9000000
310
000000000000000000F90000F9000000000000000000000000F90000F9000000000000000000000000F90000F9000000000000000000000000F90000F9000000000000000000000000F90000F9000000000000000000000000F90000F9000000000000000000000000F90000F9000000000000000000000000F90000F90000
310
00000000000000000000F90000F9000000000000000000000000F90000F9000000000000000000000000F90000F9000000000000000000000000F90000F9000000000000F90000000000F90000F9000000000000000000000000F90000F900000000F9F9F90000000000F90000F9000000000000000000000000F90000F900
310
000000F9F9F9F900000000F90000F9000000000000000000000000F90000F9000000F9F9F9F9F9F9000000F90000F9000000000000000000000000F90000F900000000F9F9F9F900000000F90000F9000000000000000000000000F90000F90000000000F9F90000000000F90000F9000000000000000000000000F90000F9
310
000000000000000000000000F90000F9000000000000000000000000F90000F9F9F9F9F9F9F9F9F9F9F9F9F9F90000F9000000000000000000000000F9000000000000000000000000000000000000F9000000000000000000000000F9000000000000000000F90000000000000000F9000000000000000000000000F90000
310
0000000000F9F9F9F900000000000000F9000000000000000000000000F90000000000000000F9F90000000000000000F9000000000000000000000000F9000000000000000000F90000000000000000F9000000000000000000000000F9000000000000000000000000000000000000F9000000000000000000000000F9F9
310
F9F9F9F9F9F9F9F9F9F9F9F9F9F9F9F9F9F90000000000000000000000000000000000000000000000000000000000000000000000000000
102
{BLKREFS
331
E964
331
E9B7
331
E9DC
331
EA24
331
EA4C
102
}
 70
     4
280
     1
281
     0
  0
BLOCK_RECORD
  5
5879
330
1
100
AcDbSymbolTableRecord
100
AcDbBlockTableRecord
  2
AVE_RENDER
340
0
310

102
{BLKREFS
331
7647
331
7648
331
7649
331
764A
331
764B
331
764C
331
764D
331
764E
102
}
 70
     0
280
     1
281
     0
  0
BLOCK_RECORD
  5
587C
330
1
100
AcDbSymbolTableRecord
100
AcDbBlockTableRecord
  2
AVE_GLOBAL
340
0
310

102
{BLKREFS
331
764F
102
}
 70
     0
280
     1
281
     0
  0
BLOCK_RECORD
  5
587F
330
1
100
AcDbSymbolTableRecord
100
AcDbBlockTableRecord
  2
RM_SDB
340
0
310

102
{BLKREFS
331
7650
331
7669
331
7683
102
}
 70
     0
280
     1
281
     0
  0
BLOCK_RECORD
  5
5F01
102
{ACAD_XDICTIONARY
360
5F02
102
}
330
1
100
AcDbSymbolTableRecord
100
AcDbBlockTableRecord
  2
A$C79F26CD1
340
0
310

 70
     1
280
     1
281
     0
1001
AcDbBlockRepETag
1070
     1
1071
        6
1001
AcDbDynamicBlockTrueName
1000
A$C79F26CD1
1001
AcDbDynamicBlockGUID
1000
{5C5D48AB-9A43-2B46-9B1D-82797C5E1829}
  0
BLOCK_RECORD
  5
E97B
102
{ACAD_XDICTIONARY
360
E97E
102
}
330
1
100
AcDbSymbolTableRecord
100
AcDbBlockTableRecord
  2
A$C1c79727f
340
0
310

102
{BLKREFS
331
E982
331
E9B8
331
E9DD
331
EA25
331
EA4D
102
}
 70
     1
280
     1
281
     0
  0
BLOCK_RECORD
  5
E98C
102
{ACAD_XDICTIONARY
360
E992
102
}
330
1
100
AcDbSymbolTableRecord
100
AcDbBlockTableRecord
  2
A$Cc001395e
340
0
310

102
{BLKREFS
331
E996
331
E9C2
331
EA2F
102
}
 70
     1
280
     1
281
     0
  0
BLOCK_RECORD
  5
E9A6
102
{ACAD_XDICTIONARY
360
E9AF
102
}
330
1
100
AcDbSymbolTableRecord
100
AcDbBlockTableRecord
  2
*U401
340
0
310

102
{BLKREFS
331
E965
102
}
 70
     0
280
     1
281
     0
1001
AcDbBlockRepBTag
1070
     1
1005
5F01
  0
BLOCK_RECORD
  5
E9CB
102
{ACAD_XDICTIONARY
360
E9D4
102
}
330
1
100
AcDbSymbolTableRecord
100
AcDbBlockTableRecord
  2
*U402
340
0
310

102
{BLKREFS
331
E9C3
102
}
 70
     0
280
     1
281
     0
1001
AcDbBlockRepBTag
1070
     1
1005
5F01
  0
BLOCK_RECORD
  5
EA13
102
{ACAD_XDICTIONARY
360
EA1C
102
}
330
1
100
AcDbSymbolTableRecord
100
AcDbBlockTableRecord
  2
*U403
340
0
310

102
{BLKREFS
331
EA0B
102
}
 70
     0
280
     1
281
     0
1001
AcDbBlockRepBTag
1070
     1
1005
5F01
  0
BLOCK_RECORD
  5
EAA9
330
1
100
AcDbSymbolTableRecord
100
AcDbBlockTableRecord
  2
*D404
340
0
310

 70
     0
280
     1
281
     0
  0
BLOCK_RECORD
  5
EAC1
330
1
100
AcDbSymbolTableRecord
100
AcDbBlockTableRecord
  2
*D405
340
0
310

 70
     0
280
     1
281
     0
  0
BLOCK_RECORD
  5
EADD
330
1
100
AcDbSymbolTableRecord
100
AcDbBlockTableRecord
  2
*D406
340
0
310

 70
     0
280
     1
281
     0
  0
BLOCK_RECORD
  5
EAF5
330
1
100
AcDbSymbolTableRecord
100
AcDbBlockTableRecord
  2
*D407
340
0
310

 70
     0
280
     1
281
     0
  0
BLOCK_RECORD
  5
EB0D
330
1
100
AcDbSymbolTableRecord
100
AcDbBlockTableRecord
  2
*D408
340
0
310

 70
     0
280
     1
281
     0
  0
BLOCK_RECORD
  5
EB25
330
1
100
AcDbSymbolTableRecord
100
AcDbBlockTableRecord
  2
*D409
340
0
310

 70
     0
280
     1
281
     0
  0
BLOCK_RECORD
  5
EB3D
330
1
100
AcDbSymbolTableRecord
100
AcDbBlockTableRecord
  2
*D410
340
0
310

 70
     0
280
     1
281
     0
  0
BLOCK_RECORD
  5
EB55
330
1
100
AcDbSymbolTableRecord
100
AcDbBlockTableRecord
  2
*D411
340
0
310

 70
     0
280
     1
281
     0
  0
BLOCK_RECORD
  5
EB6D
330
1
100
AcDbSymbolTableRecord
100
AcDbBlockTableRecord
  2
*D412
340
0
310

 70
     0
280
     1
281
     0
  0
BLOCK_RECORD
  5
EB85
330
1
100
AcDbSymbolTableRecord
100
AcDbBlockTableRecord
  2
*D413
340
0
310

 70
     0
280
     1
281
     0
  0
BLOCK_RECORD
  5
EBA9
102
{ACAD_XDICTIONARY
360
EBB2
102
}
330
1
100
AcDbSymbolTableRecord
100
AcDbBlockTableRecord
  2
*U414
340
0
310

102
{BLKREFS
331
EBA1
102
}
 70
     0
280
     1
281
     0
1001
AcDbBlockRepBTag
1070
     1
1005
5F01
  0
BLOCK_RECORD
  5
EBCD
330
1
100
AcDbSymbolTableRecord
100
AcDbBlockTableRecord
  2
*D415
340
0
310

 70
     0
280
     1
281
     0
  0
BLOCK_RECORD
  5
EBE5
330
1
100
AcDbSymbolTableRecord
100
AcDbBlockTableRecord
  2
*D416
340
0
310

 70
     0
280
     1
281
     0
  0
BLOCK_RECORD
  5
EBFD
330
1
100
AcDbSymbolTableRecord
100
AcDbBlockTableRecord
  2
*D417
340
0
310

 70
     0
280
     1
281
     0
  0
BLOCK_RECORD
  5
EC15
330
1
100
AcDbSymbolTableRecord
100
AcDbBlockTableRecord
  2
*D418
340
0
310

 70
     0
280
     1
281
     0
  0
BLOCK_RECORD
  5
EC2D
330
1
100
AcDbSymbolTableRecord
100
AcDbBlockTableRecord
  2
*D419
340
0
310

 70
     0
280
     1
281
     0
  0
BLOCK_RECORD
  5
EC45
330
1
100
AcDbSymbolTableRecord
100
AcDbBlockTableRecord
  2
*D420
340
0
310

 70
     0
280
     1
281
     0
  0
BLOCK_RECORD
  5
EC5D
330
1
100
AcDbSymbolTableRecord
100
AcDbBlockTableRecord
  2
*D421
340
0
310

 70
     0
280
     1
281
     0
  0
BLOCK_RECORD
  5
EC6A
330
1
100
AcDbSymbolTableRecord
100
AcDbBlockTableRecord
  2
*D422
340
0
310

 70
     0
280
     1
281
     0
  0
BLOCK_RECORD
  5
EC82
330
1
100
AcDbSymbolTableRecord
100
AcDbBlockTableRecord
  2
*D423
340
0
310

 70
     0
280
     1
281
     0
  0
BLOCK_RECORD
  5
EC9A
330
1
100
AcDbSymbolTableRecord
100
AcDbBlockTableRecord
  2
*D424
340
0
310

 70
     0
280
     1
281
     0
  0
BLOCK_RECORD
  5
ECC4
330
1
100
AcDbSymbolTableRecord
100
AcDbBlockTableRecord
  2
*D425
340
0
310

 70
     0
280
     1
281
     0
  0
BLOCK_RECORD
  5
ECDC
330
1
100
AcDbSymbolTableRecord
100
AcDbBlockTableRecord
  2
*D426
340
0
310

 70
     0
280
     1
281
     0
  0
BLOCK_RECORD
  5
ECF4
330
1
100
AcDbSymbolTableRecord
100
AcDbBlockTableRecord
  2
*D427
340
0
310

 70
     0
280
     1
281
     0
  0
BLOCK_RECORD
  5
ED0C
330
1
100
AcDbSymbolTableRecord
100
AcDbBlockTableRecord
  2
*D428
340
0
310

 70
     0
280
     1
281
     0
  0
BLOCK_RECORD
  5
ED69
330
1
100
AcDbSymbolTableRecord
100
AcDbBlockTableRecord
  2
*D429
340
0
310

 70
     0
280
     1
281
     0
  0
BLOCK_RECORD
  5
ED9C
330
1
100
AcDbSymbolTableRecord
100
AcDbBlockTableRecord
  2
*D430
340
0
310

 70
     0
280
     1
281
     0
  0
BLOCK_RECORD
  5
EDB4
330
1
100
AcDbSymbolTableRecord
100
AcDbBlockTableRecord
  2
*D431
340
0
310

 70
     0
280
     1
281
     0
  0
BLOCK_RECORD
  5
EDC1
330
1
100
AcDbSymbolTableRecord
100
AcDbBlockTableRecord
  2
*D432
340
0
310

 70
     0
280
     1
281
     0
  0
BLOCK_RECORD
  5
EDD9
330
1
100
AcDbSymbolTableRecord
100
AcDbBlockTableRecord
  2
*D433
340
0
310

 70
     0
280
     1
281
     0
  0
BLOCK_RECORD
  5
EDF9
330
1
100
AcDbSymbolTableRecord
100
AcDbBlockTableRecord
  2
*D434
340
0
310

 70
     0
280
     1
281
     0
  0
BLOCK_RECORD
  5
EE11
330
1
100
AcDbSymbolTableRecord
100
AcDbBlockTableRecord
  2
*D435
340
0
310

 70
     0
280
     1
281
     0
  0
BLOCK_RECORD
  5
EE29
330
1
100
AcDbSymbolTableRecord
100
AcDbBlockTableRecord
  2
*D436
340
0
310

 70
     0
280
     1
281
     0
  0
BLOCK_RECORD
  5
EE41
330
1
100
AcDbSymbolTableRecord
100
AcDbBlockTableRecord
  2
*D437
340
0
310

 70
     0
280
     1
281
     0
  0
BLOCK_RECORD
  5
EE6D
330
1
100
AcDbSymbolTableRecord
100
AcDbBlockTableRecord
  2
*D438
340
0
310

 70
     0
280
     1
281
     0
  0
BLOCK_RECORD
  5
EE85
330
1
100
AcDbSymbolTableRecord
100
AcDbBlockTableRecord
  2
*D439
340
0
310

 70
     0
280
     1
281
     0
  0
BLOCK_RECORD
  5
EE9D
330
1
100
AcDbSymbolTableRecord
100
AcDbBlockTableRecord
  2
*D440
340
0
310

 70
     0
280
     1
281
     0
  0
BLOCK_RECORD
  5
EEB5
330
1
100
AcDbSymbolTableRecord
100
AcDbBlockTableRecord
  2
*D441
340
0
310

 70
     0
280
     1
281
     0
  0
BLOCK_RECORD
  5
EF07
330
1
100
AcDbSymbolTableRecord
100
AcDbBlockTableRecord
  2
*D442
340
0
310

 70
     0
280
     1
281
     0
  0
BLOCK_RECORD
  5
EF1F
330
1
100
AcDbSymbolTableRecord
100
AcDbBlockTableRecord
  2
*D443
340
0
310

 70
     0
280
     1
281
     0
  0
BLOCK_RECORD
  5
EF37
330
1
100
AcDbSymbolTableRecord
100
AcDbBlockTableRecord
  2
*D444
340
0
310

 70
     0
280
     1
281
     0
  0
BLOCK_RECORD
  5
EF4F
330
1
100
AcDbSymbolTableRecord
100
AcDbBlockTableRecord
  2
*D445
340
0
310

 70
     0
280
     1
281
     0
  0
BLOCK_RECORD
  5
EF67
330
1
100
AcDbSymbolTableRecord
100
AcDbBlockTableRecord
  2
*D446
340
0
310

 70
     0
280
     1
281
     0
  0
BLOCK_RECORD
  5
EF7F
330
1
100
AcDbSymbolTableRecord
100
AcDbBlockTableRecord
  2
*D447
340
0
310

 70
     0
280
     1
281
     0
  0
BLOCK_RECORD
  5
EF97
330
1
100
AcDbSymbolTableRecord
100
AcDbBlockTableRecord
  2
*D448
340
0
310

 70
     0
280
     1
281
     0
  0
BLOCK_RECORD
  5
EFEE
330
1
100
AcDbSymbolTableRecord
100
AcDbBlockTableRecord
  2
*D449
340
0
310

 70
     0
280
     1
281
     0
  0
BLOCK_RECORD
  5
F006
330
1
100
AcDbSymbolTableRecord
100
AcDbBlockTableRecord
  2
*D450
340
0
310

 70
     0
280
     1
281
     0
  0
BLOCK_RECORD
  5
F022
330
1
100
AcDbSymbolTableRecord
100
AcDbBlockTableRecord
  2
*D451
340
0
310

 70
     0
280
     1
281
     0
  0
BLOCK_RECORD
  5
F03A
330
1
100
AcDbSymbolTableRecord
100
AcDbBlockTableRecord
  2
*D452
340
0
310

 70
     0
280
     1
281
     0
  0
BLOCK_RECORD
  5
F056
330
1
100
AcDbSymbolTableRecord
100
AcDbBlockTableRecord
  2
*D453
340
0
310

 70
     0
280
     1
281
     0
  0
BLOCK_RECORD
  5
F080
330
1
100
AcDbSymbolTableRecord
100
AcDbBlockTableRecord
  2
*D454
340
0
310

 70
     0
280
     1
281
     0
  0
BLOCK_RECORD
  5
F098
330
1
100
AcDbSymbolTableRecord
100
AcDbBlockTableRecord
  2
*D455
340
0
310

 70
     0
280
     1
281
     0
  0
BLOCK_RECORD
  5
F0B9
330
1
100
AcDbSymbolTableRecord
100
AcDbBlockTableRecord
  2
*D456
340
0
310

 70
     0
280
     1
281
     0
  0
BLOCK_RECORD
  5
F0D1
330
1
100
AcDbSymbolTableRecord
100
AcDbBlockTableRecord
  2
*D457
340
0
310

 70
     0
280
     1
281
     0
  0
BLOCK_RECORD
  5
F0F2
330
1
100
AcDbSymbolTableRecord
100
AcDbBlockTableRecord
  2
*D458
340
0
310

 70
     0
280
     1
281
     0
  0
BLOCK_RECORD
  5
F10A
330
1
100
AcDbSymbolTableRecord
100
AcDbBlockTableRecord
  2
*D459
340
0
310

 70
     0
280
     1
281
     0
  0
BLOCK_RECORD
  5
F122
330
1
100
AcDbSymbolTableRecord
100
AcDbBlockTableRecord
  2
*D460
340
0
310

 70
     0
280
     1
281
     0
  0
BLOCK_RECORD
  5
FFCF
330
1
100
AcDbSymbolTableRecord
100
AcDbBlockTableRecord
  2
*D461
340
0
310

 70
     0
280
     1
281
     0
  0
BLOCK_RECORD
  5
FFE7
330
1
100
AcDbSymbolTableRecord
100
AcDbBlockTableRecord
  2
*D462
340
0
310

 70
     0
280
     1
281
     0
  0
BLOCK_RECORD
  5
FFFF
330
1
100
AcDbSymbolTableRecord
100
AcDbBlockTableRecord
  2
*D463
340
0
310

 70
     0
280
     1
281
     0
  0
BLOCK_RECORD
  5
100E8
330
1
100
AcDbSymbolTableRecord
100
AcDbBlockTableRecord
  2
*D464
340
0
310

 70
     0
280
     1
281
     0
  0
BLOCK_RECORD
  5
10100
330
1
100
AcDbSymbolTableRecord
100
AcDbBlockTableRecord
  2
*D465
340
0
310

 70
     0
280
     1
281
     0
  0
BLOCK_RECORD
  5
10140
330
1
100
AcDbSymbolTableRecord
100
AcDbBlockTableRecord
  2
*D466
340
0
310

 70
     0
280
     1
281
     0
  0
BLOCK_RECORD
  5
1031A
102
{ACAD_XDICTIONARY
360
10324
102
}
330
1
100
AcDbSymbolTableRecord
100
AcDbBlockTableRecord
  2
*U469
340
0
310

102
{BLKREFS
331
1022B
102
}
 70
     0
280
     1
281
     0
1001
AcDbBlockRepBTag
1070
     1
1005
274
  0
BLOCK_RECORD
  5
10347
102
{ACAD_XDICTIONARY
360
10351
102
}
330
1
100
AcDbSymbolTableRecord
100
AcDbBlockTableRecord
  2
*U470
340
0
310

102
{BLKREFS
331
10331
102
}
 70
     0
280
     1
281
     0
1001
AcDbBlockRepBTag
1070
     1
1005
274
  0
BLOCK_RECORD
  5
10396
330
1
100
AcDbSymbolTableRecord
100
AcDbBlockTableRecord
  2
*D475
340
0
310

 70
     0
280
     1
281
     0
  0
ENDTAB
  0
ENDSEC
  0
SECTION
  2
BLOCKS
  0
BLOCK
  5
20
330
1F
100
AcDbEntity
  8
0
100
AcDbBlockBegin
  2
*Model_Space
 70
     0
 10
0.0
 20
0.0
 30
0.0
  3
*Model_Space
  1

  0
ENDBLK
  5
21
330
1F
100
AcDbEntity
  8
0
100
AcDbBlockEnd
  0
BLOCK
  5
5A
330
58
100
AcDbEntity
 67
     1
  8
0
100
AcDbBlockBegin
  2
*Paper_Space
 70
     0
 10
0.0
 20
0.0
 30
0.0
  3
*Paper_Space
  1

  0
ENDBLK
  5
5B
330
58
100
AcDbEntity
 67
     1
  8
0
100
AcDbBlockEnd
  0
BLOCK
  5
5F
330
5D
100
AcDbEntity
  8
0
100
AcDbBlockBegin
  2
*Paper_Space0
 70
     0
 10
0.0
 20
0.0
 30
0.0
  3
*Paper_Space0
  1

  0
ENDBLK
  5
60
330
5D
100
AcDbEntity
  8
0
100
AcDbBlockEnd
  0
BLOCK
  5
280
330
274
100
AcDbEntity
  8
0
100
AcDbBlockBegin
  2
TITLE BLOCK 1
 70
     2
 10
0.0
 20
0.0
 30
0.0
  3
TITLE BLOCK 1
  1

  0
CIRCLE
  5
281
330
274
100
AcDbEntity
  8
0
100
AcDbCircle
 10
14.0625
 20
-1.77635683940025E-15
 30
0.0
 40
14.06250000000004
1001
AcDbBlockRepETag
1070
     1
1071
        0
1005
281
  0
CIRCLE
  5
282
330
274
100
AcDbEntity
  8
0
100
AcDbCircle
 10
14.0625
 20
-1.77635683940025E-15
 30
0.0
 40
14.0625
1001
AcDbBlockRepETag
1070
     1
1071
        1
1005
282
  0
LWPOLYLINE
  5
283
330
274
100
AcDbEntity
  8
A_TEXT
100
AcDbPolyline
 90
        2
 70
     0
 43
0.0
 10
28.12499999998238
 20
-1.77635683940025E-15
 10
229.5514109516591
 20
-1.77635683940025E-15
1001
AcDbBlockRepETag
1070
     1
1071
        2
1005
283
  0
ATTDEF
  5
284
330
274
100
AcDbEntity
  8
TILTLE BLOCK_1
100
AcDbText
 10
205.7942059295159
 20
-9.472728636159502
 30
6.943860294893451
 40
5.0
  1
1:00
  7
Standard
 72
     1
 11
212.5916138422035
 21
-6.972728636159502
 31
6.943860294893451
100
AcDbAttributeDefinition
280
     0
  3
1:00
  2
1:00
 70
     1
 74
     2
280
     0
1001
AcDbBlockRepETag
1070
     1
1071
        3
1005
0
  0
ATTDEF
  5
285
330
274
100
AcDbEntity
  8
A_TEXT
100
AcDbText
 10
14.0625
 20
-3.766509335539469
 30
0.0
 40
7.500000000000002
  1

  7
Standard
 72
     1
 11
14.0625
 21
-3.766509335539469
 31
0.0
100
AcDbAttributeDefinition
280
     0
  3

  2
NUMBER
 70
     1
280
     0
1001
AcDbBlockRepETag
1070
     1
1071
        4
1005
0
  0
ATTDEF
  5
286
330
274
100
AcDbEntity
  8
ara-TEXT
100
AcDbText
 10
31.81507717377144
 20
-9.472728636159504
 30
0.0
 40
5.000000000000001
  1

  7
Standard
 11
0.0
 21
0.0
 31
0.0
100
AcDbAttributeDefinition
280
     0
  3

  2
SCALE
 70
     1
280
     0
1001
AcDbBlockRepETag
1070
     1
1071
        5
1005
0
  0
ATTDEF
  5
287
330
274
100
AcDbEntity
  8
A_TEXT
100
AcDbText
 10
31.24999999998238
 20
3.124999999999998
 30
0.0
 40
7.500000000000002
  1

  7
Standard
 11
0.0
 21
0.0
 31
0.0
100
AcDbAttributeDefinition
280
     0
  3

  2
NAME
 70
     1
280
     0
1001
AcDbBlockRepETag
1070
     1
1071
        6
1005
0
  0
ENDBLK
  5
288
330
274
100
AcDbEntity
  8
0
100
AcDbBlockEnd
  0
BLOCK
  5
28A
330
289
100
AcDbEntity
  8
0
100
AcDbBlockBegin
  2
_ArchTick
 70
     0
 10
0.0
 20
0.0
 30
0.0
  3
_ArchTick
  1

  0
LWPOLYLINE
  5
28B
330
289
100
AcDbEntity
  8
0
  6
ByBlock
 62
     0
100
AcDbPolyline
 90
        2
 70
     0
 43
0.15
 43
0.15
 10
-0.5
 20
-0.5
 10
0.5
 20
0.5
  0
ENDBLK
  5
28C
330
289
100
AcDbEntity
  8
0
100
AcDbBlockEnd
  0
BLOCK
  5
297
330
294
100
AcDbEntity
  8
0
100
AcDbBlockBegin
  2
JED-15018-A01-A-FP-TYP$0$lavator1
 70
     0
 10
0.0
 20
0.0
 30
0.0
  3
JED-15018-A01-A-FP-TYP$0$lavator1
  1

  0
ARC
  5
298
330
294
100
AcDbEntity
  8
0
100
AcDbCircle
 10
2.273736754432321E-13
 20
-20.13017900000068
 30
0.0
 40
22.755179
100
AcDbArc
 50
67.38274299991076
 51
112.6172570000893
  0
ARC
  5
299
330
294
100
AcDbEntity
  8
0
100
AcDbCircle
 10
-0.5571030000000974
 20
0.02808099999856495
 30
0.0
 40
8.057871999999998
100
AcDbArc
 50
229.6354629997284
 51
250.6037749997292
  0
ARC
  5
29A
330
294
100
AcDbEntity
  8
0
100
AcDbCircle
 10
-0.5571030000000974
 20
-3.278081000000384
 30
0.0
 40
10.057872
100
AcDbArc
 50
109.3962250002708
 51
130.3645370002716
  0
ARC
  5
29B
330
294
100
AcDbEntity
  8
0
100
AcDbCircle
 10
-0.5571030000000974
 20
0.02808099999856495
 30
0.0
 40
10.057872
100
AcDbArc
 50
229.6354629997284
 51
250.6037749997292
  0
ARC
  5
29C
330
294
100
AcDbEntity
  8
0
100
AcDbCircle
 10
-0.5571030000000974
 20
-3.278081000000384
 30
0.0
 40
9.307872
100
AcDbArc
 50
109.3962250002708
 51
130.3645370002716
  0
ARC
  5
29D
330
294
100
AcDbEntity
  8
0
100
AcDbCircle
 10
-0.5571030000000974
 20
0.02808099999856495
 30
0.0
 40
9.307872
100
AcDbArc
 50
229.6354629997284
 51
250.6037749997292
  0
ARC
  5
29E
330
294
100
AcDbEntity
  8
0
100
AcDbCircle
 10
-1.413985000000139
 20
-2.269984000000477
 30
0.0
 40
6.734805999999998
100
AcDbArc
 50
145.6531929999782
 51
154.0195589998973
  0
ARC
  5
29F
330
294
100
AcDbEntity
  8
0
100
AcDbCircle
 10
-2.737544999999955
 20
-1.625000000000909
 30
0.0
 40
5.262455
100
AcDbArc
 50
154.0195589998973
 51
180.0
  0
ARC
  5
2A0
330
294
100
AcDbEntity
  8
0
100
AcDbCircle
 10
-2.737544999999955
 20
-1.625000000000909
 30
0.0
 40
5.262455
100
AcDbArc
 50
180.0
 51
205.9804410001027
  0
ARC
  5
2A1
330
294
100
AcDbEntity
  8
0
100
AcDbCircle
 10
-1.413985000000139
 20
-0.980016000001342
 30
0.0
 40
6.734805999999998
100
AcDbArc
 50
205.9804410001027
 51
229.6354629997284
  0
ARC
  5
2A2
330
294
100
AcDbEntity
  8
0
100
AcDbCircle
 10
-1.413985000000139
 20
-2.269984000000477
 30
0.0
 40
8.734805999999997
100
AcDbArc
 50
130.3645370002716
 51
154.0195589998973
  0
ARC
  5
2A3
330
294
100
AcDbEntity
  8
0
100
AcDbCircle
 10
-2.737544999999955
 20
-1.625000000000909
 30
0.0
 40
7.262455
100
AcDbArc
 50
154.0195589998973
 51
180.0
  0
ARC
  5
2A4
330
294
100
AcDbEntity
  8
0
100
AcDbCircle
 10
-2.737544999999955
 20
-1.625000000000909
 30
0.0
 40
7.262455
100
AcDbArc
 50
180.0
 51
205.9804410001027
  0
ARC
  5
2A5
330
294
100
AcDbEntity
  8
0
100
AcDbCircle
 10
-1.413985000000139
 20
-0.980016000001342
 30
0.0
 40
8.734805999999997
100
AcDbArc
 50
205.9804410001027
 51
229.6354629997284
  0
ARC
  5
2A6
330
294
100
AcDbEntity
  8
0
100
AcDbCircle
 10
-1.413985000000139
 20
-2.269984000000477
 30
0.0
 40
7.984805999999997
100
AcDbArc
 50
130.3645370002716
 51
154.0195589998973
  0
ARC
  5
2A7
330
294
100
AcDbEntity
  8
0
100
AcDbCircle
 10
-2.737544999999955
 20
-1.625000000000909
 30
0.0
 40
6.512454999999999
100
AcDbArc
 50
154.0195589998973
 51
180.0
  0
ARC
  5
2A8
330
294
100
AcDbEntity
  8
0
100
AcDbCircle
 10
-2.737544999999955
 20
-1.625000000000909
 30
0.0
 40
6.512454999999999
100
AcDbArc
 50
180.0
 51
205.9804410001027
  0
ARC
  5
2A9
330
294
100
AcDbEntity
  8
0
100
AcDbCircle
 10
-1.413985000000139
 20
-0.980016000001342
 30
0.0
 40
7.984805999999997
100
AcDbArc
 50
205.9804410001027
 51
229.6354629997284
  0
ARC
  5
2AA
330
294
100
AcDbEntity
  8
0
100
AcDbCircle
 10
0.5571030000000974
 20
-3.278081000000384
 30
0.0
 40
10.057872
100
AcDbArc
 50
49.63546299972846
 51
70.60377499972923
  0
ARC
  5
2AB
330
294
100
AcDbEntity
  8
0
100
AcDbCircle
 10
0.5571030000000974
 20
-3.278081000000384
 30
0.0
 40
9.307872
100
AcDbArc
 50
49.63546299972846
 51
70.60377499972923
  0
ARC
  5
2AC
330
294
100
AcDbEntity
  8
0
100
AcDbCircle
 10
2.737545000000409
 20
-1.625
 30
0.0
 40
7.262455
100
AcDbArc
 50
0.0
 51
25.98044100010269
  0
ARC
  5
2AD
330
294
100
AcDbEntity
  8
0
100
AcDbCircle
 10
1.413984999999684
 20
-2.269984000000477
 30
0.0
 40
8.734805999999997
100
AcDbArc
 50
25.98044100010269
 51
49.63546299972846
  0
ARC
  5
2AE
330
294
100
AcDbEntity
  8
0
100
AcDbCircle
 10
2.737545000000409
 20
-1.625
 30
0.0
 40
7.262455
100
AcDbArc
 50
334.0195589998974
 51
0.0
  0
ARC
  5
2AF
330
294
100
AcDbEntity
  8
0
100
AcDbCircle
 10
2.737545000000409
 20
-1.625
 30
0.0
 40
6.512454999999999
100
AcDbArc
 50
0.0
 51
25.98044100010269
  0
ARC
  5
2B0
330
294
100
AcDbEntity
  8
0
100
AcDbCircle
 10
2.737545000000409
 20
-1.625
 30
0.0
 40
6.512454999999999
100
AcDbArc
 50
334.0195589998974
 51
0.0
  0
ARC
  5
2B1
330
294
100
AcDbEntity
  8
0
100
AcDbCircle
 10
1.413985000000139
 20
-0.9800160000004325
 30
0.0
 40
8.734805999999997
100
AcDbArc
 50
310.3645370002715
 51
334.0195589998974
  0
LWPOLYLINE
  5
2B2
330
294
100
AcDbEntity
  8
0
100
AcDbPolyline
 90
        2
 70
     0
 43
0.0
 10
0.0
 20
-9.375
 10
0.0
 20
-10.12500000000091
  0
ARC
  5
2B3
330
294
100
AcDbEntity
  8
0
100
AcDbCircle
 10
-0.04618399999981193
 20
1.610391999999592
 30
0.0
 40
9.735391999999999
100
AcDbArc
 50
270.0
 51
289.3962250002708
  0
CIRCLE
  5
2B4
330
294
100
AcDbEntity
  8
0
100
AcDbCircle
 10
0.0
 20
-9.094947017729282E-13
 30
0.0
 40
1.0
  0
CIRCLE
  5
2B5
330
294
100
AcDbEntity
  8
0
100
AcDbCircle
 10
0.0
 20
-9.094947017729282E-13
 30
0.0
 40
0.75
  0
ARC
  5
2B6
330
294
100
AcDbEntity
  8
0
100
AcDbCircle
 10
0.0
 20
1.610391999999592
 30
0.0
 40
9.735391999999999
100
AcDbArc
 50
250.6037749997292
 51
270.0
  0
ARC
  5
2B7
330
294
100
AcDbEntity
  8
0
100
AcDbCircle
 10
0.5571030000000974
 20
0.02808099999856495
 30
0.0
 40
8.057871999999998
100
AcDbArc
 50
289.3962250002708
 51
310.3645370002715
  0
ARC
  5
2B8
330
294
100
AcDbEntity
  8
0
100
AcDbCircle
 10
1.413985000000139
 20
-0.9800160000004325
 30
0.0
 40
6.734805999999998
100
AcDbArc
 50
310.3645370002715
 51
334.0195589998974
  0
ARC
  5
2B9
330
294
100
AcDbEntity
  8
0
100
AcDbCircle
 10
2.737545000000409
 20
-1.625
 30
0.0
 40
5.262455
100
AcDbArc
 50
334.0195589998974
 51
0.0
  0
ARC
  5
2BA
330
294
100
AcDbEntity
  8
0
100
AcDbCircle
 10
0.0
 20
1.610391999999592
 30
0.0
 40
11.735392
100
AcDbArc
 50
250.6037749997292
 51
270.0
  0
ARC
  5
2BB
330
294
100
AcDbEntity
  8
0
100
AcDbCircle
 10
0.0
 20
1.610391999999592
 30
0.0
 40
11.735392
100
AcDbArc
 50
270.0
 51
289.3962250002708
  0
ARC
  5
2BC
330
294
100
AcDbEntity
  8
0
100
AcDbCircle
 10
0.5571030000000974
 20
0.02808099999856495
 30
0.0
 40
10.057872
100
AcDbArc
 50
289.3962250002708
 51
310.3645370002715
  0
ARC
  5
2BD
330
294
100
AcDbEntity
  8
0
100
AcDbCircle
 10
1.413984999999684
 20
-2.269984000000477
 30
0.0
 40
7.984805999999997
100
AcDbArc
 50
25.98044100010269
 51
49.63546299972846
  0
ARC
  5
2BE
330
294
100
AcDbEntity
  8
0
100
AcDbCircle
 10
0.0
 20
1.610391999999592
 30
0.0
 40
10.985392
100
AcDbArc
 50
250.6037749997292
 51
270.0
  0
ARC
  5
2BF
330
294
100
AcDbEntity
  8
0
100
AcDbCircle
 10
0.0
 20
1.610391999999592
 30
0.0
 40
10.985392
100
AcDbArc
 50
270.0
 51
289.3962250002708
  0
ARC
  5
2C0
330
294
100
AcDbEntity
  8
0
100
AcDbCircle
 10
0.5571030000000974
 20
0.02808099999856495
 30
0.0
 40
9.307872
100
AcDbArc
 50
289.3962250002708
 51
310.3645370002715
  0
ARC
  5
2C1
330
294
100
AcDbEntity
  8
0
100
AcDbCircle
 10
1.413985000000139
 20
-0.9800160000004325
 30
0.0
 40
7.984805999999997
100
AcDbArc
 50
310.3645370002715
 51
334.0195589998974
  0
ARC
  5
2C2
330
294
100
AcDbEntity
  8
0
100
AcDbCircle
 10
2.737545000000409
 20
-1.625
 30
0.0
 40
5.262455
100
AcDbArc
 50
0.0
 51
25.98044100010269
  0
ARC
  5
2C3
330
294
100
AcDbEntity
  8
0
100
AcDbCircle
 10
1.413984999999684
 20
-2.269984000000477
 30
0.0
 40
6.734805999999998
100
AcDbArc
 50
25.98044100010269
 51
34.34680700002179
  0
LINE
  5
2C4
330
294
100
AcDbEntity
  8
0
100
AcDbLine
 10
0.0
 20
6.124999999999091
 30
0.0
 11
0.0
 21
6.874999999999091
 31
0.0
  0
ARC
  5
2C5
330
294
100
AcDbEntity
  8
0
100
AcDbCircle
 10
0.0
 20
-4.860392000000502
 30
0.0
 40
11.735392
100
AcDbArc
 50
70.60377499972923
 51
90.0
  0
ARC
  5
2C6
330
294
100
AcDbEntity
  8
0
100
AcDbCircle
 10
0.0
 20
-4.860392000000502
 30
0.0
 40
11.735392
100
AcDbArc
 50
90.0
 51
109.3962250002708
  0
ARC
  5
2C7
330
294
100
AcDbEntity
  8
0
100
AcDbCircle
 10
0.0
 20
-4.860392000000502
 30
0.0
 40
10.985392
100
AcDbArc
 50
70.60377499972923
 51
90.0
  0
ARC
  5
2C8
330
294
100
AcDbEntity
  8
0
100
AcDbCircle
 10
0.0
 20
-4.860392000000502
 30
0.0
 40
10.985392
100
AcDbArc
 50
90.0
 51
109.3962250002708
  0
ENDBLK
  5
2C9
330
294
100
AcDbEntity
  8
0
100
AcDbBlockEnd
  0
BLOCK
  5
2CB
330
2CA
100
AcDbEntity
  8
0
 48
0.15
100
AcDbBlockBegin
  2
EVAKUO2
 70
     0
 10
0.0
 20
0.0
 30
0.0
  3
EVAKUO2
  1

  0
LINE
  5
2CC
330
2CA
100
AcDbEntity
  8
A-FIXTURES
100
AcDbLine
 10
24.50000000008731
 20
-60.46593045319605
 30
0.0
 11
-24.49999999991269
 21
-60.46593045319605
 31
0.0
  0
LINE
  5
2CD
330
2CA
100
AcDbEntity
  8
A-FIXTURES
100
AcDbLine
 10
8.731149137020111E-11
 20
-35.21593045319605
 30
0.0
 11
8.731149137020111E-11
 21
-84.96593045319605
 31
0.0
  0
LINE
  5
2CE
330
2CA
100
AcDbEntity
  8
A-FIXTURES
100
AcDbLine
 10
46.43721578485565
 20
-207.1959468519344
 30
0.0
 11
-46.43721578479744
 21
-207.1959468519344
 31
0.0
  0
CIRCLE
  5
2CF
330
2CA
100
AcDbEntity
  8
A-FIXTURES
100
AcDbCircle
 10
2.91038304567337E-11
 20
-207.1959468519344
 30
0.0
 40
26.0
  0
CIRCLE
  5
2D0
330
2CA
100
AcDbEntity
  8
A-FIXTURES
100
AcDbCircle
 10
2.91038304567337E-11
 20
-207.1959468519344
 30
0.0
 40
37.5
  0
LINE
  5
2D1
330
2CA
100
AcDbEntity
  8
A-FIXTURES
100
AcDbLine
 10
2.91038304567337E-11
 20
-160.7587310671224
 30
0.0
 11
2.91038304567337E-11
 21
-253.6331626367464
 31
0.0
  0
CIRCLE
  5
2D2
330
2CA
100
AcDbEntity
  8
A-FIXTURES
100
AcDbCircle
 10
8.731149137020111E-11
 20
-60.46593045319605
 30
0.0
 40
17.5
  0
LWPOLYLINE
  5
2D3
330
2CA
100
AcDbEntity
  8
A-FIXTURES
100
AcDbPolyline
 90
        8
 70
     1
 43
0.0
 10
-179.9999999999709
 20
-418.9864253997657
 42
0.0
 10
-179.9999999999709
 20
-6.999999999985448
 42
-0.4142135623731192
 10
-172.9999999999709
 20
1.455191522836685E-11
 42
0.0
 10
173.0
 20
-1.455191522836685E-11
 42
-0.414213562373095
 10
180.0
 20
-7.000000000014552
 42
0.0
 10
180.0000000000582
 20
-418.9864253997657
 42
-0.4142135623731346
 10
60.00000000005821
 20
-538.9864253997948
 42
0.0
 10
-59.9999999999709
 20
-538.9864253997657
 42
-0.414213562373095
  0
LWPOLYLINE
  5
2D4
330
2CA
100
AcDbEntity
  8
A-FIXTURES
100
AcDbPolyline
 90
        8
 70
     1
 43
0.0
 10
-129.9999999999709
 20
-388.9864253997366
 42
0.0
 10
-129.9999999999709
 20
-131.9454355065973
 42
-0.4142135623731278
 10
-119.9999999999709
 20
-121.9454355065973
 42
0.0
 10
120.0000000000291
 20
-121.9454355065973
 42
-0.414213562373032
 10
130.0000000000291
 20
-131.9454355065973
 42
0.0
 10
130.0000000000873
 20
-388.9864253997657
 42
-0.4142135623732251
 10
30.00000000005821
 20
-488.9864253997657
 42
0.0
 10
-30.0
 20
-488.9864253997366
 42
-0.414213562373024
  0
ENDBLK
  5
2D5
330
2CA
100
AcDbEntity
  8
0
 48
0.15
100
AcDbBlockEnd
  0
BLOCK
  5
587A
330
5879
100
AcDbEntity
  8
ASHADE
100
AcDbBlockBegin
  2
AVE_RENDER
 70
     0
 10
0.0
 20
0.0
 30
0.0
  3
AVE_RENDER
  1
AVE_RENDER
  0
ENDBLK
  5
587B
330
5879
100
AcDbEntity
  8
0
100
AcDbBlockEnd
  0
BLOCK
  5
587D
330
587C
100
AcDbEntity
  8
ASHADE
100
AcDbBlockBegin
  2
AVE_GLOBAL
 70
     0
 10
0.0
 20
0.0
 30
0.0
  3
AVE_GLOBAL
  1
AVE_GLOBAL
  0
ENDBLK
  5
587E
330
587C
100
AcDbEntity
  8
0
100
AcDbBlockEnd
  0
BLOCK
  5
5880
330
587F
100
AcDbEntity
  8
ASHADE
100
AcDbBlockBegin
  2
RM_SDB
 70
     2
 10
0.0
 20
0.0
 30
0.0
  3
RM_SDB
  1
RM_SDB
  0
ATTDEF
  5
5881
330
587F
100
AcDbEntity
  8
ASHADE
  6
Continuous
 62
     1
100
AcDbText
 10
1.110223024625157E-16
 20
-0.15
 30
1.364671721980349E-17
 40
0.2
  1

  7
ASHADE
 72
     1
 11
1.110223024625157E-16
 21
-0.15
 31
1.364671721980349E-17
100
AcDbAttributeDefinition
280
     0
  3
Name
  2
NAME
 70
     1
280
     0
  0
ATTDEF
  5
5882
330
587F
100
AcDbEntity
  8
ASHADE
  6
Continuous
 62
     7
100
AcDbText
 10
-0.1499999999999999
 20
-0.3849999999999998
 30
1.364671721980349E-17
 40
0.01
  1
0.0
  7
Standard
 11
0.0
 21
0.0
 31
1.364671721980349E-17
100
AcDbAttributeDefinition
280
     0
  3
Displacement Bounds
  2
DBOUND
 70
     1
280
     0
  0
ATTDEF
  5
5883
330
587F
100
AcDbEntity
  8
ASHADE
  6
Continuous
 62
     7
100
AcDbText
 10
-0.1499999999999999
 20
-0.49
 30
1.364671721980349E-17
 40
0.01
  1
0 0 1 0 0 1 1 1
  7
Standard
 11
0.0
 21
0.0
 31
1.364671721980349E-17
100
AcDbAttributeDefinition
280
     0
  3
Texture Map Coordinates
  2
TCOORD
 70
     1
280
     0
  0
ATTDEF
  5
5884
330
587F
100
AcDbEntity
  8
ASHADE
  6
Continuous
 62
     7
100
AcDbText
 10
-0.15
 20
-0.4752404735808357
 30
0.0
 40
0.01
  1

  7
Standard
 11
0.0
 21
0.0
 31
0.0
100
AcDbAttributeDefinition
280
     0
  3
Atmosphere Parameters 4
  2
ATMO4
 70
     1
280
     0
  0
ATTDEF
  5
5885
330
587F
100
AcDbEntity
  8
ASHADE
  6
Continuous
 62
     7
100
AcDbText
 10
-0.15
 20
-0.4602404735808357
 30
0.0
 40
0.01
  1

  7
Standard
 11
0.0
 21
0.0
 31
0.0
100
AcDbAttributeDefinition
280
     0
  3
Atmosphere Parameters 3
  2
ATMO3
 70
     1
280
     0
  0
ATTDEF
  5
5886
330
587F
100
AcDbEntity
  8
ASHADE
  6
Continuous
 62
     7
100
AcDbText
 10
-0.15
 20
-0.4452404735808357
 30
0.0
 40
0.01
  1

  7
Standard
 11
0.0
 21
0.0
 31
0.0
100
AcDbAttributeDefinition
280
     0
  3
Atmosphere Parameters 2
  2
ATMO2
 70
     1
280
     0
  0
ATTDEF
  5
5887
330
587F
100
AcDbEntity
  8
ASHADE
  6
Continuous
 62
     7
100
AcDbText
 10
-0.15
 20
-0.4302404735808357
 30
0.0
 40
0.01
  1

  7
Standard
 11
0.0
 21
0.0
 31
0.0
100
AcDbAttributeDefinition
280
     0
  3
Atmosphere Parameters 1
  2
ATMO1
 70
     1
280
     0
  0
ATTDEF
  5
5888
330
587F
100
AcDbEntity
  8
ASHADE
  6
Continuous
 62
     7
100
AcDbText
 10
-0.1499999999999999
 20
-0.415
 30
1.364671721980349E-17
 40
0.01
  1
("" "")
  7
Standard
 11
0.0
 21
0.0
 31
1.364671721980349E-17
100
AcDbAttributeDefinition
280
     0
  3
Atmosphere Shader
  2
ATMOSPHERE
 70
     1
280
     0
  0
ATTDEF
  5
5889
330
587F
100
AcDbEntity
  8
ASHADE
  6
Continuous
 62
     7
100
AcDbText
 10
-0.1499999999999999
 20
-0.4
 30
1.364671721980349E-17
 40
0.01
  1
0
  7
Standard
 11
0.0
 21
0.0
 31
1.364671721980349E-17
100
AcDbAttributeDefinition
280
     0
  3
Smooth Surface
  2
SMOOTH
 70
     1
280
     0
  0
ATTDEF
  5
588A
330
587F
100
AcDbEntity
  8
ASHADE
  6
Continuous
 62
     7
100
AcDbText
 10
-0.1499999999999999
 20
-0.3699999999999999
 30
1.364671721980349E-17
 40
0.01
  1

  7
Standard
 11
0.0
 21
0.0
 31
1.364671721980349E-17
100
AcDbAttributeDefinition
280
     0
  3
Displacement Parameters 4
  2
DISP4
 70
     1
280
     0
  0
ATTDEF
  5
588B
330
587F
100
AcDbEntity
  8
ASHADE
  6
Continuous
 62
     7
100
AcDbText
 10
-0.1499999999999999
 20
-0.355
 30
1.364671721980349E-17
 40
0.01
  1

  7
Standard
 11
0.0
 21
0.0
 31
1.364671721980349E-17
100
AcDbAttributeDefinition
280
     0
  3
Displacement Parameters 3
  2
DISP3
 70
     1
280
     0
  0
ATTDEF
  5
588C
330
587F
100
AcDbEntity
  8
ASHADE
  6
Continuous
 62
     7
100
AcDbText
 10
-0.1499999999999999
 20
-0.34
 30
1.364671721980349E-17
 40
0.01
  1

  7
Standard
 11
0.0
 21
0.0
 31
1.364671721980349E-17
100
AcDbAttributeDefinition
280
     0
  3
Displacement Parameters 2
  2
DISP2
 70
     1
280
     0
  0
ATTDEF
  5
588D
330
587F
100
AcDbEntity
  8
ASHADE
  6
Continuous
 62
     7
100
AcDbText
 10
-0.1499999999999999
 20
-0.325
 30
1.364671721980349E-17
 40
0.01
  1

  7
Standard
 11
0.0
 21
0.0
 31
1.364671721980349E-17
100
AcDbAttributeDefinition
280
     0
  3
Displacement Parameters 1
  2
DISP1
 70
     1
280
     0
  0
ATTDEF
  5
588E
330
587F
100
AcDbEntity
  8
ASHADE
  6
Continuous
 62
     7
100
AcDbText
 10
-0.1499999999999999
 20
-0.31
 30
1.364671721980349E-17
 40
0.01
  1
("nulldisp" "")
  7
Standard
 11
0.0
 21
0.0
 31
1.364671721980349E-17
100
AcDbAttributeDefinition
280
     0
  3
Displacement Shader
  2
DISPLACEMENT
 70
     1
280
     0
  0
ATTDEF
  5
588F
330
587F
100
AcDbEntity
  8
ASHADE
  6
Continuous
 62
     7
100
AcDbText
 10
-0.1499999999999999
 20
-0.295
 30
1.364671721980349E-17
 40
0.01
  1
-1
  7
Standard
 11
0.0
 21
0.0
 31
1.364671721980349E-17
100
AcDbAttributeDefinition
280
     0
  3
Shading Rate
  2
SHADINGRATE
 70
     1
280
     0
  0
ATTDEF
  5
5890
330
587F
100
AcDbEntity
  8
ASHADE
  6
Continuous
 62
     7
100
AcDbText
 10
-0.1499999999999999
 20
-0.2799999999999999
 30
1.364671721980349E-17
 40
0.01
  1

  7
Standard
 11
0.0
 21
0.0
 31
1.364671721980349E-17
100
AcDbAttributeDefinition
280
     0
  3
Surface Parameters 4
  2
SURF4
 70
     1
280
     0
  0
ATTDEF
  5
5891
330
587F
100
AcDbEntity
  8
ASHADE
  6
Continuous
 62
     7
100
AcDbText
 10
-0.1499999999999999
 20
-0.265
 30
1.364671721980349E-17
 40
0.01
  1

  7
Standard
 11
0.0
 21
0.0
 31
1.364671721980349E-17
100
AcDbAttributeDefinition
280
     0
  3
Surface Parameters 3
  2
SURF3
 70
     1
280
     0
  0
ATTDEF
  5
5892
330
587F
100
AcDbEntity
  8
ASHADE
  6
Continuous
 62
     7
100
AcDbText
 10
-0.1499999999999999
 20
-0.25
 30
1.364671721980349E-17
 40
0.01
  1

  7
Standard
 11
0.0
 21
0.0
 31
1.364671721980349E-17
100
AcDbAttributeDefinition
280
     0
  3
Surface Parameters 2
  2
SURF2
 70
     1
280
     0
  0
ATTDEF
  5
5893
330
587F
100
AcDbEntity
  8
ASHADE
  6
Continuous
 62
     7
100
AcDbText
 10
-0.1499999999999999
 20
-0.235
 30
1.364671721980349E-17
 40
0.01
  1

  7
Standard
 11
0.0
 21
0.0
 31
1.364671721980349E-17
100
AcDbAttributeDefinition
280
     0
  3
Surface Parameters 1
  2
SURF1
 70
     1
280
     0
  0
ATTDEF
  5
5894
330
587F
100
AcDbEntity
  8
ASHADE
  6
Continuous
 62
     7
100
AcDbText
 10
-0.1499999999999999
 20
-0.22
 30
1.364671721980349E-17
 40
0.01
  1
("nullsurf" "")
  7
Standard
 11
0.0
 21
0.0
 31
1.364671721980349E-17
100
AcDbAttributeDefinition
280
     0
  3
Surface Shader
  2
SURFACE
 70
     1
280
     0
  0
ATTDEF
  5
5895
330
587F
100
AcDbEntity
  8
ASHADE
  6
Continuous
 62
     7
100
AcDbText
 10
-0.1499999999999999
 20
-0.205
 30
1.364671721980349E-17
 40
0.01
  1
1,1,1
  7
Standard
 11
0.0
 21
0.0
 31
1.364671721980349E-17
100
AcDbAttributeDefinition
280
     0
  3
Opacity
  2
OPACITY
 70
     1
280
     0
  0
ATTDEF
  5
5896
330
587F
100
AcDbEntity
  8
ASHADE
  6
Continuous
 62
     7
100
AcDbText
 10
-0.1499999999999999
 20
-0.1899999999999999
 30
1.364671721980349E-17
 40
0.01
  1
-1,-1,-1
  7
Standard
 11
0.0
 21
0.0
 31
1.364671721980349E-17
100
AcDbAttributeDefinition
280
     0
  3
RGB Color
  2
COLOR
 70
     1
280
     0
  0
ATTDEF
  5
5897
330
587F
100
AcDbEntity
  8
ASHADE
  6
Continuous
 62
     1
100
AcDbText
 10
0.2300000000000001
 20
-0.4750000000000001
 30
2.356913221448348E-16
 40
0.1000000000000001
  1
-1
  7
ASHADE
 11
0.0
 21
0.0
 31
2.356913221448348E-16
100
AcDbAttributeDefinition
280
     0
  3
ACAD Color Index
  2
ACADCOLOR
 70
     1
280
     0
  0
ENDBLK
  5
5898
330
587F
100
AcDbEntity
  8
0
100
AcDbBlockEnd
  0
BLOCK
  5
5F0E
330
5F01
100
AcDbEntity
  8
0
 62
     1
100
AcDbBlockBegin
  2
A$C79F26CD1
 70
     0
 10
0.0
 20
0.0
 30
0.0
  3
A$C79F26CD1
  1

  0
LWPOLYLINE
  5
5F0F
330
5F01
100
AcDbEntity
  8
0
 62
     4
100
AcDbPolyline
 90
        2
 70
     0
 43
0.0
 10
-700.0
 20
0.0
 10
-700.0
 20
-12.0
1001
AcDbBlockRepETag
1070
     1
1071
        0
1005
5F0F
  0
LWPOLYLINE
  5
5F10
330
5F01
100
AcDbEntity
  8
0
 62
     4
100
AcDbPolyline
 90
        2
 70
     0
 43
0.0
 10
-1217.500095621857
 20
4.598405212163925E-09
 10
-700.0
 20
0.0
1001
AcDbBlockRepETag
1070
     1
1071
        1
1005
5F10
  0
LWPOLYLINE
  5
5F11
330
5F01
100
AcDbEntity
  8
0
 62
     4
100
AcDbPolyline
 90
        2
 70
     0
 43
0.0
 10
-1217.50009571074
 20
-12.0
 10
-700.0
 20
-12.0
1001
AcDbBlockRepETag
1070
     1
1071
        2
1005
5F11
  0
LWPOLYLINE
  5
5F12
330
5F01
100
AcDbEntity
  8
0
 62
     4
100
AcDbPolyline
 90
        4
 70
     1
 43
0.0
 10
0.0
 20
0.0
 10
-494.9747468305833
 20
494.9747468305833
 10
-503.4600282048306
 20
486.489465456336
 10
-8.485281374247279
 20
-8.485281374247279
1001
AcDbBlockRepETag
1070
     1
1071
        3
1005
5F12
  0
ARC
  5
5F13
330
5F01
100
AcDbEntity
  8
0
  6
HIDDEN
 48
0.2
 62
     4
100
AcDbCircle
 10
107.199894276953
 20
-44.4036500945403
 30
0.0
 40
808.4202826886783
100
AcDbArc
 50
138.1486378837512
 51
176.851362116241
1001
AcDbBlockRepETag
1070
     1
1071
        4
1005
5F13
  0
LWPOLYLINE
  5
5F14
330
5F01
100
AcDbEntity
  8
0
 62
     8
100
AcDbPolyline
 90
        2
 70
     0
 43
0.0
 10
-700.0
 20
-12.0
 10
0.0
 20
-12.0
1001
AcDbBlockRepETag
1070
     1
1071
        5
1005
5F14
  0
ENDBLK
  5
5F15
330
5F01
100
AcDbEntity
  8
0
 62
     1
100
AcDbBlockEnd
  0
BLOCK
  5
E980
330
E97B
100
AcDbEntity
  8
0
100
AcDbBlockBegin
  2
A$C1c79727f
 70
     0
 10
0.0
 20
0.0
 30
0.0
  3
A$C1c79727f
  1

  0
INSERT
  5
E97C
330
E97B
100
AcDbEntity
  8
A-FIXTURES
100
AcDbBlockReference
  2
JED-15018-A01-A-FP-TYP$0$lavator1
 10
0.2468749999987949
 20
0.0
 30
0.0
 41
0.02500000000011639
 42
0.02500000000011639
 43
0.02500000000011639
 50
90.0
1001
AEC_XDATA_BOUND_SPACE
1070
   100
1070
     1
  0
LWPOLYLINE
  5
E97D
330
E97B
100
AcDbEntity
  8
A-FIXTURES
100
AcDbPolyline
 90
        4
 70
     0
 43
0.0
 10
0.2874999999989996
 20
0.2500000000011937
 10
0.0
 20
0.2500000000011937
 10
0.0
 20
-0.2500000000011937
 10
0.2874999999989996
 20
-0.2500000000011937
  0
ENDBLK
  5
E981
330
E97B
100
AcDbEntity
  8
0
100
AcDbBlockEnd
  0
BLOCK
  5
E994
330
E98C
100
AcDbEntity
  8
0
100
AcDbBlockBegin
  2
A$Cc001395e
 70
     0
 10
0.0
 20
0.0
 30
0.0
  3
A$Cc001395e
  1

  0
LWPOLYLINE
  5
E98D
330
E98C
100
AcDbEntity
  8
A_WALL
  6
HIDDEN
 48
0.3
 62
     8
100
AcDbPolyline
 90
        4
 70
     1
 43
0.0
 10
0.05000000000001137
 20
0.0
 10
-0.05000000000001137
 20
0.0
 10
-0.05000000000001137
 20
0.1000000000000227
 10
0.05000000000001137
 20
0.1000000000000227
  0
LWPOLYLINE
  5
E98E
330
E98C
100
AcDbEntity
  8
A_WALL
  6
HIDDEN
 48
0.3
 62
     8
100
AcDbPolyline
 90
        2
 70
     0
 43
0.0
 10
-0.05000000000001137
 20
0.1000000000000227
 10
-0.3000000000000114
 20
0.25
  0
LINE
  5
E98F
330
E98C
100
AcDbEntity
  8
A_WALL
  6
HIDDEN
 48
0.3
 62
     8
100
AcDbLine
 10
-0.05000000000001137
 20
0.0
 30
0.0
 11
-0.3000000000000114
 21
-1.150000000000034
 31
0.0
  0
LWPOLYLINE
  5
E990
330
E98C
100
AcDbEntity
  8
A_WALL
  6
HIDDEN
 48
0.3
 62
     8
100
AcDbPolyline
 90
        2
 70
     0
 43
0.0
 10
0.05000000000001137
 20
0.1000000000000227
 10
0.3000000000000114
 20
0.25
  0
LINE
  5
E991
330
E98C
100
AcDbEntity
  8
A_WALL
  6
HIDDEN
 48
0.3
 62
     8
100
AcDbLine
 10
0.05000000000001137
 20
0.0
 30
0.0
 11
0.3000000000000114
 21
-1.150000000000034
 31
0.0
  0
ENDBLK
  5
E995
330
E98C
100
AcDbEntity
  8
0
100
AcDbBlockEnd
  0
BLOCK
  5
E9A7
330
E9A6
100
AcDbEntity
  8
0
100
AcDbBlockBegin
  2
*U401
 70
     1
 10
0.0
 20
0.0
 30
0.0
  3
*U401
  1

  0
LWPOLYLINE
  5
E9A9
330
E9A6
100
AcDbEntity
  8
0
 62
     4
100
AcDbPolyline
 90
        2
 70
     0
 43
0.0
 10
-700.0
 20
0.0
 10
-700.0
 20
-12.0
1001
AcDbBlockRepETag
1070
     1
1071
        0
1005
E9A9
  0
LWPOLYLINE
  5
E9AA
330
E9A6
100
AcDbEntity
  8
0
 62
     4
100
AcDbPolyline
 90
        2
 70
     0
 43
0.0
 10
-1160.000000004196
 20
4.381231726643066E-09
 10
-700.0
 20
0.0
1001
AcDbBlockRepETag
1070
     1
1071
        1
1005
E9AA
  0
LWPOLYLINE
  5
E9AB
330
E9A6
100
AcDbEntity
  8
0
 62
     4
100
AcDbPolyline
 90
        2
 70
     0
 43
0.0
 10
-1160.000000093079
 20
-12.00000000021717
 10
-700.0
 20
-12.0
1001
AcDbBlockRepETag
1070
     1
1071
        2
1005
E9AB
  0
LWPOLYLINE
  5
E9AC
330
E9A6
100
AcDbEntity
  8
0
 62
     4
100
AcDbPolyline
 90
        4
 70
     1
 43
0.0
 10
0.0
 20
0.0
 10
-494.9747468305833
 20
494.9747468305833
 10
-503.4600282048306
 20
486.489465456336
 10
-8.485281374247279
 20
-8.485281374247279
1001
AcDbBlockRepETag
1070
     1
1071
        3
1005
E9AC
  0
ARC
  5
E9AD
330
E9A6
100
AcDbEntity
  8
0
  6
HIDDEN
 48
0.2
 62
     4
100
AcDbCircle
 10
107.199894276953
 20
-44.4036500945403
 30
0.0
 40
808.4202826886783
100
AcDbArc
 50
138.1486378837512
 51
176.851362116241
1001
AcDbBlockRepETag
1070
     1
1071
        4
1005
E9AD
  0
LWPOLYLINE
  5
E9AE
330
E9A6
100
AcDbEntity
  8
0
 62
     8
100
AcDbPolyline
 90
        2
 70
     0
 43
0.0
 10
-700.0
 20
-12.0
 10
0.0
 20
-12.0
1001
AcDbBlockRepETag
1070
     1
1071
        5
1005
E9AE
  0
ENDBLK
  5
E9A8
330
E9A6
100
AcDbEntity
  8
0
100
AcDbBlockEnd
  0
BLOCK
  5
E9CC
330
E9CB
100
AcDbEntity
  8
0
100
AcDbBlockBegin
  2
*U402
 70
     1
 10
0.0
 20
0.0
 30
0.0
  3
*U402
  1

  0
LWPOLYLINE
  5
E9CE
330
E9CB
100
AcDbEntity
  8
0
 62
     4
100
AcDbPolyline
 90
        2
 70
     0
 43
0.0
 10
-700.0
 20
0.0
 10
-700.0
 20
-12.0
1001
AcDbBlockRepETag
1070
     1
1071
        0
1005
E9CE
  0
LWPOLYLINE
  5
E9CF
330
E9CB
100
AcDbEntity
  8
0
 62
     4
100
AcDbPolyline
 90
        2
 70
     0
 43
0.0
 10
-1360.000000004242
 20
5.136616507096206E-09
 10
-700.0
 20
0.0
1001
AcDbBlockRepETag
1070
     1
1071
        1
1005
E9CF
  0
LWPOLYLINE
  5
E9D0
330
E9CB
100
AcDbEntity
  8
0
 62
     4
100
AcDbPolyline
 90
        2
 70
     0
 43
0.0
 10
-1360.000000093125
 20
-11.99999999946179
 10
-700.0
 20
-12.0
1001
AcDbBlockRepETag
1070
     1
1071
        2
1005
E9D0
  0
LWPOLYLINE
  5
E9D1
330
E9CB
100
AcDbEntity
  8
0
 62
     4
100
AcDbPolyline
 90
        4
 70
     1
 43
0.0
 10
0.0
 20
0.0
 10
-494.9747468305833
 20
494.9747468305833
 10
-503.4600282048306
 20
486.489465456336
 10
-8.485281374247279
 20
-8.485281374247279
1001
AcDbBlockRepETag
1070
     1
1071
        3
1005
E9D1
  0
ARC
  5
E9D2
330
E9CB
100
AcDbEntity
  8
0
  6
HIDDEN
 48
0.2
 62
     4
100
AcDbCircle
 10
107.199894276953
 20
-44.4036500945403
 30
0.0
 40
808.4202826886783
100
AcDbArc
 50
138.1486378837512
 51
176.851362116241
1001
AcDbBlockRepETag
1070
     1
1071
        4
1005
E9D2
  0
LWPOLYLINE
  5
E9D3
330
E9CB
100
AcDbEntity
  8
0
 62
     8
100
AcDbPolyline
 90
        2
 70
     0
 43
0.0
 10
-700.0
 20
-12.0
 10
0.0
 20
-12.0
1001
AcDbBlockRepETag
1070
     1
1071
        5
1005
E9D3
  0
ENDBLK
  5
E9CD
330
E9CB
100
AcDbEntity
  8
0
100
AcDbBlockEnd
  0
BLOCK
  5
EA14
330
EA13
100
AcDbEntity
  8
0
100
AcDbBlockBegin
  2
*U403
 70
     1
 10
0.0
 20
0.0
 30
0.0
  3
*U403
  1

  0
LWPOLYLINE
  5
EA16
330
EA13
100
AcDbEntity
  8
0
 62
     4
100
AcDbPolyline
 90
        2
 70
     0
 43
0.0
 10
-700.0
 20
0.0
 10
-700.0
 20
-12.0
1001
AcDbBlockRepETag
1070
     1
1071
        0
1005
EA16
  0
LWPOLYLINE
  5
EA17
330
EA13
100
AcDbEntity
  8
0
 62
     4
100
AcDbPolyline
 90
        2
 70
     0
 43
0.0
 10
-1190.000000004396
 20
4.494539443711768E-09
 10
-700.0
 20
0.0
1001
AcDbBlockRepETag
1070
     1
1071
        1
1005
EA17
  0
LWPOLYLINE
  5
EA18
330
EA13
100
AcDbEntity
  8
0
 62
     4
100
AcDbPolyline
 90
        2
 70
     0
 43
0.0
 10
-1190.000000093279
 20
-12.00000000010387
 10
-700.0
 20
-12.0
1001
AcDbBlockRepETag
1070
     1
1071
        2
1005
EA18
  0
LWPOLYLINE
  5
EA19
330
EA13
100
AcDbEntity
  8
0
 62
     4
100
AcDbPolyline
 90
        4
 70
     1
 43
0.0
 10
0.0
 20
0.0
 10
-494.9747468305833
 20
494.9747468305833
 10
-503.4600282048306
 20
486.489465456336
 10
-8.485281374247279
 20
-8.485281374247279
1001
AcDbBlockRepETag
1070
     1
1071
        3
1005
EA19
  0
ARC
  5
EA1A
330
EA13
100
AcDbEntity
  8
0
  6
HIDDEN
 48
0.2
 62
     4
100
AcDbCircle
 10
107.199894276953
 20
-44.4036500945403
 30
0.0
 40
808.4202826886783
100
AcDbArc
 50
138.1486378837512
 51
176.851362116241
1001
AcDbBlockRepETag
1070
     1
1071
        4
1005
EA1A
  0
LWPOLYLINE
  5
EA1B
330
EA13
100
AcDbEntity
  8
0
 62
     8
100
AcDbPolyline
 90
        2
 70
     0
 43
0.0
 10
-700.0
 20
-12.0
 10
0.0
 20
-12.0
1001
AcDbBlockRepETag
1070
     1
1071
        5
1005
EA1B
  0
ENDBLK
  5
EA15
330
EA13
100
AcDbEntity
  8
0
100
AcDbBlockEnd
  0
BLOCK
  5
EAAA
330
EAA9
100
AcDbEntity
  8
0
100
AcDbBlockBegin
  2
*D404
 70
     1
 10
0.0
 20
0.0
 30
0.0
  3
*D404
  1

  0
LINE
  5
FDBE
330
EAA9
100
AcDbEntity
  8
A_DIM
370
    -2
 62
    45
100
AcDbLine
 10
300.0875045697703
 20
-150.8014708540427
 30
0.0
 11
300.0875045697703
 21
-149.9230325645534
 31
0.0
  0
LINE
  5
FDBF
330
EAA9
100
AcDbEntity
  8
A_DIM
370
    -2
 62
    45
100
AcDbLine
 10
303.5175045697703
 20
-150.8014708540427
 30
0.0
 11
303.5175045697703
 21
-149.9230325645534
 31
0.0
  0
LINE
  5
FDC0
330
EAA9
100
AcDbEntity
  8
A_DIM
370
    -2
 62
    45
100
AcDbLine
 10
300.0875045697703
 20
-149.9230325645534
 30
0.0
 11
303.5175045697703
 21
-149.9230325645534
 31
0.0
  0
INSERT
  5
FDC1
330
EAA9
100
AcDbEntity
  8
A_DIM
370
    -2
 62
    45
100
AcDbBlockReference
  2
_ArchTick
 10
300.0875045697703
 20
-149.9230325645534
 30
0.0
 41
0.07000000000000001
 42
0.07000000000000001
 43
0.07000000000000001
 50
180.0
  0
INSERT
  5
FDC2
330
EAA9
100
AcDbEntity
  8
A_DIM
370
    -2
 62
    45
100
AcDbBlockReference
  2
_ArchTick
 10
303.5175045697703
 20
-149.9230325645534
 30
0.0
 41
0.07000000000000001
 42
0.07000000000000001
 43
0.07000000000000001
  0
MTEXT
  5
FDC3
330
EAA9
100
AcDbEntity
  8
A_DIM
100
AcDbMText
 10
301.8025045697703
 20
-149.7963954567771
 30
0.0
210
0.0
220
0.0
230
1.0
 11
1.0
 21
0.0
 31
0.0
 40
0.15
 41
0.0
 46
0.0
 71
     5
 72
     1
  1
\A1;3.43
  7
ARIAL
 73
     1
 44
1.0
101
Embedded Object
 70
     1
 10
301.8025045697703
 20
-149.7963954567771
 30
0.0
 11
1.0
 21
0.0
 31
0.0
 40
0.0
 41
0.0
 42
0.3895293315143247
 43
0.1532742155525239
 71
     0
  0
POINT
  5
FDC4
330
EAA9
100
AcDbEntity
  8
Defpoints
 62
     0
100
AcDbPoint
 10
300.0875045697703
 20
-150.8014708540427
 30
0.0
 50
0.0
  0
POINT
  5
FDC5
330
EAA9
100
AcDbEntity
  8
Defpoints
 62
     0
100
AcDbPoint
 10
303.5175045697703
 20
-150.8014708540427
 30
0.0
 50
0.0
  0
POINT
  5
FDC6
330
EAA9
100
AcDbEntity
  8
Defpoints
 62
     0
100
AcDbPoint
 10
303.5175045697703
 20
-149.9230325645534
 30
0.0
 50
0.0
  0
ENDBLK
  5
EAAB
330
EAA9
100
AcDbEntity
  8
0
100
AcDbBlockEnd
  0
BLOCK
  5
EAC2
330
EAC1
100
AcDbEntity
  8
0
100
AcDbBlockBegin
  2
*D405
 70
     1
 10
0.0
 20
0.0
 30
0.0
  3
*D405
  1

  0
LINE
  5
FDC7
330
EAC1
100
AcDbEntity
  8
A_DIM
370
    -2
 62
    45
100
AcDbLine
 10
303.5175045697703
 20
-150.8014708540427
 30
0.0
 11
303.5175045697703
 21
-149.9230325645534
 31
0.0
  0
LINE
  5
FDC8
330
EAC1
100
AcDbEntity
  8
A_DIM
370
    -2
 62
    45
100
AcDbLine
 10
303.9975045697703
 20
-150.8014708540427
 30
0.0
 11
303.9975045697703
 21
-149.9230325645534
 31
0.0
  0
LINE
  5
FDC9
330
EAC1
100
AcDbEntity
  8
A_DIM
370
    -2
 62
    45
100
AcDbLine
 10
303.5175045697703
 20
-149.9230325645534
 30
0.0
 11
303.4475045697703
 21
-149.9230325645534
 31
0.0
  0
LINE
  5
FDCA
330
EAC1
100
AcDbEntity
  8
A_DIM
370
    -2
 62
    45
100
AcDbLine
 10
303.9975045697703
 20
-149.9230325645534
 30
0.0
 11
304.0675045697703
 21
-149.9230325645534
 31
0.0
  0
LINE
  5
FDCB
330
EAC1
100
AcDbEntity
  8
A_DIM
370
    -2
 62
    45
100
AcDbLine
 10
303.5175045697703
 20
-149.9230325645534
 30
0.0
 11
303.9975045697703
 21
-149.9230325645534
 31
0.0
  0
INSERT
  5
FDCC
330
EAC1
100
AcDbEntity
  8
A_DIM
370
    -2
 62
    45
100
AcDbBlockReference
  2
_ArchTick
 10
303.5175045697703
 20
-149.9230325645534
 30
0.0
 41
0.07000000000000001
 42
0.07000000000000001
 43
0.07000000000000001
  0
INSERT
  5
FDCD
330
EAC1
100
AcDbEntity
  8
A_DIM
370
    -2
 62
    45
100
AcDbBlockReference
  2
_ArchTick
 10
303.9975045697703
 20
-149.9230325645534
 30
0.0
 41
0.07000000000000001
 42
0.07000000000000001
 43
0.07000000000000001
 50
180.0
  0
MTEXT
  5
FDCE
330
EAC1
100
AcDbEntity
  8
A_DIM
100
AcDbMText
 10
303.7575045697703
 20
-149.7964466163951
 30
0.0
210
0.0
220
0.0
230
1.0
 11
1.0
 21
0.0
 31
0.0
 40
0.15
 41
0.0
 46
0.0
 71
     5
 72
     1
  1
\A1;0.48
  7
ARIAL
 73
     1
 44
1.0
101
Embedded Object
 70
     1
 10
303.7575045697703
 20
-149.7964466163951
 30
0.0
 11
1.0
 21
0.0
 31
0.0
 40
0.0
 41
0.0
 42
0.3899386084583902
 43
0.1531718963165075
 71
     0
  0
POINT
  5
FDCF
330
EAC1
100
AcDbEntity
  8
Defpoints
 62
     0
100
AcDbPoint
 10
303.5175045697703
 20
-150.8014708540427
 30
0.0
 50
0.0
  0
POINT
  5
FDD0
330
EAC1
100
AcDbEntity
  8
Defpoints
 62
     0
100
AcDbPoint
 10
303.9975045697703
 20
-150.8014708540427
 30
0.0
 50
0.0
  0
POINT
  5
FDD1
330
EAC1
100
AcDbEntity
  8
Defpoints
 62
     0
100
AcDbPoint
 10
303.9975045697703
 20
-149.9230325645534
 30
0.0
 50
0.0
  0
ENDBLK
  5
EAC3
330
EAC1
100
AcDbEntity
  8
0
100
AcDbBlockEnd
  0
BLOCK
  5
EADE
330
EADD
100
AcDbEntity
  8
0
100
AcDbBlockBegin
  2
*D406
 70
     1
 10
0.0
 20
0.0
 30
0.0
  3
*D406
  1

  0
LINE
  5
FDD2
330
EADD
100
AcDbEntity
  8
A_DIM
370
    -2
 62
    45
100
AcDbLine
 10
303.5175045697704
 20
-150.8014708540427
 30
0.0
 11
303.0891722520504
 21
-150.8014708540427
 31
0.0
  0
LINE
  5
FDD3
330
EADD
100
AcDbEntity
  8
A_DIM
370
    -2
 62
    45
100
AcDbLine
 10
303.5175045697704
 20
-151.8014708540427
 30
0.0
 11
303.0891722520504
 21
-151.8014708540427
 31
0.0
  0
LINE
  5
FDD4
330
EADD
100
AcDbEntity
  8
A_DIM
370
    -2
 62
    45
100
AcDbLine
 10
303.0891722520504
 20
-150.8014708540427
 30
0.0
 11
303.0891722520504
 21
-151.8014708540427
 31
0.0
  0
INSERT
  5
FDD5
330
EADD
100
AcDbEntity
  8
A_DIM
370
    -2
 62
    45
100
AcDbBlockReference
  2
_ArchTick
 10
303.0891722520504
 20
-150.8014708540427
 30
0.0
 41
0.07000000000000001
 42
0.07000000000000001
 43
0.07000000000000001
 50
90.0
  0
INSERT
  5
FDD6
330
EADD
100
AcDbEntity
  8
A_DIM
370
    -2
 62
    45
100
AcDbBlockReference
  2
_ArchTick
 10
303.0891722520504
 20
-151.8014708540427
 30
0.0
 41
0.07000000000000001
 42
0.07000000000000001
 43
0.07000000000000001
 50
270.0
  0
MTEXT
  5
FDD7
330
EADD
100
AcDbEntity
  8
A_DIM
100
AcDbMText
 10
302.962586303892
 20
-151.3014708540428
 30
0.0
210
0.0
220
0.0
230
1.0
 11
6.123233995736766E-17
 21
1.0
 31
0.0
 40
0.15
 41
0.0
 46
0.0
 71
     5
 72
     1
  1
\A1;1.00
  7
ARIAL
 73
     1
 44
1.0
101
Embedded Object
 70
     1
 10
302.962586303892
 20
-151.3014708540428
 30
0.0
 11
6.123233995736766E-17
 21
1.0
 31
0.0
 40
0.0
 41
0.0
 42
0.375
 43
0.1531718963165075
 71
     0
  0
POINT
  5
FDD8
330
EADD
100
AcDbEntity
  8
Defpoints
 62
     0
100
AcDbPoint
 10
303.5175045697704
 20
-150.8014708540427
 30
0.0
 50
0.0
  0
POINT
  5
FDD9
330
EADD
100
AcDbEntity
  8
Defpoints
 62
     0
100
AcDbPoint
 10
303.5175045697704
 20
-151.8014708540427
 30
0.0
 50
0.0
  0
POINT
  5
FDDA
330
EADD
100
AcDbEntity
  8
Defpoints
 62
     0
100
AcDbPoint
 10
303.0891722520504
 20
-151.8014708540427
 30
0.0
 50
0.0
  0
ENDBLK
  5
EADF
330
EADD
100
AcDbEntity
  8
0
100
AcDbBlockEnd
  0
BLOCK
  5
EAF6
330
EAF5
100
AcDbEntity
  8
0
100
AcDbBlockBegin
  2
*D407
 70
     1
 10
0.0
 20
0.0
 30
0.0
  3
*D407
  1

  0
LINE
  5
FDDB
330
EAF5
100
AcDbEntity
  8
A_DIM
370
    -2
 62
    45
100
AcDbLine
 10
303.5175045697704
 20
-151.8014708540427
 30
0.0
 11
303.0891722520506
 21
-151.8014708540427
 31
0.0
  0
LINE
  5
FDDC
330
EAF5
100
AcDbEntity
  8
A_DIM
370
    -2
 62
    45
100
AcDbLine
 10
303.5175045697704
 20
-154.4314708540427
 30
0.0
 11
303.0891722520506
 21
-154.4314708540427
 31
0.0
  0
LINE
  5
FDDD
330
EAF5
100
AcDbEntity
  8
A_DIM
370
    -2
 62
    45
100
AcDbLine
 10
303.0891722520506
 20
-151.8014708540427
 30
0.0
 11
303.0891722520506
 21
-154.4314708540427
 31
0.0
  0
INSERT
  5
FDDE
330
EAF5
100
AcDbEntity
  8
A_DIM
370
    -2
 62
    45
100
AcDbBlockReference
  2
_ArchTick
 10
303.0891722520506
 20
-151.8014708540427
 30
0.0
 41
0.07000000000000001
 42
0.07000000000000001
 43
0.07000000000000001
 50
90.0
  0
INSERT
  5
FDDF
330
EAF5
100
AcDbEntity
  8
A_DIM
370
    -2
 62
    45
100
AcDbBlockReference
  2
_ArchTick
 10
303.0891722520506
 20
-154.4314708540427
 30
0.0
 41
0.07000000000000001
 42
0.07000000000000001
 43
0.07000000000000001
 50
270.0
  0
MTEXT
  5
FDE0
330
EAF5
100
AcDbEntity
  8
A_DIM
100
AcDbMText
 10
302.9625351442742
 20
-153.1164708540428
 30
0.0
210
0.0
220
0.0
230
1.0
 11
6.123233995736766E-17
 21
1.0
 31
0.0
 40
0.15
 41
0.0
 46
0.0
 71
     5
 72
     1
  1
\A1;2.63
  7
ARIAL
 73
     1
 44
1.0
101
Embedded Object
 70
     1
 10
302.9625351442742
 20
-153.1164708540428
 30
0.0
 11
6.123233995736766E-17
 21
1.0
 31
0.0
 40
0.0
 41
0.0
 42
0.3921896316507503
 43
0.1532742155525239
 71
     0
  0
POINT
  5
FDE1
330
EAF5
100
AcDbEntity
  8
Defpoints
 62
     0
100
AcDbPoint
 10
303.5175045697704
 20
-151.8014708540427
 30
0.0
 50
0.0
  0
POINT
  5
FDE2
330
EAF5
100
AcDbEntity
  8
Defpoints
 62
     0
100
AcDbPoint
 10
303.5175045697704
 20
-154.4314708540427
 30
0.0
 50
0.0
  0
POINT
  5
FDE3
330
EAF5
100
AcDbEntity
  8
Defpoints
 62
     0
100
AcDbPoint
 10
303.0891722520506
 20
-154.4314708540427
 30
0.0
 50
0.0
  0
ENDBLK
  5
EAF7
330
EAF5
100
AcDbEntity
  8
0
100
AcDbBlockEnd
  0
BLOCK
  5
EB0E
330
EB0D
100
AcDbEntity
  8
0
100
AcDbBlockBegin
  2
*D408
 70
     1
 10
0.0
 20
0.0
 30
0.0
  3
*D408
  1

  0
LINE
  5
FDE4
330
EB0D
100
AcDbEntity
  8
A_DIM
370
    -2
 62
    45
100
AcDbLine
 10
303.5175045697704
 20
-154.4314708540427
 30
0.0
 11
303.0891722520508
 21
-154.4314708540427
 31
0.0
  0
LINE
  5
FDE5
330
EB0D
100
AcDbEntity
  8
A_DIM
370
    -2
 62
    45
100
AcDbLine
 10
303.5175045697704
 20
-155.0614708540428
 30
0.0
 11
303.0891722520508
 21
-155.0614708540428
 31
0.0
  0
LINE
  5
FDE6
330
EB0D
100
AcDbEntity
  8
A_DIM
370
    -2
 62
    45
100
AcDbLine
 10
303.0891722520508
 20
-154.4314708540427
 30
0.0
 11
303.0891722520508
 21
-155.0614708540428
 31
0.0
  0
INSERT
  5
FDE7
330
EB0D
100
AcDbEntity
  8
A_DIM
370
    -2
 62
    45
100
AcDbBlockReference
  2
_ArchTick
 10
303.0891722520508
 20
-154.4314708540427
 30
0.0
 41
0.07000000000000001
 42
0.07000000000000001
 43
0.07000000000000001
 50
90.0
  0
INSERT
  5
FDE8
330
EB0D
100
AcDbEntity
  8
A_DIM
370
    -2
 62
    45
100
AcDbBlockReference
  2
_ArchTick
 10
303.0891722520508
 20
-155.0614708540428
 30
0.0
 41
0.07000000000000001
 42
0.07000000000000001
 43
0.07000000000000001
 50
270.0
  0
MTEXT
  5
FDE9
330
EB0D
100
AcDbEntity
  8
A_DIM
100
AcDbMText
 10
302.9625351442745
 20
-154.7464708540428
 30
0.0
210
0.0
220
0.0
230
1.0
 11
6.123233995736766E-17
 21
1.0
 31
0.0
 40
0.15
 41
0.0
 46
0.0
 71
     5
 72
     1
  1
\A1;0.63
  7
ARIAL
 73
     1
 44
1.0
101
Embedded Object
 70
     1
 10
302.9625351442745
 20
-154.7464708540428
 30
0.0
 11
6.123233995736766E-17
 21
1.0
 31
0.0
 40
0.0
 41
0.0
 42
0.3896316507503411
 43
0.1532742155525239
 71
     0
  0
POINT
  5
FDEA
330
EB0D
100
AcDbEntity
  8
Defpoints
 62
     0
100
AcDbPoint
 10
303.5175045697704
 20
-154.4314708540427
 30
0.0
 50
0.0
  0
POINT
  5
FDEB
330
EB0D
100
AcDbEntity
  8
Defpoints
 62
     0
100
AcDbPoint
 10
303.5175045697704
 20
-155.0614708540428
 30
0.0
 50
0.0
  0
POINT
  5
FDEC
330
EB0D
100
AcDbEntity
  8
Defpoints
 62
     0
100
AcDbPoint
 10
303.0891722520508
 20
-155.0614708540428
 30
0.0
 50
0.0
  0
ENDBLK
  5
EB0F
330
EB0D
100
AcDbEntity
  8
0
100
AcDbBlockEnd
  0
BLOCK
  5
EB26
330
EB25
100
AcDbEntity
  8
0
100
AcDbBlockBegin
  2
*D409
 70
     1
 10
0.0
 20
0.0
 30
0.0
  3
*D409
  1

  0
LINE
  5
FDED
330
EB25
100
AcDbEntity
  8
A_DIM
370
    -2
 62
    45
100
AcDbLine
 10
300.0875045697703
 20
-152.2211371549195
 30
0.0
 11
300.0875045697703
 21
-152.1750568478466
 31
0.0
  0
LINE
  5
FDEE
330
EB25
100
AcDbEntity
  8
A_DIM
370
    -2
 62
    45
100
AcDbLine
 10
303.9975045697703
 20
-152.2211371549195
 30
0.0
 11
303.9975045697703
 21
-152.1750568478466
 31
0.0
  0
LINE
  5
FDEF
330
EB25
100
AcDbEntity
  8
A_DIM
370
    -2
 62
    45
100
AcDbLine
 10
300.0875045697703
 20
-152.1750568478466
 30
0.0
 11
303.9975045697703
 21
-152.1750568478466
 31
0.0
  0
INSERT
  5
FDF0
330
EB25
100
AcDbEntity
  8
A_DIM
370
    -2
 62
    45
100
AcDbBlockReference
  2
_ArchTick
 10
300.0875045697703
 20
-152.1750568478466
 30
0.0
 41
0.07000000000000001
 42
0.07000000000000001
 43
0.07000000000000001
 50
180.0
  0
INSERT
  5
FDF1
330
EB25
100
AcDbEntity
  8
A_DIM
370
    -2
 62
    45
100
AcDbBlockReference
  2
_ArchTick
 10
303.9975045697703
 20
-152.1750568478466
 30
0.0
 41
0.07000000000000001
 42
0.07000000000000001
 43
0.07000000000000001
  0
MTEXT
  5
FDF2
330
EB25
100
AcDbEntity
  8
A_DIM
100
AcDbMText
 10
302.0425045697704
 20
-152.0484197400703
 30
0.0
210
0.0
220
0.0
230
1.0
 11
1.0
 21
0.0
 31
0.0
 40
0.15
 41
0.0
 46
0.0
 71
     5
 72
     1
  1
\A1;3.91
  7
ARIAL
 73
     1
 44
1.0
101
Embedded Object
 70
     1
 10
302.0425045697704
 20
-152.0484197400703
 30
0.0
 11
1.0
 21
0.0
 31
0.0
 40
0.0
 41
0.0
 42
0.3605729877216917
 43
0.1532742155525239
 71
     0
  0
POINT
  5
FDF3
330
EB25
100
AcDbEntity
  8
Defpoints
 62
     0
100
AcDbPoint
 10
300.0875045697703
 20
-152.2211371549195
 30
0.0
 50
0.0
  0
POINT
  5
FDF4
330
EB25
100
AcDbEntity
  8
Defpoints
 62
     0
100
AcDbPoint
 10
303.9975045697703
 20
-152.2211371549195
 30
0.0
 50
0.0
  0
POINT
  5
FDF5
330
EB25
100
AcDbEntity
  8
Defpoints
 62
     0
100
AcDbPoint
 10
303.9975045697703
 20
-152.1750568478466
 30
0.0
 50
0.0
  0
ENDBLK
  5
EB27
330
EB25
100
AcDbEntity
  8
0
100
AcDbBlockEnd
  0
BLOCK
  5
EB3E
330
EB3D
100
AcDbEntity
  8
0
100
AcDbBlockBegin
  2
*D410
 70
     1
 10
0.0
 20
0.0
 30
0.0
  3
*D410
  1

  0
LINE
  5
FDF6
330
EB3D
100
AcDbEntity
  8
A_DIM
370
    -2
 62
    45
100
AcDbLine
 10
300.0875045697704
 20
-150.8014708540427
 30
0.0
 11
299.4293193684751
 21
-150.8014708540427
 31
0.0
  0
LINE
  5
FDF7
330
EB3D
100
AcDbEntity
  8
A_DIM
370
    -2
 62
    45
100
AcDbLine
 10
300.0875045697704
 20
-155.0614708540427
 30
0.0
 11
299.4293193684751
 21
-155.0614708540427
 31
0.0
  0
LINE
  5
FDF8
330
EB3D
100
AcDbEntity
  8
A_DIM
370
    -2
 62
    45
100
AcDbLine
 10
299.4293193684751
 20
-150.8014708540427
 30
0.0
 11
299.4293193684751
 21
-155.0614708540427
 31
0.0
  0
INSERT
  5
FDF9
330
EB3D
100
AcDbEntity
  8
A_DIM
370
    -2
 62
    45
100
AcDbBlockReference
  2
_ArchTick
 10
299.4293193684751
 20
-150.8014708540427
 30
0.0
 41
0.07000000000000001
 42
0.07000000000000001
 43
0.07000000000000001
 50
90.0
  0
INSERT
  5
FDFA
330
EB3D
100
AcDbEntity
  8
A_DIM
370
    -2
 62
    45
100
AcDbBlockReference
  2
_ArchTick
 10
299.4293193684751
 20
-155.0614708540427
 30
0.0
 41
0.07000000000000001
 42
0.07000000000000001
 43
0.07000000000000001
 50
270.0
  0
MTEXT
  5
FDFB
330
EB3D
100
AcDbEntity
  8
A_DIM
100
AcDbMText
 10
299.3027334203168
 20
-152.9314708540428
 30
0.0
210
0.0
220
0.0
230
1.0
 11
6.123233995736766E-17
 21
1.0
 31
0.0
 40
0.15
 41
0.0
 46
0.0
 71
     5
 72
     1
  1
\A1;4.26
  7
ARIAL
 73
     1
 44
1.0
101
Embedded Object
 70
     1
 10
299.3027334203168
 20
-152.9314708540428
 30
0.0
 11
6.123233995736766E-17
 21
1.0
 31
0.0
 40
0.0
 41
0.0
 42
0.3955661664392905
 43
0.1531718963165075
 71
     0
  0
POINT
  5
FDFC
330
EB3D
100
AcDbEntity
  8
Defpoints
 62
     0
100
AcDbPoint
 10
300.0875045697704
 20
-150.8014708540427
 30
0.0
 50
0.0
  0
POINT
  5
FDFD
330
EB3D
100
AcDbEntity
  8
Defpoints
 62
     0
100
AcDbPoint
 10
300.0875045697704
 20
-155.0614708540427
 30
0.0
 50
0.0
  0
POINT
  5
FDFE
330
EB3D
100
AcDbEntity
  8
Defpoints
 62
     0
100
AcDbPoint
 10
299.4293193684751
 20
-155.0614708540427
 30
0.0
 50
0.0
  0
ENDBLK
  5
EB3F
330
EB3D
100
AcDbEntity
  8
0
100
AcDbBlockEnd
  0
BLOCK
  5
EB56
330
EB55
100
AcDbEntity
  8
0
100
AcDbBlockBegin
  2
*D411
 70
     1
 10
0.0
 20
0.0
 30
0.0
  3
*D411
  1

  0
LINE
  5
FDFF
330
EB55
100
AcDbEntity
  8
A_DIM
370
    -2
 62
    45
100
AcDbLine
 10
300.1275045697705
 20
-155.3014708540427
 30
0.0
 11
299.4293193684754
 21
-155.3014708540427
 31
0.0
  0
LINE
  5
FE00
330
EB55
100
AcDbEntity
  8
A_DIM
370
    -2
 62
    45
100
AcDbLine
 10
300.1275045697705
 20
-157.0614708540427
 30
0.0
 11
299.4293193684754
 21
-157.0614708540427
 31
0.0
  0
LINE
  5
FE01
330
EB55
100
AcDbEntity
  8
A_DIM
370
    -2
 62
    45
100
AcDbLine
 10
299.4293193684754
 20
-155.3014708540427
 30
0.0
 11
299.4293193684754
 21
-157.0614708540427
 31
0.0
  0
INSERT
  5
FE02
330
EB55
100
AcDbEntity
  8
A_DIM
370
    -2
 62
    45
100
AcDbBlockReference
  2
_ArchTick
 10
299.4293193684754
 20
-155.3014708540427
 30
0.0
 41
0.07000000000000001
 42
0.07000000000000001
 43
0.07000000000000001
 50
90.0
  0
INSERT
  5
FE03
330
EB55
100
AcDbEntity
  8
A_DIM
370
    -2
 62
    45
100
AcDbBlockReference
  2
_ArchTick
 10
299.4293193684754
 20
-157.0614708540427
 30
0.0
 41
0.07000000000000001
 42
0.07000000000000001
 43
0.07000000000000001
 50
270.0
  0
MTEXT
  5
FE04
330
EB55
100
AcDbEntity
  8
A_DIM
100
AcDbMText
 10
299.302733420317
 20
-156.1814708540428
 30
0.0
210
0.0
220
0.0
230
1.0
 11
6.123233995736766E-17
 21
1.0
 31
0.0
 40
0.15
 41
0.0
 46
0.0
 71
     5
 72
     1
  1
\A1;1.76
  7
ARIAL
 73
     1
 44
1.0
101
Embedded Object
 70
     1
 10
299.302733420317
 20
-156.1814708540428
 30
0.0
 11
6.123233995736766E-17
 21
1.0
 31
0.0
 40
0.0
 41
0.0
 42
0.3754092769440655
 43
0.1531718963165075
 71
     0
  0
POINT
  5
FE05
330
EB55
100
AcDbEntity
  8
Defpoints
 62
     0
100
AcDbPoint
 10
300.1275045697705
 20
-155.3014708540427
 30
0.0
 50
0.0
  0
POINT
  5
FE06
330
EB55
100
AcDbEntity
  8
Defpoints
 62
     0
100
AcDbPoint
 10
300.1275045697705
 20
-157.0614708540427
 30
0.0
 50
0.0
  0
POINT
  5
FE07
330
EB55
100
AcDbEntity
  8
Defpoints
 62
     0
100
AcDbPoint
 10
299.4293193684754
 20
-157.0614708540427
 30
0.0
 50
0.0
  0
ENDBLK
  5
EB57
330
EB55
100
AcDbEntity
  8
0
100
AcDbBlockEnd
  0
BLOCK
  5
EB6E
330
EB6D
100
AcDbEntity
  8
0
100
AcDbBlockBegin
  2
*D412
 70
     1
 10
0.0
 20
0.0
 30
0.0
  3
*D412
  1

  0
LINE
  5
10204
330
EB6D
100
AcDbEntity
  8
A_DIM
370
    -2
 62
    45
100
AcDbLine
 10
300.1275045697705
 20
-157.2014708540428
 30
0.0
 11
299.4293193684758
 21
-157.2014708540428
 31
0.0
  0
LINE
  5
10205
330
EB6D
100
AcDbEntity
  8
A_DIM
370
    -2
 62
    45
100
AcDbLine
 10
300.1275045697705
 20
-161.3614708540428
 30
0.0
 11
299.4293193684758
 21
-161.3614708540428
 31
0.0
  0
LINE
  5
10206
330
EB6D
100
AcDbEntity
  8
A_DIM
370
    -2
 62
    45
100
AcDbLine
 10
299.4293193684758
 20
-157.2014708540428
 30
0.0
 11
299.4293193684758
 21
-161.3614708540428
 31
0.0
  0
INSERT
  5
10207
330
EB6D
100
AcDbEntity
  8
A_DIM
370
    -2
 62
    45
100
AcDbBlockReference
  2
_ArchTick
 10
299.4293193684758
 20
-157.2014708540428
 30
0.0
 41
0.07000000000000001
 42
0.07000000000000001
 43
0.07000000000000001
 50
90.0
  0
INSERT
  5
10208
330
EB6D
100
AcDbEntity
  8
A_DIM
370
    -2
 62
    45
100
AcDbBlockReference
  2
_ArchTick
 10
299.4293193684758
 20
-161.3614708540428
 30
0.0
 41
0.07000000000000001
 42
0.07000000000000001
 43
0.07000000000000001
 50
270.0
  0
MTEXT
  5
10209
330
EB6D
100
AcDbEntity
  8
A_DIM
100
AcDbMText
 10
299.3027334203175
 20
-159.2814708540428
 30
0.0
210
0.0
220
0.0
230
1.0
 11
6.123233995736766E-17
 21
1.0
 31
0.0
 40
0.15
 41
0.0
 46
0.0
 71
     5
 72
     1
  1
\A1;4.16
  7
ARIAL
 73
     1
 44
1.0
101
Embedded Object
 70
     1
 10
299.3027334203175
 20
-159.2814708540428
 30
0.0
 11
6.123233995736766E-17
 21
1.0
 31
0.0
 40
0.0
 41
0.0
 42
0.3955661664392905
 43
0.1531718963165075
 71
     0
  0
POINT
  5
1020A
330
EB6D
100
AcDbEntity
  8
Defpoints
 62
     0
100
AcDbPoint
 10
300.1275045697705
 20
-157.2014708540428
 30
0.0
 50
0.0
  0
POINT
  5
1020B
330
EB6D
100
AcDbEntity
  8
Defpoints
 62
     0
100
AcDbPoint
 10
300.1275045697705
 20
-161.3614708540428
 30
0.0
 50
0.0
  0
POINT
  5
1020C
330
EB6D
100
AcDbEntity
  8
Defpoints
 62
     0
100
AcDbPoint
 10
299.4293193684758
 20
-161.3614708540428
 30
0.0
 50
0.0
  0
ENDBLK
  5
EB6F
330
EB6D
100
AcDbEntity
  8
0
100
AcDbBlockEnd
  0
BLOCK
  5
EB86
330
EB85
100
AcDbEntity
  8
0
100
AcDbBlockBegin
  2
*D413
 70
     1
 10
0.0
 20
0.0
 30
0.0
  3
*D413
  1

  0
LINE
  5
101FB
330
EB85
100
AcDbEntity
  8
A_DIM
370
    -2
 62
    45
100
AcDbLine
 10
300.1275045697703
 20
-161.3614708540428
 30
0.0
 11
300.1275045697703
 21
-162.2547625845782
 31
0.0
  0
LINE
  5
101FC
330
EB85
100
AcDbEntity
  8
A_DIM
370
    -2
 62
    45
100
AcDbLine
 10
304.0675045697704
 20
-161.3614708540429
 30
0.0
 11
304.0675045697704
 21
-162.2547625845782
 31
0.0
  0
LINE
  5
101FD
330
EB85
100
AcDbEntity
  8
A_DIM
370
    -2
 62
    45
100
AcDbLine
 10
300.1275045697703
 20
-162.2547625845782
 30
0.0
 11
304.0675045697704
 21
-162.2547625845782
 31
0.0
  0
INSERT
  5
101FE
330
EB85
100
AcDbEntity
  8
A_DIM
370
    -2
 62
    45
100
AcDbBlockReference
  2
_ArchTick
 10
300.1275045697703
 20
-162.2547625845782
 30
0.0
 41
0.07000000000000001
 42
0.07000000000000001
 43
0.07000000000000001
 50
180.0
  0
INSERT
  5
101FF
330
EB85
100
AcDbEntity
  8
A_DIM
370
    -2
 62
    45
100
AcDbBlockReference
  2
_ArchTick
 10
304.0675045697704
 20
-162.2547625845782
 30
0.0
 41
0.07000000000000001
 42
0.07000000000000001
 43
0.07000000000000001
  0
MTEXT
  5
10200
330
EB85
100
AcDbEntity
  8
A_DIM
100
AcDbMText
 10
302.0975045697704
 20
-162.1281254768019
 30
0.0
210
0.0
220
0.0
230
1.0
 11
1.0
 21
0.0
 31
0.0
 40
0.15
 41
0.0
 46
0.0
 71
     5
 72
     1
  1
\A1;3.94
  7
ARIAL
 73
     1
 44
1.0
101
Embedded Object
 70
     1
 10
302.0975045697704
 20
-162.1281254768019
 30
0.0
 11
1.0
 21
0.0
 31
0.0
 40
0.0
 41
0.0
 42
0.3889154160982264
 43
0.1532742155525239
 71
     0
  0
POINT
  5
10201
330
EB85
100
AcDbEntity
  8
Defpoints
 62
     0
100
AcDbPoint
 10
300.1275045697703
 20
-161.3614708540428
 30
0.0
 50
0.0
  0
POINT
  5
10202
330
EB85
100
AcDbEntity
  8
Defpoints
 62
     0
100
AcDbPoint
 10
304.0675045697704
 20
-161.3614708540429
 30
0.0
 50
0.0
  0
POINT
  5
10203
330
EB85
100
AcDbEntity
  8
Defpoints
 62
     0
100
AcDbPoint
 10
304.0675045697704
 20
-162.2547625845782
 30
0.0
 50
0.0
  0
ENDBLK
  5
EB87
330
EB85
100
AcDbEntity
  8
0
100
AcDbBlockEnd
  0
BLOCK
  5
EBAA
330
EBA9
100
AcDbEntity
  8
0
100
AcDbBlockBegin
  2
*U414
 70
     1
 10
0.0
 20
0.0
 30
0.0
  3
*U414
  1

  0
LWPOLYLINE
  5
EBAC
330
EBA9
100
AcDbEntity
  8
0
 62
     4
100
AcDbPolyline
 90
        2
 70
     0
 43
0.0
 10
-700.0
 20
0.0
 10
-700.0
 20
-12.0
1001
AcDbBlockRepETag
1070
     1
1071
        0
1005
EBAC
  0
LWPOLYLINE
  5
EBAD
330
EBA9
100
AcDbEntity
  8
0
 62
     4
100
AcDbPolyline
 90
        2
 70
     0
 43
0.0
 10
-940.0000000041691
 20
3.550308468144698E-09
 10
-700.0
 20
0.0
1001
AcDbBlockRepETag
1070
     1
1071
        1
1005
EBAD
  0
LWPOLYLINE
  5
EBAE
330
EBA9
100
AcDbEntity
  8
0
 62
     4
100
AcDbPolyline
 90
        2
 70
     0
 43
0.0
 10
-940.0000000930522
 20
-12.0000000010481
 10
-700.0
 20
-12.0
1001
AcDbBlockRepETag
1070
     1
1071
        2
1005
EBAE
  0
LWPOLYLINE
  5
EBAF
330
EBA9
100
AcDbEntity
  8
0
 62
     4
100
AcDbPolyline
 90
        4
 70
     1
 43
0.0
 10
0.0
 20
0.0
 10
-494.9747468305833
 20
494.9747468305833
 10
-503.4600282048306
 20
486.489465456336
 10
-8.485281374247279
 20
-8.485281374247279
1001
AcDbBlockRepETag
1070
     1
1071
        3
1005
EBAF
  0
ARC
  5
EBB0
330
EBA9
100
AcDbEntity
  8
0
  6
HIDDEN
 48
0.2
 62
     4
100
AcDbCircle
 10
107.199894276953
 20
-44.4036500945403
 30
0.0
 40
808.4202826886783
100
AcDbArc
 50
138.1486378837512
 51
176.851362116241
1001
AcDbBlockRepETag
1070
     1
1071
        4
1005
EBB0
  0
LWPOLYLINE
  5
EBB1
330
EBA9
100
AcDbEntity
  8
0
 62
     8
100
AcDbPolyline
 90
        2
 70
     0
 43
0.0
 10
-700.0
 20
-12.0
 10
0.0
 20
-12.0
1001
AcDbBlockRepETag
1070
     1
1071
        5
1005
EBB1
  0
ENDBLK
  5
EBAB
330
EBA9
100
AcDbEntity
  8
0
100
AcDbBlockEnd
  0
BLOCK
  5
EBCE
330
EBCD
100
AcDbEntity
  8
0
100
AcDbBlockBegin
  2
*D415
 70
     1
 10
0.0
 20
0.0
 30
0.0
  3
*D415
  1

  0
LINE
  5
101E9
330
EBCD
100
AcDbEntity
  8
A_DIM
370
    -2
 62
    45
100
AcDbLine
 10
304.2175045697704
 20
-161.3614708540427
 30
0.0
 11
304.2175045697704
 21
-162.2547625845782
 31
0.0
  0
LINE
  5
101EA
330
EBCD
100
AcDbEntity
  8
A_DIM
370
    -2
 62
    45
100
AcDbLine
 10
305.5575045697703
 20
-161.3614708540427
 30
0.0
 11
305.5575045697703
 21
-162.2547625845782
 31
0.0
  0
LINE
  5
101EB
330
EBCD
100
AcDbEntity
  8
A_DIM
370
    -2
 62
    45
100
AcDbLine
 10
304.2175045697704
 20
-162.2547625845782
 30
0.0
 11
305.5575045697703
 21
-162.2547625845782
 31
0.0
  0
INSERT
  5
101EC
330
EBCD
100
AcDbEntity
  8
A_DIM
370
    -2
 62
    45
100
AcDbBlockReference
  2
_ArchTick
 10
304.2175045697704
 20
-162.2547625845782
 30
0.0
 41
0.07000000000000001
 42
0.07000000000000001
 43
0.07000000000000001
 50
180.0
  0
INSERT
  5
101ED
330
EBCD
100
AcDbEntity
  8
A_DIM
370
    -2
 62
    45
100
AcDbBlockReference
  2
_ArchTick
 10
305.5575045697703
 20
-162.2547625845782
 30
0.0
 41
0.07000000000000001
 42
0.07000000000000001
 43
0.07000000000000001
  0
MTEXT
  5
101EE
330
EBCD
100
AcDbEntity
  8
A_DIM
100
AcDbMText
 10
304.8875045697704
 20
-162.1281254768019
 30
0.0
210
0.0
220
0.0
230
1.0
 11
1.0
 21
0.0
 31
0.0
 40
0.15
 41
0.0
 46
0.0
 71
     5
 72
     1
  1
\A1;1.34
  7
ARIAL
 73
     1
 44
1.0
101
Embedded Object
 70
     1
 10
304.8875045697704
 20
-162.1281254768019
 30
0.0
 11
1.0
 21
0.0
 31
0.0
 40
0.0
 41
0.0
 42
0.3748976807639836
 43
0.1532742155525239
 71
     0
  0
POINT
  5
101EF
330
EBCD
100
AcDbEntity
  8
Defpoints
 62
     0
100
AcDbPoint
 10
304.2175045697704
 20
-161.3614708540427
 30
0.0
 50
0.0
  0
POINT
  5
101F0
330
EBCD
100
AcDbEntity
  8
Defpoints
 62
     0
100
AcDbPoint
 10
305.5575045697703
 20
-161.3614708540427
 30
0.0
 50
0.0
  0
POINT
  5
101F1
330
EBCD
100
AcDbEntity
  8
Defpoints
 62
     0
100
AcDbPoint
 10
305.5575045697703
 20
-162.2547625845782
 30
0.0
 50
0.0
  0
ENDBLK
  5
EBCF
330
EBCD
100
AcDbEntity
  8
0
100
AcDbBlockEnd
  0
BLOCK
  5
EBE6
330
EBE5
100
AcDbEntity
  8
0
100
AcDbBlockBegin
  2
*D416
 70
     1
 10
0.0
 20
0.0
 30
0.0
  3
*D416
  1

  0
LINE
  5
FE23
330
EBE5
100
AcDbEntity
  8
A_DIM
370
    -2
 62
    45
100
AcDbLine
 10
309.9675045697705
 20
-158.9914708540428
 30
0.0
 11
309.4340927352702
 21
-158.9914708540428
 31
0.0
  0
LINE
  5
FE24
330
EBE5
100
AcDbEntity
  8
A_DIM
370
    -2
 62
    45
100
AcDbLine
 10
309.9675045697705
 20
-160.9614708540428
 30
0.0
 11
309.4340927352702
 21
-160.9614708540428
 31
0.0
  0
LINE
  5
FE25
330
EBE5
100
AcDbEntity
  8
A_DIM
370
    -2
 62
    45
100
AcDbLine
 10
309.4340927352702
 20
-158.9914708540428
 30
0.0
 11
309.4340927352702
 21
-160.9614708540428
 31
0.0
  0
INSERT
  5
FE26
330
EBE5
100
AcDbEntity
  8
A_DIM
370
    -2
 62
    45
100
AcDbBlockReference
  2
_ArchTick
 10
309.4340927352702
 20
-158.9914708540428
 30
0.0
 41
0.07000000000000001
 42
0.07000000000000001
 43
0.07000000000000001
 50
90.0
  0
INSERT
  5
FE27
330
EBE5
100
AcDbEntity
  8
A_DIM
370
    -2
 62
    45
100
AcDbBlockReference
  2
_ArchTick
 10
309.4340927352702
 20
-160.9614708540428
 30
0.0
 41
0.07000000000000001
 42
0.07000000000000001
 43
0.07000000000000001
 50
270.0
  0
MTEXT
  5
FE28
330
EBE5
100
AcDbEntity
  8
A_DIM
100
AcDbMText
 10
309.3075067871118
 20
-159.9764708540428
 30
0.0
210
0.0
220
0.0
230
1.0
 11
6.123233995736766E-17
 21
1.0
 31
0.0
 40
0.15
 41
0.0
 46
0.0
 71
     5
 72
     1
  1
\A1;1.97
  7
ARIAL
 73
     1
 44
1.0
101
Embedded Object
 70
     1
 10
309.3075067871118
 20
-159.9764708540428
 30
0.0
 11
6.123233995736766E-17
 21
1.0
 31
0.0
 40
0.0
 41
0.0
 42
0.3755115961800818
 43
0.1531718963165075
 71
     0
  0
POINT
  5
FE29
330
EBE5
100
AcDbEntity
  8
Defpoints
 62
     0
100
AcDbPoint
 10
309.9675045697705
 20
-158.9914708540428
 30
0.0
 50
0.0
  0
POINT
  5
FE2A
330
EBE5
100
AcDbEntity
  8
Defpoints
 62
     0
100
AcDbPoint
 10
309.9675045697705
 20
-160.9614708540428
 30
0.0
 50
0.0
  0
POINT
  5
FE2B
330
EBE5
100
AcDbEntity
  8
Defpoints
 62
     0
100
AcDbPoint
 10
309.4340927352702
 20
-160.9614708540428
 30
0.0
 50
0.0
  0
ENDBLK
  5
EBE7
330
EBE5
100
AcDbEntity
  8
0
100
AcDbBlockEnd
  0
BLOCK
  5
EBFE
330
EBFD
100
AcDbEntity
  8
0
100
AcDbBlockBegin
  2
*D417
 70
     1
 10
0.0
 20
0.0
 30
0.0
  3
*D417
  1

  0
LINE
  5
FE2C
330
EBFD
100
AcDbEntity
  8
A_DIM
370
    -2
 62
    45
100
AcDbLine
 10
309.9675045697704
 20
-160.9614708540427
 30
0.0
 11
309.9675045697704
 21
-162.3047625845782
 31
0.0
  0
LINE
  5
FE2D
330
EBFD
100
AcDbEntity
  8
A_DIM
370
    -2
 62
    45
100
AcDbLine
 10
312.8875045697703
 20
-160.9614708540427
 30
0.0
 11
312.8875045697703
 21
-162.3047625845782
 31
0.0
  0
LINE
  5
FE2E
330
EBFD
100
AcDbEntity
  8
A_DIM
370
    -2
 62
    45
100
AcDbLine
 10
309.9675045697704
 20
-162.3047625845782
 30
0.0
 11
312.8875045697703
 21
-162.3047625845782
 31
0.0
  0
INSERT
  5
FE2F
330
EBFD
100
AcDbEntity
  8
A_DIM
370
    -2
 62
    45
100
AcDbBlockReference
  2
_ArchTick
 10
309.9675045697704
 20
-162.3047625845782
 30
0.0
 41
0.07000000000000001
 42
0.07000000000000001
 43
0.07000000000000001
 50
180.0
  0
INSERT
  5
FE30
330
EBFD
100
AcDbEntity
  8
A_DIM
370
    -2
 62
    45
100
AcDbBlockReference
  2
_ArchTick
 10
312.8875045697703
 20
-162.3047625845782
 30
0.0
 41
0.07000000000000001
 42
0.07000000000000001
 43
0.07000000000000001
  0
MTEXT
  5
FE31
330
EBFD
100
AcDbEntity
  8
A_DIM
100
AcDbMText
 10
311.4275045697703
 20
-162.1781766364199
 30
0.0
210
0.0
220
0.0
230
1.0
 11
1.0
 21
0.0
 31
0.0
 40
0.15
 41
0.0
 46
0.0
 71
     5
 72
     1
  1
\A1;2.92
  7
ARIAL
 73
     1
 44
1.0
101
Embedded Object
 70
     1
 10
311.4275045697703
 20
-162.1781766364199
 30
0.0
 11
1.0
 21
0.0
 31
0.0
 40
0.0
 41
0.0
 42
0.3906548431105047
 43
0.1531718963165075
 71
     0
  0
POINT
  5
FE32
330
EBFD
100
AcDbEntity
  8
Defpoints
 62
     0
100
AcDbPoint
 10
309.9675045697704
 20
-160.9614708540427
 30
0.0
 50
0.0
  0
POINT
  5
FE33
330
EBFD
100
AcDbEntity
  8
Defpoints
 62
     0
100
AcDbPoint
 10
312.8875045697703
 20
-160.9614708540427
 30
0.0
 50
0.0
  0
POINT
  5
FE34
330
EBFD
100
AcDbEntity
  8
Defpoints
 62
     0
100
AcDbPoint
 10
312.8875045697703
 20
-162.3047625845782
 30
0.0
 50
0.0
  0
ENDBLK
  5
EBFF
330
EBFD
100
AcDbEntity
  8
0
100
AcDbBlockEnd
  0
BLOCK
  5
EC16
330
EC15
100
AcDbEntity
  8
0
100
AcDbBlockBegin
  2
*D418
 70
     1
 10
0.0
 20
0.0
 30
0.0
  3
*D418
  1

  0
LINE
  5
FE35
330
EC15
100
AcDbEntity
  8
A_DIM
370
    -2
 62
    45
100
AcDbLine
 10
313.0375045697703
 20
-160.9614708540427
 30
0.0
 11
313.0375045697703
 21
-162.3047625845782
 31
0.0
  0
LINE
  5
FE36
330
EC15
100
AcDbEntity
  8
A_DIM
370
    -2
 62
    45
100
AcDbLine
 10
317.2175045697704
 20
-160.9614708540427
 30
0.0
 11
317.2175045697704
 21
-162.3047625845782
 31
0.0
  0
LINE
  5
FE37
330
EC15
100
AcDbEntity
  8
A_DIM
370
    -2
 62
    45
100
AcDbLine
 10
313.0375045697703
 20
-162.3047625845782
 30
0.0
 11
317.2175045697704
 21
-162.3047625845782
 31
0.0
  0
INSERT
  5
FE38
330
EC15
100
AcDbEntity
  8
A_DIM
370
    -2
 62
    45
100
AcDbBlockReference
  2
_ArchTick
 10
313.0375045697703
 20
-162.3047625845782
 30
0.0
 41
0.07000000000000001
 42
0.07000000000000001
 43
0.07000000000000001
 50
180.0
  0
INSERT
  5
FE39
330
EC15
100
AcDbEntity
  8
A_DIM
370
    -2
 62
    45
100
AcDbBlockReference
  2
_ArchTick
 10
317.2175045697704
 20
-162.3047625845782
 30
0.0
 41
0.07000000000000001
 42
0.07000000000000001
 43
0.07000000000000001
  0
MTEXT
  5
FE3A
330
EC15
100
AcDbEntity
  8
A_DIM
100
AcDbMText
 10
315.1275045697703
 20
-162.1781766364199
 30
0.0
210
0.0
220
0.0
230
1.0
 11
1.0
 21
0.0
 31
0.0
 40
0.15
 41
0.0
 46
0.0
 71
     5
 72
     1
  1
\A1;4.18
  7
ARIAL
 73
     1
 44
1.0
101
Embedded Object
 70
     1
 10
315.1275045697703
 20
-162.1781766364199
 30
0.0
 11
1.0
 21
0.0
 31
0.0
 40
0.0
 41
0.0
 42
0.3959754433833561
 43
0.1531718963165075
 71
     0
  0
POINT
  5
FE3B
330
EC15
100
AcDbEntity
  8
Defpoints
 62
     0
100
AcDbPoint
 10
313.0375045697703
 20
-160.9614708540427
 30
0.0
 50
0.0
  0
POINT
  5
FE3C
330
EC15
100
AcDbEntity
  8
Defpoints
 62
     0
100
AcDbPoint
 10
317.2175045697704
 20
-160.9614708540427
 30
0.0
 50
0.0
  0
POINT
  5
FE3D
330
EC15
100
AcDbEntity
  8
Defpoints
 62
     0
100
AcDbPoint
 10
317.2175045697704
 20
-162.3047625845782
 30
0.0
 50
0.0
  0
ENDBLK
  5
EC17
330
EC15
100
AcDbEntity
  8
0
100
AcDbBlockEnd
  0
BLOCK
  5
EC2E
330
EC2D
100
AcDbEntity
  8
0
100
AcDbBlockBegin
  2
*D419
 70
     1
 10
0.0
 20
0.0
 30
0.0
  3
*D419
  1

  0
LINE
  5
FE3E
330
EC2D
100
AcDbEntity
  8
A_DIM
370
    -2
 62
    45
100
AcDbLine
 10
317.2175045697705
 20
-155.6914708540429
 30
0.0
 11
318.1449448916297
 21
-155.6914708540429
 31
0.0
  0
LINE
  5
FE3F
330
EC2D
100
AcDbEntity
  8
A_DIM
370
    -2
 62
    45
100
AcDbLine
 10
317.2175045697705
 20
-160.9614708540428
 30
0.0
 11
318.1449448916297
 21
-160.9614708540428
 31
0.0
  0
LINE
  5
FE40
330
EC2D
100
AcDbEntity
  8
A_DIM
370
    -2
 62
    45
100
AcDbLine
 10
318.1449448916297
 20
-155.6914708540429
 30
0.0
 11
318.1449448916297
 21
-160.9614708540428
 31
0.0
  0
INSERT
  5
FE41
330
EC2D
100
AcDbEntity
  8
A_DIM
370
    -2
 62
    45
100
AcDbBlockReference
  2
_ArchTick
 10
318.1449448916297
 20
-155.6914708540429
 30
0.0
 41
0.07000000000000001
 42
0.07000000000000001
 43
0.07000000000000001
 50
90.0
  0
INSERT
  5
FE42
330
EC2D
100
AcDbEntity
  8
A_DIM
370
    -2
 62
    45
100
AcDbBlockReference
  2
_ArchTick
 10
318.1449448916297
 20
-160.9614708540428
 30
0.0
 41
0.07000000000000001
 42
0.07000000000000001
 43
0.07000000000000001
 50
270.0
  0
MTEXT
  5
FE43
330
EC2D
100
AcDbEntity
  8
A_DIM
100
AcDbMText
 10
318.0183589434714
 20
-158.3264708540429
 30
0.0
210
0.0
220
0.0
230
1.0
 11
6.123233995736766E-17
 21
1.0
 31
0.0
 40
0.15
 41
0.0
 46
0.0
 71
     5
 72
     1
  1
\A1;5.27
  7
ARIAL
 73
     1
 44
1.0
101
Embedded Object
 70
     1
 10
318.0183589434714
 20
-158.3264708540429
 30
0.0
 11
6.123233995736766E-17
 21
1.0
 31
0.0
 40
0.0
 41
0.0
 42
0.3896316507503411
 43
0.1531718963165075
 71
     0
  0
POINT
  5
FE44
330
EC2D
100
AcDbEntity
  8
Defpoints
 62
     0
100
AcDbPoint
 10
317.2175045697705
 20
-155.6914708540429
 30
0.0
 50
0.0
  0
POINT
  5
FE45
330
EC2D
100
AcDbEntity
  8
Defpoints
 62
     0
100
AcDbPoint
 10
317.2175045697705
 20
-160.9614708540428
 30
0.0
 50
0.0
  0
POINT
  5
FE46
330
EC2D
100
AcDbEntity
  8
Defpoints
 62
     0
100
AcDbPoint
 10
318.1449448916297
 20
-160.9614708540428
 30
0.0
 50
0.0
  0
ENDBLK
  5
EC2F
330
EC2D
100
AcDbEntity
  8
0
100
AcDbBlockEnd
  0
BLOCK
  5
EC46
330
EC45
100
AcDbEntity
  8
0
100
AcDbBlockBegin
  2
*D420
 70
     1
 10
0.0
 20
0.0
 30
0.0
  3
*D420
  1

  0
LINE
  5
FE47
330
EC45
100
AcDbEntity
  8
A_DIM
370
    -2
 62
    45
100
AcDbLine
 10
313.0375045697705
 20
-157.3514708540427
 30
0.0
 11
313.5571329953847
 21
-157.3514708540427
 31
0.0
  0
LINE
  5
FE48
330
EC45
100
AcDbEntity
  8
A_DIM
370
    -2
 62
    45
100
AcDbLine
 10
313.0375045697705
 20
-155.6914708540428
 30
0.0
 11
313.5571329953847
 21
-155.6914708540428
 31
0.0
  0
LINE
  5
FE49
330
EC45
100
AcDbEntity
  8
A_DIM
370
    -2
 62
    45
100
AcDbLine
 10
313.5571329953847
 20
-157.3514708540427
 30
0.0
 11
313.5571329953847
 21
-155.6914708540428
 31
0.0
  0
INSERT
  5
FE4A
330
EC45
100
AcDbEntity
  8
A_DIM
370
    -2
 62
    45
100
AcDbBlockReference
  2
_ArchTick
 10
313.5571329953847
 20
-157.3514708540427
 30
0.0
 41
0.07000000000000001
 42
0.07000000000000001
 43
0.07000000000000001
 50
270.0
  0
INSERT
  5
FE4B
330
EC45
100
AcDbEntity
  8
A_DIM
370
    -2
 62
    45
100
AcDbBlockReference
  2
_ArchTick
 10
313.5571329953847
 20
-155.6914708540428
 30
0.0
 41
0.07000000000000001
 42
0.07000000000000001
 43
0.07000000000000001
 50
90.0
  0
MTEXT
  5
FE4C
330
EC45
100
AcDbEntity
  8
A_DIM
100
AcDbMText
 10
313.4305470472263
 20
-156.5214708540428
 30
0.0
210
0.0
220
0.0
230
1.0
 11
6.123233995736766E-17
 21
1.0
 31
0.0
 40
0.15
 41
0.0
 46
0.0
 71
     5
 72
     1
  1
\A1;1.66
  7
ARIAL
 73
     1
 44
1.0
101
Embedded Object
 70
     1
 10
313.4305470472263
 20
-156.5214708540428
 30
0.0
 11
6.123233995736766E-17
 21
1.0
 31
0.0
 40
0.0
 41
0.0
 42
0.3754092769440655
 43
0.1531718963165075
 71
     0
  0
POINT
  5
FE4D
330
EC45
100
AcDbEntity
  8
Defpoints
 62
     0
100
AcDbPoint
 10
313.0375045697705
 20
-157.3514708540427
 30
0.0
 50
0.0
  0
POINT
  5
FE4E
330
EC45
100
AcDbEntity
  8
Defpoints
 62
     0
100
AcDbPoint
 10
313.0375045697705
 20
-155.6914708540428
 30
0.0
 50
0.0
  0
POINT
  5
FE4F
330
EC45
100
AcDbEntity
  8
Defpoints
 62
     0
100
AcDbPoint
 10
313.5571329953847
 20
-155.6914708540428
 30
0.0
 50
0.0
  0
ENDBLK
  5
EC47
330
EC45
100
AcDbEntity
  8
0
100
AcDbBlockEnd
  0
BLOCK
  5
EC5E
330
EC5D
100
AcDbEntity
  8
0
100
AcDbBlockBegin
  2
*D421
 70
     1
 10
0.0
 20
0.0
 30
0.0
  3
*D421
  1

  0
LINE
  5
FE50
330
EC5D
100
AcDbEntity
  8
A_DIM
370
    -2
 62
    45
100
AcDbLine
 10
313.0375045697705
 20
-157.3514708540427
 30
0.0
 11
313.5571329953848
 21
-157.3514708540427
 31
0.0
  0
LINE
  5
FE51
330
EC5D
100
AcDbEntity
  8
A_DIM
370
    -2
 62
    45
100
AcDbLine
 10
313.0375045697704
 20
-160.9614708540428
 30
0.0
 11
313.5571329953848
 21
-160.9614708540428
 31
0.0
  0
LINE
  5
FE52
330
EC5D
100
AcDbEntity
  8
A_DIM
370
    -2
 62
    45
100
AcDbLine
 10
313.5571329953848
 20
-157.3514708540427
 30
0.0
 11
313.5571329953848
 21
-160.9614708540428
 31
0.0
  0
INSERT
  5
FE53
330
EC5D
100
AcDbEntity
  8
A_DIM
370
    -2
 62
    45
100
AcDbBlockReference
  2
_ArchTick
 10
313.5571329953848
 20
-157.3514708540427
 30
0.0
 41
0.07000000000000001
 42
0.07000000000000001
 43
0.07000000000000001
 50
90.0
  0
INSERT
  5
FE54
330
EC5D
100
AcDbEntity
  8
A_DIM
370
    -2
 62
    45
100
AcDbBlockReference
  2
_ArchTick
 10
313.5571329953848
 20
-160.9614708540428
 30
0.0
 41
0.07000000000000001
 42
0.07000000000000001
 43
0.07000000000000001
 50
270.0
  0
MTEXT
  5
FE55
330
EC5D
100
AcDbEntity
  8
A_DIM
100
AcDbMText
 10
313.4304958876084
 20
-159.1564708540428
 30
0.0
210
0.0
220
0.0
230
1.0
 11
6.123233995736766E-17
 21
1.0
 31
0.0
 40
0.15
 41
0.0
 46
0.0
 71
     5
 72
     1
  1
\A1;3.61
  7
ARIAL
 73
     1
 44
1.0
101
Embedded Object
 70
     1
 10
313.4304958876084
 20
-159.1564708540428
 30
0.0
 11
6.123233995736766E-17
 21
1.0
 31
0.0
 40
0.0
 41
0.0
 42
0.3605729877216917
 43
0.1532742155525239
 71
     0
  0
POINT
  5
FE56
330
EC5D
100
AcDbEntity
  8
Defpoints
 62
     0
100
AcDbPoint
 10
313.0375045697705
 20
-157.3514708540427
 30
0.0
 50
0.0
  0
POINT
  5
FE57
330
EC5D
100
AcDbEntity
  8
Defpoints
 62
     0
100
AcDbPoint
 10
313.0375045697704
 20
-160.9614708540428
 30
0.0
 50
0.0
  0
POINT
  5
FE58
330
EC5D
100
AcDbEntity
  8
Defpoints
 62
     0
100
AcDbPoint
 10
313.5571329953848
 20
-160.9614708540428
 30
0.0
 50
0.0
  0
ENDBLK
  5
EC5F
330
EC5D
100
AcDbEntity
  8
0
100
AcDbBlockEnd
  0
BLOCK
  5
EC6B
330
EC6A
100
AcDbEntity
  8
0
100
AcDbBlockBegin
  2
*D422
 70
     1
 10
0.0
 20
0.0
 30
0.0
  3
*D422
  1

  0
LINE
  5
FE59
330
EC6A
100
AcDbEntity
  8
A_DIM
370
    -2
 62
    45
100
AcDbLine
 10
308.5275045697704
 20
-150.5014708540427
 30
0.0
 11
308.5275045697704
 21
-149.9230325645534
 31
0.0
  0
LINE
  5
FE5A
330
EC6A
100
AcDbEntity
  8
A_DIM
370
    -2
 62
    45
100
AcDbLine
 10
310.0875045697704
 20
-150.5014708540427
 30
0.0
 11
310.0875045697704
 21
-149.9230325645534
 31
0.0
  0
LINE
  5
FE5B
330
EC6A
100
AcDbEntity
  8
A_DIM
370
    -2
 62
    45
100
AcDbLine
 10
308.5275045697704
 20
-149.9230325645534
 30
0.0
 11
310.0875045697704
 21
-149.9230325645534
 31
0.0
  0
INSERT
  5
FE5C
330
EC6A
100
AcDbEntity
  8
A_DIM
370
    -2
 62
    45
100
AcDbBlockReference
  2
_ArchTick
 10
308.5275045697704
 20
-149.9230325645534
 30
0.0
 41
0.07000000000000001
 42
0.07000000000000001
 43
0.07000000000000001
 50
180.0
  0
INSERT
  5
FE5D
330
EC6A
100
AcDbEntity
  8
A_DIM
370
    -2
 62
    45
100
AcDbBlockReference
  2
_ArchTick
 10
310.0875045697704
 20
-149.9230325645534
 30
0.0
 41
0.07000000000000001
 42
0.07000000000000001
 43
0.07000000000000001
  0
MTEXT
  5
FE5E
330
EC6A
100
AcDbEntity
  8
A_DIM
100
AcDbMText
 10
309.3075045697705
 20
-149.7964466163951
 30
0.0
210
0.0
220
0.0
230
1.0
 11
1.0
 21
0.0
 31
0.0
 40
0.15
 41
0.0
 46
0.0
 71
     5
 72
     1
  1
\A1;1.56
  7
ARIAL
 73
     1
 44
1.0
101
Embedded Object
 70
     1
 10
309.3075045697705
 20
-149.7964466163951
 30
0.0
 11
1.0
 21
0.0
 31
0.0
 40
0.0
 41
0.0
 42
0.3754092769440655
 43
0.1531718963165075
 71
     0
  0
POINT
  5
FE5F
330
EC6A
100
AcDbEntity
  8
Defpoints
 62
     0
100
AcDbPoint
 10
308.5275045697704
 20
-150.5014708540427
 30
0.0
 50
0.0
  0
POINT
  5
FE60
330
EC6A
100
AcDbEntity
  8
Defpoints
 62
     0
100
AcDbPoint
 10
310.0875045697704
 20
-150.5014708540427
 30
0.0
 50
0.0
  0
POINT
  5
FE61
330
EC6A
100
AcDbEntity
  8
Defpoints
 62
     0
100
AcDbPoint
 10
310.0875045697704
 20
-149.9230325645534
 30
0.0
 50
0.0
  0
ENDBLK
  5
EC6C
330
EC6A
100
AcDbEntity
  8
0
100
AcDbBlockEnd
  0
BLOCK
  5
EC83
330
EC82
100
AcDbEntity
  8
0
100
AcDbBlockBegin
  2
*D423
 70
     1
 10
0.0
 20
0.0
 30
0.0
  3
*D423
  1

  0
LINE
  5
FE62
330
EC82
100
AcDbEntity
  8
A_DIM
370
    -2
 62
    45
100
AcDbLine
 10
304.2375045697704
 20
-151.8014708540426
 30
0.0
 11
304.2375045697704
 21
-149.9230325645534
 31
0.0
  0
LINE
  5
FE63
330
EC82
100
AcDbEntity
  8
A_DIM
370
    -2
 62
    45
100
AcDbLine
 10
305.5275045697704
 20
-151.8014708540426
 30
0.0
 11
305.5275045697704
 21
-149.9230325645534
 31
0.0
  0
LINE
  5
FE64
330
EC82
100
AcDbEntity
  8
A_DIM
370
    -2
 62
    45
100
AcDbLine
 10
304.2375045697704
 20
-149.9230325645534
 30
0.0
 11
305.5275045697704
 21
-149.9230325645534
 31
0.0
  0
INSERT
  5
FE65
330
EC82
100
AcDbEntity
  8
A_DIM
370
    -2
 62
    45
100
AcDbBlockReference
  2
_ArchTick
 10
304.2375045697704
 20
-149.9230325645534
 30
0.0
 41
0.07000000000000001
 42
0.07000000000000001
 43
0.07000000000000001
 50
180.0
  0
INSERT
  5
FE66
330
EC82
100
AcDbEntity
  8
A_DIM
370
    -2
 62
    45
100
AcDbBlockReference
  2
_ArchTick
 10
305.5275045697704
 20
-149.9230325645534
 30
0.0
 41
0.07000000000000001
 42
0.07000000000000001
 43
0.07000000000000001
  0
MTEXT
  5
FE67
330
EC82
100
AcDbEntity
  8
A_DIM
100
AcDbMText
 10
304.8825045697704
 20
-149.7964466163951
 30
0.0
210
0.0
220
0.0
230
1.0
 11
1.0
 21
0.0
 31
0.0
 40
0.15
 41
0.0
 46
0.0
 71
     5
 72
     1
  1
\A1;1.29
  7
ARIAL
 73
     1
 44
1.0
101
Embedded Object
 70
     1
 10
304.8825045697704
 20
-149.7964466163951
 30
0.0
 11
1.0
 21
0.0
 31
0.0
 40
0.0
 41
0.0
 42
0.375818553888131
 43
0.1531718963165075
 71
     0
  0
POINT
  5
FE68
330
EC82
100
AcDbEntity
  8
Defpoints
 62
     0
100
AcDbPoint
 10
304.2375045697704
 20
-151.8014708540426
 30
0.0
 50
0.0
  0
POINT
  5
FE69
330
EC82
100
AcDbEntity
  8
Defpoints
 62
     0
100
AcDbPoint
 10
305.5275045697704
 20
-151.8014708540426
 30
0.0
 50
0.0
  0
POINT
  5
FE6A
330
EC82
100
AcDbEntity
  8
Defpoints
 62
     0
100
AcDbPoint
 10
305.5275045697704
 20
-149.9230325645534
 30
0.0
 50
0.0
  0
ENDBLK
  5
EC84
330
EC82
100
AcDbEntity
  8
0
100
AcDbBlockEnd
  0
BLOCK
  5
EC9B
330
EC9A
100
AcDbEntity
  8
0
100
AcDbBlockBegin
  2
*D424
 70
     1
 10
0.0
 20
0.0
 30
0.0
  3
*D424
  1

  0
LINE
  5
FE6B
330
EC9A
100
AcDbEntity
  8
A_DIM
370
    -2
 62
    45
100
AcDbLine
 10
305.7575045697704
 20
-151.8014708540427
 30
0.0
 11
305.7575045697704
 21
-149.9230325645534
 31
0.0
  0
LINE
  5
FE6C
330
EC9A
100
AcDbEntity
  8
A_DIM
370
    -2
 62
    45
100
AcDbLine
 10
308.3075045697704
 20
-150.2614708540426
 30
0.0
 11
308.3075045697704
 21
-149.9230325645534
 31
0.0
  0
LINE
  5
FE6D
330
EC9A
100
AcDbEntity
  8
A_DIM
370
    -2
 62
    45
100
AcDbLine
 10
305.7575045697704
 20
-149.9230325645534
 30
0.0
 11
308.3075045697704
 21
-149.9230325645534
 31
0.0
  0
INSERT
  5
FE6E
330
EC9A
100
AcDbEntity
  8
A_DIM
370
    -2
 62
    45
100
AcDbBlockReference
  2
_ArchTick
 10
305.7575045697704
 20
-149.9230325645534
 30
0.0
 41
0.07000000000000001
 42
0.07000000000000001
 43
0.07000000000000001
 50
180.0
  0
INSERT
  5
FE6F
330
EC9A
100
AcDbEntity
  8
A_DIM
370
    -2
 62
    45
100
AcDbBlockReference
  2
_ArchTick
 10
308.3075045697704
 20
-149.9230325645534
 30
0.0
 41
0.07000000000000001
 42
0.07000000000000001
 43
0.07000000000000001
  0
MTEXT
  5
FE70
330
EC9A
100
AcDbEntity
  8
A_DIM
100
AcDbMText
 10
307.0325045697704
 20
-149.7964466163951
 30
0.0
210
0.0
220
0.0
230
1.0
 11
1.0
 21
0.0
 31
0.0
 40
0.15
 41
0.0
 46
0.0
 71
     5
 72
     1
  1
\A1;2.55
  7
ARIAL
 73
     1
 44
1.0
101
Embedded Object
 70
     1
 10
307.0325045697704
 20
-149.7964466163951
 30
0.0
 11
1.0
 21
0.0
 31
0.0
 40
0.0
 41
0.0
 42
0.3933151432469304
 43
0.1531718963165075
 71
     0
  0
POINT
  5
FE71
330
EC9A
100
AcDbEntity
  8
Defpoints
 62
     0
100
AcDbPoint
 10
305.7575045697704
 20
-151.8014708540427
 30
0.0
 50
0.0
  0
POINT
  5
FE72
330
EC9A
100
AcDbEntity
  8
Defpoints
 62
     0
100
AcDbPoint
 10
308.3075045697704
 20
-150.2614708540426
 30
0.0
 50
0.0
  0
POINT
  5
FE73
330
EC9A
100
AcDbEntity
  8
Defpoints
 62
     0
100
AcDbPoint
 10
308.3075045697704
 20
-149.9230325645534
 30
0.0
 50
0.0
  0
ENDBLK
  5
EC9C
330
EC9A
100
AcDbEntity
  8
0
100
AcDbBlockEnd
  0
BLOCK
  5
ECC5
330
ECC4
100
AcDbEntity
  8
0
100
AcDbBlockBegin
  2
*D425
 70
     1
 10
0.0
 20
0.0
 30
0.0
  3
*D425
  1

  0
LINE
  5
FE74
330
ECC4
100
AcDbEntity
  8
A_DIM
370
    -2
 62
    45
100
AcDbLine
 10
310.2375045697704
 20
-150.5014708540427
 30
0.0
 11
310.2375045697704
 21
-149.9230325645534
 31
0.0
  0
LINE
  5
FE75
330
ECC4
100
AcDbEntity
  8
A_DIM
370
    -2
 62
    45
100
AcDbLine
 10
312.7075045697704
 20
-150.5014708540427
 30
0.0
 11
312.7075045697704
 21
-149.9230325645534
 31
0.0
  0
LINE
  5
FE76
330
ECC4
100
AcDbEntity
  8
A_DIM
370
    -2
 62
    45
100
AcDbLine
 10
310.2375045697704
 20
-149.9230325645534
 30
0.0
 11
312.7075045697704
 21
-149.9230325645534
 31
0.0
  0
INSERT
  5
FE77
330
ECC4
100
AcDbEntity
  8
A_DIM
370
    -2
 62
    45
100
AcDbBlockReference
  2
_ArchTick
 10
310.2375045697704
 20
-149.9230325645534
 30
0.0
 41
0.07000000000000001
 42
0.07000000000000001
 43
0.07000000000000001
 50
180.0
  0
INSERT
  5
FE78
330
ECC4
100
AcDbEntity
  8
A_DIM
370
    -2
 62
    45
100
AcDbBlockReference
  2
_ArchTick
 10
312.7075045697704
 20
-149.9230325645534
 30
0.0
 41
0.07000000000000001
 42
0.07000000000000001
 43
0.07000000000000001
  0
MTEXT
  5
FE79
330
ECC4
100
AcDbEntity
  8
A_DIM
100
AcDbMText
 10
311.4725045697704
 20
-149.7977256068453
 30
0.0
210
0.0
220
0.0
230
1.0
 11
1.0
 21
0.0
 31
0.0
 40
0.15
 41
0.0
 46
0.0
 71
     5
 72
     1
  1
\A1;2.47
  7
ARIAL
 73
     1
 44
1.0
101
Embedded Object
 70
     1
 10
311.4725045697704
 20
-149.7977256068453
 30
0.0
 11
1.0
 21
0.0
 31
0.0
 40
0.0
 41
0.0
 42
0.3921896316507503
 43
0.1506139154160982
 71
     0
  0
POINT
  5
FE7A
330
ECC4
100
AcDbEntity
  8
Defpoints
 62
     0
100
AcDbPoint
 10
310.2375045697704
 20
-150.5014708540427
 30
0.0
 50
0.0
  0
POINT
  5
FE7B
330
ECC4
100
AcDbEntity
  8
Defpoints
 62
     0
100
AcDbPoint
 10
312.7075045697704
 20
-150.5014708540427
 30
0.0
 50
0.0
  0
POINT
  5
FE7C
330
ECC4
100
AcDbEntity
  8
Defpoints
 62
     0
100
AcDbPoint
 10
312.7075045697704
 20
-149.9230325645534
 30
0.0
 50
0.0
  0
ENDBLK
  5
ECC6
330
ECC4
100
AcDbEntity
  8
0
100
AcDbBlockEnd
  0
BLOCK
  5
ECDD
330
ECDC
100
AcDbEntity
  8
0
100
AcDbBlockBegin
  2
*D426
 70
     1
 10
0.0
 20
0.0
 30
0.0
  3
*D426
  1

  0
LINE
  5
FE7D
330
ECDC
100
AcDbEntity
  8
A_DIM
370
    -2
 62
    45
100
AcDbLine
 10
312.9475045697704
 20
-150.5014708540427
 30
0.0
 11
312.9475045697704
 21
-149.9230325645534
 31
0.0
  0
LINE
  5
FE7E
330
ECDC
100
AcDbEntity
  8
A_DIM
370
    -2
 62
    45
100
AcDbLine
 10
317.0875045697704
 20
-150.5014708540427
 30
0.0
 11
317.0875045697704
 21
-149.9230325645534
 31
0.0
  0
LINE
  5
FE7F
330
ECDC
100
AcDbEntity
  8
A_DIM
370
    -2
 62
    45
100
AcDbLine
 10
312.9475045697704
 20
-149.9230325645534
 30
0.0
 11
317.0875045697704
 21
-149.9230325645534
 31
0.0
  0
INSERT
  5
FE80
330
ECDC
100
AcDbEntity
  8
A_DIM
370
    -2
 62
    45
100
AcDbBlockReference
  2
_ArchTick
 10
312.9475045697704
 20
-149.9230325645534
 30
0.0
 41
0.07000000000000001
 42
0.07000000000000001
 43
0.07000000000000001
 50
180.0
  0
INSERT
  5
FE81
330
ECDC
100
AcDbEntity
  8
A_DIM
370
    -2
 62
    45
100
AcDbBlockReference
  2
_ArchTick
 10
317.0875045697704
 20
-149.9230325645534
 30
0.0
 41
0.07000000000000001
 42
0.07000000000000001
 43
0.07000000000000001
  0
MTEXT
  5
FE82
330
ECDC
100
AcDbEntity
  8
A_DIM
100
AcDbMText
 10
315.0175045697704
 20
-149.7977256068453
 30
0.0
210
0.0
220
0.0
230
1.0
 11
1.0
 21
0.0
 31
0.0
 40
0.15
 41
0.0
 46
0.0
 71
     5
 72
     1
  1
\A1;4.14
  7
ARIAL
 73
     1
 44
1.0
101
Embedded Object
 70
     1
 10
315.0175045697704
 20
-149.7977256068453
 30
0.0
 11
1.0
 21
0.0
 31
0.0
 40
0.0
 41
0.0
 42
0.3950545702592087
 43
0.1506139154160982
 71
     0
  0
POINT
  5
FE83
330
ECDC
100
AcDbEntity
  8
Defpoints
 62
     0
100
AcDbPoint
 10
312.9475045697704
 20
-150.5014708540427
 30
0.0
 50
0.0
  0
POINT
  5
FE84
330
ECDC
100
AcDbEntity
  8
Defpoints
 62
     0
100
AcDbPoint
 10
317.0875045697704
 20
-150.5014708540427
 30
0.0
 50
0.0
  0
POINT
  5
FE85
330
ECDC
100
AcDbEntity
  8
Defpoints
 62
     0
100
AcDbPoint
 10
317.0875045697704
 20
-149.9230325645534
 30
0.0
 50
0.0
  0
ENDBLK
  5
ECDE
330
ECDC
100
AcDbEntity
  8
0
100
AcDbBlockEnd
  0
BLOCK
  5
ECF5
330
ECF4
100
AcDbEntity
  8
0
100
AcDbBlockBegin
  2
*D427
 70
     1
 10
0.0
 20
0.0
 30
0.0
  3
*D427
  1

  0
LINE
  5
FE86
330
ECF4
100
AcDbEntity
  8
A_DIM
370
    -2
 62
    45
100
AcDbLine
 10
312.9475045697705
 20
-150.5014708540428
 30
0.0
 11
313.4671163754939
 21
-150.5014708540428
 31
0.0
  0
LINE
  5
FE87
330
ECF4
100
AcDbEntity
  8
A_DIM
370
    -2
 62
    45
100
AcDbLine
 10
312.9475045697705
 20
-153.7014708540428
 30
0.0
 11
313.4671163754939
 21
-153.7014708540428
 31
0.0
  0
LINE
  5
FE88
330
ECF4
100
AcDbEntity
  8
A_DIM
370
    -2
 62
    45
100
AcDbLine
 10
313.4671163754939
 20
-150.5014708540428
 30
0.0
 11
313.4671163754939
 21
-153.7014708540428
 31
0.0
  0
INSERT
  5
FE89
330
ECF4
100
AcDbEntity
  8
A_DIM
370
    -2
 62
    45
100
AcDbBlockReference
  2
_ArchTick
 10
313.4671163754939
 20
-150.5014708540428
 30
0.0
 41
0.07000000000000001
 42
0.07000000000000001
 43
0.07000000000000001
 50
90.0
  0
INSERT
  5
FE8A
330
ECF4
100
AcDbEntity
  8
A_DIM
370
    -2
 62
    45
100
AcDbBlockReference
  2
_ArchTick
 10
313.4671163754939
 20
-153.7014708540428
 30
0.0
 41
0.07000000000000001
 42
0.07000000000000001
 43
0.07000000000000001
 50
270.0
  0
MTEXT
  5
FE8B
330
ECF4
100
AcDbEntity
  8
A_DIM
100
AcDbMText
 10
313.3404792677175
 20
-152.1014708540428
 30
0.0
210
0.0
220
0.0
230
1.0
 11
6.123233995736766E-17
 21
1.0
 31
0.0
 40
0.15
 41
0.0
 46
0.0
 71
     5
 72
     1
  1
\A1;3.20
  7
ARIAL
 73
     1
 44
1.0
101
Embedded Object
 70
     1
 10
313.3404792677175
 20
-152.1014708540428
 30
0.0
 11
6.123233995736766E-17
 21
1.0
 31
0.0
 40
0.0
 41
0.0
 42
0.3890177353342428
 43
0.1532742155525239
 71
     0
  0
POINT
  5
FE8C
330
ECF4
100
AcDbEntity
  8
Defpoints
 62
     0
100
AcDbPoint
 10
312.9475045697705
 20
-150.5014708540428
 30
0.0
 50
0.0
  0
POINT
  5
FE8D
330
ECF4
100
AcDbEntity
  8
Defpoints
 62
     0
100
AcDbPoint
 10
312.9475045697705
 20
-153.7014708540428
 30
0.0
 50
0.0
  0
POINT
  5
FE8E
330
ECF4
100
AcDbEntity
  8
Defpoints
 62
     0
100
AcDbPoint
 10
313.4671163754939
 20
-153.7014708540428
 30
0.0
 50
0.0
  0
ENDBLK
  5
ECF6
330
ECF4
100
AcDbEntity
  8
0
100
AcDbBlockEnd
  0
BLOCK
  5
ED0D
330
ED0C
100
AcDbEntity
  8
0
100
AcDbBlockBegin
  2
*D428
 70
     1
 10
0.0
 20
0.0
 30
0.0
  3
*D428
  1

  0
LINE
  5
FE8F
330
ED0C
100
AcDbEntity
  8
A_DIM
370
    -2
 62
    45
100
AcDbLine
 10
312.9475045697705
 20
-153.7014708540428
 30
0.0
 11
313.4671163754942
 21
-153.7014708540428
 31
0.0
  0
LINE
  5
FE90
330
ED0C
100
AcDbEntity
  8
A_DIM
370
    -2
 62
    45
100
AcDbLine
 10
312.9066376967055
 20
-155.4514708540428
 30
0.0
 11
313.4671163754942
 21
-155.4514708540428
 31
0.0
  0
LINE
  5
FE91
330
ED0C
100
AcDbEntity
  8
A_DIM
370
    -2
 62
    45
100
AcDbLine
 10
313.4671163754942
 20
-153.7014708540428
 30
0.0
 11
313.4671163754942
 21
-155.4514708540428
 31
0.0
  0
INSERT
  5
FE92
330
ED0C
100
AcDbEntity
  8
A_DIM
370
    -2
 62
    45
100
AcDbBlockReference
  2
_ArchTick
 10
313.4671163754942
 20
-153.7014708540428
 30
0.0
 41
0.07000000000000001
 42
0.07000000000000001
 43
0.07000000000000001
 50
90.0
  0
INSERT
  5
FE93
330
ED0C
100
AcDbEntity
  8
A_DIM
370
    -2
 62
    45
100
AcDbBlockReference
  2
_ArchTick
 10
313.4671163754942
 20
-155.4514708540428
 30
0.0
 41
0.07000000000000001
 42
0.07000000000000001
 43
0.07000000000000001
 50
270.0
  0
MTEXT
  5
FE94
330
ED0C
100
AcDbEntity
  8
A_DIM
100
AcDbMText
 10
313.3405304273359
 20
-154.5764708540428
 30
0.0
210
0.0
220
0.0
230
1.0
 11
6.123233995736766E-17
 21
1.0
 31
0.0
 40
0.15
 41
0.0
 46
0.0
 71
     5
 72
     1
  1
\A1;1.75
  7
ARIAL
 73
     1
 44
1.0
101
Embedded Object
 70
     1
 10
313.3405304273359
 20
-154.5764708540428
 30
0.0
 11
6.123233995736766E-17
 21
1.0
 31
0.0
 40
0.0
 41
0.0
 42
0.3766371077762619
 43
0.1531718963165075
 71
     0
  0
POINT
  5
FE95
330
ED0C
100
AcDbEntity
  8
Defpoints
 62
     0
100
AcDbPoint
 10
312.9475045697705
 20
-153.7014708540428
 30
0.0
 50
0.0
  0
POINT
  5
FE96
330
ED0C
100
AcDbEntity
  8
Defpoints
 62
     0
100
AcDbPoint
 10
312.9066376967055
 20
-155.4514708540428
 30
0.0
 50
0.0
  0
POINT
  5
FE97
330
ED0C
100
AcDbEntity
  8
Defpoints
 62
     0
100
AcDbPoint
 10
313.4671163754942
 20
-155.4514708540428
 30
0.0
 50
0.0
  0
ENDBLK
  5
ED0E
330
ED0C
100
AcDbEntity
  8
0
100
AcDbBlockEnd
  0
BLOCK
  5
ED6A
330
ED69
100
AcDbEntity
  8
0
100
AcDbBlockBegin
  2
*D429
 70
     1
 10
0.0
 20
0.0
 30
0.0
  3
*D429
  1

  0
LINE
  5
FE98
330
ED69
100
AcDbEntity
  8
A_DIM
370
    -2
 62
    45
100
AcDbLine
 10
310.7475045697704
 20
-155.6914708540426
 30
0.0
 11
310.7475045697704
 21
-156.08586699348
 31
0.0
  0
LINE
  5
FE99
330
ED69
100
AcDbEntity
  8
A_DIM
370
    -2
 62
    45
100
AcDbLine
 10
317.2175045697704
 20
-155.6914708540429
 30
0.0
 11
317.2175045697704
 21
-156.08586699348
 31
0.0
  0
LINE
  5
FE9A
330
ED69
100
AcDbEntity
  8
A_DIM
370
    -2
 62
    45
100
AcDbLine
 10
310.7475045697704
 20
-156.08586699348
 30
0.0
 11
317.2175045697704
 21
-156.08586699348
 31
0.0
  0
INSERT
  5
FE9B
330
ED69
100
AcDbEntity
  8
A_DIM
370
    -2
 62
    45
100
AcDbBlockReference
  2
_ArchTick
 10
310.7475045697704
 20
-156.08586699348
 30
0.0
 41
0.07000000000000001
 42
0.07000000000000001
 43
0.07000000000000001
 50
180.0
  0
INSERT
  5
FE9C
330
ED69
100
AcDbEntity
  8
A_DIM
370
    -2
 62
    45
100
AcDbBlockReference
  2
_ArchTick
 10
317.2175045697704
 20
-156.08586699348
 30
0.0
 41
0.07000000000000001
 42
0.07000000000000001
 43
0.07000000000000001
  0
MTEXT
  5
FE9D
330
ED69
100
AcDbEntity
  8
A_DIM
100
AcDbMText
 10
313.9825045697704
 20
-155.9592810453217
 30
0.0
210
0.0
220
0.0
230
1.0
 11
1.0
 21
0.0
 31
0.0
 40
0.15
 41
0.0
 46
0.0
 71
     5
 72
     1
  1
\A1;6.47
  7
ARIAL
 73
     1
 44
1.0
101
Embedded Object
 70
     1
 10
313.9825045697704
 20
-155.9592810453217
 30
0.0
 11
1.0
 21
0.0
 31
0.0
 40
0.0
 41
0.0
 42
0.390450204638472
 43
0.1531718963165075
 71
     0
  0
POINT
  5
FE9E
330
ED69
100
AcDbEntity
  8
Defpoints
 62
     0
100
AcDbPoint
 10
310.7475045697704
 20
-155.6914708540426
 30
0.0
 50
0.0
  0
POINT
  5
FE9F
330
ED69
100
AcDbEntity
  8
Defpoints
 62
     0
100
AcDbPoint
 10
317.2175045697704
 20
-155.6914708540429
 30
0.0
 50
0.0
  0
POINT
  5
FEA0
330
ED69
100
AcDbEntity
  8
Defpoints
 62
     0
100
AcDbPoint
 10
317.2175045697704
 20
-156.08586699348
 30
0.0
 50
0.0
  0
ENDBLK
  5
ED6B
330
ED69
100
AcDbEntity
  8
0
100
AcDbBlockEnd
  0
BLOCK
  5
ED9D
330
ED9C
100
AcDbEntity
  8
0
100
AcDbBlockBegin
  2
*D430
 70
     1
 10
0.0
 20
0.0
 30
0.0
  3
*D430
  1

  0
LINE
  5
FEA1
330
ED9C
100
AcDbEntity
  8
A_DIM
370
    -2
 62
    45
100
AcDbLine
 10
310.7475045697704
 20
-155.4514708540427
 30
0.0
 11
310.7475045697704
 21
-155.1513274169045
 31
0.0
  0
LINE
  5
FEA2
330
ED9C
100
AcDbEntity
  8
A_DIM
370
    -2
 62
    45
100
AcDbLine
 10
317.0875045697704
 20
-155.4514708540427
 30
0.0
 11
317.0875045697704
 21
-155.1513274169045
 31
0.0
  0
LINE
  5
FEA3
330
ED9C
100
AcDbEntity
  8
A_DIM
370
    -2
 62
    45
100
AcDbLine
 10
310.7475045697704
 20
-155.1513274169045
 30
0.0
 11
317.0875045697704
 21
-155.1513274169045
 31
0.0
  0
INSERT
  5
FEA4
330
ED9C
100
AcDbEntity
  8
A_DIM
370
    -2
 62
    45
100
AcDbBlockReference
  2
_ArchTick
 10
310.7475045697704
 20
-155.1513274169045
 30
0.0
 41
0.07000000000000001
 42
0.07000000000000001
 43
0.07000000000000001
 50
180.0
  0
INSERT
  5
FEA5
330
ED9C
100
AcDbEntity
  8
A_DIM
370
    -2
 62
    45
100
AcDbBlockReference
  2
_ArchTick
 10
317.0875045697704
 20
-155.1513274169045
 30
0.0
 41
0.07000000000000001
 42
0.07000000000000001
 43
0.07000000000000001
  0
MTEXT
  5
FEA6
330
ED9C
100
AcDbEntity
  8
A_DIM
100
AcDbMText
 10
313.9175045697704
 20
-155.0246903091282
 30
0.0
210
0.0
220
0.0
230
1.0
 11
1.0
 21
0.0
 31
0.0
 40
0.15
 41
0.0
 46
0.0
 71
     5
 72
     1
  1
\A1;6.34
  7
ARIAL
 73
     1
 44
1.0
101
Embedded Object
 70
     1
 10
313.9175045697704
 20
-155.0246903091282
 30
0.0
 11
1.0
 21
0.0
 31
0.0
 40
0.0
 41
0.0
 42
0.3898362892223738
 43
0.1532742155525239
 71
     0
  0
POINT
  5
FEA7
330
ED9C
100
AcDbEntity
  8
Defpoints
 62
     0
100
AcDbPoint
 10
310.7475045697704
 20
-155.4514708540427
 30
0.0
 50
0.0
  0
POINT
  5
FEA8
330
ED9C
100
AcDbEntity
  8
Defpoints
 62
     0
100
AcDbPoint
 10
317.0875045697704
 20
-155.4514708540427
 30
0.0
 50
0.0
  0
POINT
  5
FEA9
330
ED9C
100
AcDbEntity
  8
Defpoints
 62
     0
100
AcDbPoint
 10
317.0875045697704
 20
-155.1513274169045
 30
0.0
 50
0.0
  0
ENDBLK
  5
ED9E
330
ED9C
100
AcDbEntity
  8
0
100
AcDbBlockEnd
  0
BLOCK
  5
EDB5
330
EDB4
100
AcDbEntity
  8
0
100
AcDbBlockBegin
  2
*D431
 70
     1
 10
0.0
 20
0.0
 30
0.0
  3
*D431
  1

  0
LINE
  5
FEAA
330
EDB4
100
AcDbEntity
  8
A_DIM
370
    -2
 62
    45
100
AcDbLine
 10
317.0875045697705
 20
-155.4514708540428
 30
0.0
 11
316.7548347241595
 21
-155.4514708540428
 31
0.0
  0
LINE
  5
FEAB
330
EDB4
100
AcDbEntity
  8
A_DIM
370
    -2
 62
    45
100
AcDbLine
 10
317.0875045697705
 20
-150.5014708540428
 30
0.0
 11
316.7548347241595
 21
-150.5014708540428
 31
0.0
  0
LINE
  5
FEAC
330
EDB4
100
AcDbEntity
  8
A_DIM
370
    -2
 62
    45
100
AcDbLine
 10
316.7548347241595
 20
-155.4514708540428
 30
0.0
 11
316.7548347241595
 21
-150.5014708540428
 31
0.0
  0
INSERT
  5
FEAD
330
EDB4
100
AcDbEntity
  8
A_DIM
370
    -2
 62
    45
100
AcDbBlockReference
  2
_ArchTick
 10
316.7548347241595
 20
-155.4514708540428
 30
0.0
 41
0.07000000000000001
 42
0.07000000000000001
 43
0.07000000000000001
 50
270.0
  0
INSERT
  5
FEAE
330
EDB4
100
AcDbEntity
  8
A_DIM
370
    -2
 62
    45
100
AcDbBlockReference
  2
_ArchTick
 10
316.7548347241595
 20
-150.5014708540428
 30
0.0
 41
0.07000000000000001
 42
0.07000000000000001
 43
0.07000000000000001
 50
90.0
  0
MTEXT
  5
FEAF
330
EDB4
100
AcDbEntity
  8
A_DIM
100
AcDbMText
 10
316.6282487760012
 20
-152.9764708540428
 30
0.0
210
0.0
220
0.0
230
1.0
 11
6.123233995736766E-17
 21
1.0
 31
0.0
 40
0.15
 41
0.0
 46
0.0
 71
     5
 72
     1
  1
\A1;4.95
  7
ARIAL
 73
     1
 44
1.0
101
Embedded Object
 70
     1
 10
316.6282487760012
 20
-152.9764708540428
 30
0.0
 11
6.123233995736766E-17
 21
1.0
 31
0.0
 40
0.0
 41
0.0
 42
0.396793997271487
 43
0.1531718963165075
 71
     0
  0
POINT
  5
FEB0
330
EDB4
100
AcDbEntity
  8
Defpoints
 62
     0
100
AcDbPoint
 10
317.0875045697705
 20
-155.4514708540428
 30
0.0
 50
0.0
  0
POINT
  5
FEB1
330
EDB4
100
AcDbEntity
  8
Defpoints
 62
     0
100
AcDbPoint
 10
317.0875045697705
 20
-150.5014708540428
 30
0.0
 50
0.0
  0
POINT
  5
FEB2
330
EDB4
100
AcDbEntity
  8
Defpoints
 62
     0
100
AcDbPoint
 10
316.7548347241595
 20
-150.5014708540428
 30
0.0
 50
0.0
  0
ENDBLK
  5
EDB6
330
EDB4
100
AcDbEntity
  8
0
100
AcDbBlockEnd
  0
BLOCK
  5
EDC2
330
EDC1
100
AcDbEntity
  8
0
100
AcDbBlockBegin
  2
*D432
 70
     1
 10
0.0
 20
0.0
 30
0.0
  3
*D432
  1

  0
LINE
  5
FEB3
330
EDC1
100
AcDbEntity
  8
A_DIM
370
    -2
 62
    45
100
AcDbLine
 10
312.7075045697705
 20
-150.5014708540428
 30
0.0
 11
312.4294618820705
 21
-150.5014708540428
 31
0.0
  0
LINE
  5
FEB4
330
EDC1
100
AcDbEntity
  8
A_DIM
370
    -2
 62
    45
100
AcDbLine
 10
312.7075045697705
 20
-153.4614708540427
 30
0.0
 11
312.4294618820705
 21
-153.4614708540427
 31
0.0
  0
LINE
  5
FEB5
330
EDC1
100
AcDbEntity
  8
A_DIM
370
    -2
 62
    45
100
AcDbLine
 10
312.4294618820705
 20
-150.5014708540428
 30
0.0
 11
312.4294618820705
 21
-153.4614708540427
 31
0.0
  0
INSERT
  5
FEB6
330
EDC1
100
AcDbEntity
  8
A_DIM
370
    -2
 62
    45
100
AcDbBlockReference
  2
_ArchTick
 10
312.4294618820705
 20
-150.5014708540428
 30
0.0
 41
0.07000000000000001
 42
0.07000000000000001
 43
0.07000000000000001
 50
90.0
  0
INSERT
  5
FEB7
330
EDC1
100
AcDbEntity
  8
A_DIM
370
    -2
 62
    45
100
AcDbBlockReference
  2
_ArchTick
 10
312.4294618820705
 20
-153.4614708540427
 30
0.0
 41
0.07000000000000001
 42
0.07000000000000001
 43
0.07000000000000001
 50
270.0
  0
MTEXT
  5
FEB8
330
EDC1
100
AcDbEntity
  8
A_DIM
100
AcDbMText
 10
312.3028759339122
 20
-151.9814708540428
 30
0.0
210
0.0
220
0.0
230
1.0
 11
6.123233995736766E-17
 21
1.0
 31
0.0
 40
0.15
 41
0.0
 46
0.0
 71
     5
 72
     1
  1
\A1;2.96
  7
ARIAL
 73
     1
 44
1.0
101
Embedded Object
 70
     1
 10
312.3028759339122
 20
-151.9814708540428
 30
0.0
 11
6.123233995736766E-17
 21
1.0
 31
0.0
 40
0.0
 41
0.0
 42
0.3920873124147339
 43
0.1531718963165075
 71
     0
  0
POINT
  5
FEB9
330
EDC1
100
AcDbEntity
  8
Defpoints
 62
     0
100
AcDbPoint
 10
312.7075045697705
 20
-150.5014708540428
 30
0.0
 50
0.0
  0
POINT
  5
FEBA
330
EDC1
100
AcDbEntity
  8
Defpoints
 62
     0
100
AcDbPoint
 10
312.7075045697705
 20
-153.4614708540427
 30
0.0
 50
0.0
  0
POINT
  5
FEBB
330
EDC1
100
AcDbEntity
  8
Defpoints
 62
     0
100
AcDbPoint
 10
312.4294618820705
 20
-153.4614708540427
 30
0.0
 50
0.0
  0
ENDBLK
  5
EDC3
330
EDC1
100
AcDbEntity
  8
0
100
AcDbBlockEnd
  0
BLOCK
  5
EDDA
330
EDD9
100
AcDbEntity
  8
0
100
AcDbBlockBegin
  2
*D433
 70
     1
 10
0.0
 20
0.0
 30
0.0
  3
*D433
  1

  0
LINE
  5
FEBC
330
EDD9
100
AcDbEntity
  8
A_DIM
370
    -2
 62
    45
100
AcDbLine
 10
310.2375045697704
 20
-150.5014708540427
 30
0.0
 11
310.2375045697704
 21
-150.7630659997972
 31
0.0
  0
LINE
  5
FEBD
330
EDD9
100
AcDbEntity
  8
A_DIM
370
    -2
 62
    45
100
AcDbLine
 10
312.7075045697704
 20
-150.5014708540428
 30
0.0
 11
312.7075045697704
 21
-150.7630659997972
 31
0.0
  0
LINE
  5
FEBE
330
EDD9
100
AcDbEntity
  8
A_DIM
370
    -2
 62
    45
100
AcDbLine
 10
310.2375045697704
 20
-150.7630659997972
 30
0.0
 11
312.7075045697704
 21
-150.7630659997972
 31
0.0
  0
INSERT
  5
FEBF
330
EDD9
100
AcDbEntity
  8
A_DIM
370
    -2
 62
    45
100
AcDbBlockReference
  2
_ArchTick
 10
310.2375045697704
 20
-150.7630659997972
 30
0.0
 41
0.07000000000000001
 42
0.07000000000000001
 43
0.07000000000000001
 50
180.0
  0
INSERT
  5
FEC0
330
EDD9
100
AcDbEntity
  8
A_DIM
370
    -2
 62
    45
100
AcDbBlockReference
  2
_ArchTick
 10
312.7075045697704
 20
-150.7630659997972
 30
0.0
 41
0.07000000000000001
 42
0.07000000000000001
 43
0.07000000000000001
  0
MTEXT
  5
FEC1
330
EDD9
100
AcDbEntity
  8
A_DIM
100
AcDbMText
 10
311.4725045697704
 20
-150.6377590420891
 30
0.0
210
0.0
220
0.0
230
1.0
 11
1.0
 21
0.0
 31
0.0
 40
0.15
 41
0.0
 46
0.0
 71
     5
 72
     1
  1
\A1;2.47
  7
ARIAL
 73
     1
 44
1.0
101
Embedded Object
 70
     1
 10
311.4725045697704
 20
-150.6377590420891
 30
0.0
 11
1.0
 21
0.0
 31
0.0
 40
0.0
 41
0.0
 42
0.3921896316507503
 43
0.1506139154160982
 71
     0
  0
POINT
  5
FEC2
330
EDD9
100
AcDbEntity
  8
Defpoints
 62
     0
100
AcDbPoint
 10
310.2375045697704
 20
-150.5014708540427
 30
0.0
 50
0.0
  0
POINT
  5
FEC3
330
EDD9
100
AcDbEntity
  8
Defpoints
 62
     0
100
AcDbPoint
 10
312.7075045697704
 20
-150.5014708540428
 30
0.0
 50
0.0
  0
POINT
  5
FEC4
330
EDD9
100
AcDbEntity
  8
Defpoints
 62
     0
100
AcDbPoint
 10
312.7075045697704
 20
-150.7630659997972
 30
0.0
 50
0.0
  0
ENDBLK
  5
EDDB
330
EDD9
100
AcDbEntity
  8
0
100
AcDbBlockEnd
  0
BLOCK
  5
EDFA
330
EDF9
100
AcDbEntity
  8
0
100
AcDbBlockBegin
  2
*D434
 70
     1
 10
0.0
 20
0.0
 30
0.0
  3
*D434
  1

  0
LINE
  5
FEC5
330
EDF9
100
AcDbEntity
  8
A_DIM
370
    -2
 62
    45
100
AcDbLine
 10
308.5475045697704
 20
-153.7014708540427
 30
0.0
 11
308.5475045697704
 21
-153.9731442478501
 31
0.0
  0
LINE
  5
FEC6
330
EDF9
100
AcDbEntity
  8
A_DIM
370
    -2
 62
    45
100
AcDbLine
 10
310.5075045697704
 20
-153.7014708540427
 30
0.0
 11
310.5075045697704
 21
-153.9731442478501
 31
0.0
  0
LINE
  5
FEC7
330
EDF9
100
AcDbEntity
  8
A_DIM
370
    -2
 62
    45
100
AcDbLine
 10
308.5475045697704
 20
-153.9731442478501
 30
0.0
 11
310.5075045697704
 21
-153.9731442478501
 31
0.0
  0
INSERT
  5
FEC8
330
EDF9
100
AcDbEntity
  8
A_DIM
370
    -2
 62
    45
100
AcDbBlockReference
  2
_ArchTick
 10
308.5475045697704
 20
-153.9731442478501
 30
0.0
 41
0.07000000000000001
 42
0.07000000000000001
 43
0.07000000000000001
 50
180.0
  0
INSERT
  5
FEC9
330
EDF9
100
AcDbEntity
  8
A_DIM
370
    -2
 62
    45
100
AcDbBlockReference
  2
_ArchTick
 10
310.5075045697704
 20
-153.9731442478501
 30
0.0
 41
0.07000000000000001
 42
0.07000000000000001
 43
0.07000000000000001
  0
MTEXT
  5
FECA
330
EDF9
100
AcDbEntity
  8
A_DIM
100
AcDbMText
 10
309.5275045697704
 20
-153.8465582996918
 30
0.0
210
0.0
220
0.0
230
1.0
 11
1.0
 21
0.0
 31
0.0
 40
0.15
 41
0.0
 46
0.0
 71
     5
 72
     1
  1
\A1;1.96
  7
ARIAL
 73
     1
 44
1.0
101
Embedded Object
 70
     1
 10
309.5275045697704
 20
-153.8465582996918
 30
0.0
 11
1.0
 21
0.0
 31
0.0
 40
0.0
 41
0.0
 42
0.3754092769440655
 43
0.1531718963165075
 71
     0
  0
POINT
  5
FECB
330
EDF9
100
AcDbEntity
  8
Defpoints
 62
     0
100
AcDbPoint
 10
308.5475045697704
 20
-153.7014708540427
 30
0.0
 50
0.0
  0
POINT
  5
FECC
330
EDF9
100
AcDbEntity
  8
Defpoints
 62
     0
100
AcDbPoint
 10
310.5075045697704
 20
-153.7014708540427
 30
0.0
 50
0.0
  0
POINT
  5
FECD
330
EDF9
100
AcDbEntity
  8
Defpoints
 62
     0
100
AcDbPoint
 10
310.5075045697704
 20
-153.9731442478501
 30
0.0
 50
0.0
  0
ENDBLK
  5
EDFB
330
EDF9
100
AcDbEntity
  8
0
100
AcDbBlockEnd
  0
BLOCK
  5
EE12
330
EE11
100
AcDbEntity
  8
0
100
AcDbBlockBegin
  2
*D435
 70
     1
 10
0.0
 20
0.0
 30
0.0
  3
*D435
  1

  0
LINE
  5
FECE
330
EE11
100
AcDbEntity
  8
A_DIM
370
    -2
 62
    45
100
AcDbLine
 10
308.5475045697705
 20
-153.7014708540428
 30
0.0
 11
309.130861334707
 21
-153.7014708540428
 31
0.0
  0
LINE
  5
FECF
330
EE11
100
AcDbEntity
  8
A_DIM
370
    -2
 62
    45
100
AcDbLine
 10
308.5475045697705
 20
-157.0514708540427
 30
0.0
 11
309.130861334707
 21
-157.0514708540427
 31
0.0
  0
LINE
  5
FED0
330
EE11
100
AcDbEntity
  8
A_DIM
370
    -2
 62
    45
100
AcDbLine
 10
309.130861334707
 20
-153.7014708540428
 30
0.0
 11
309.130861334707
 21
-157.0514708540427
 31
0.0
  0
INSERT
  5
FED1
330
EE11
100
AcDbEntity
  8
A_DIM
370
    -2
 62
    45
100
AcDbBlockReference
  2
_ArchTick
 10
309.130861334707
 20
-153.7014708540428
 30
0.0
 41
0.07000000000000001
 42
0.07000000000000001
 43
0.07000000000000001
 50
90.0
  0
INSERT
  5
FED2
330
EE11
100
AcDbEntity
  8
A_DIM
370
    -2
 62
    45
100
AcDbBlockReference
  2
_ArchTick
 10
309.130861334707
 20
-157.0514708540427
 30
0.0
 41
0.07000000000000001
 42
0.07000000000000001
 43
0.07000000000000001
 50
270.0
  0
MTEXT
  5
FED3
330
EE11
100
AcDbEntity
  8
A_DIM
100
AcDbMText
 10
309.0042242269306
 20
-155.3764708540428
 30
0.0
210
0.0
220
0.0
230
1.0
 11
6.123233995736766E-17
 21
1.0
 31
0.0
 40
0.15
 41
0.0
 46
0.0
 71
     5
 72
     1
  1
\A1;3.35
  7
ARIAL
 73
     1
 44
1.0
101
Embedded Object
 70
     1
 10
309.0042242269306
 20
-155.3764708540428
 30
0.0
 11
6.123233995736766E-17
 21
1.0
 31
0.0
 40
0.0
 41
0.0
 42
0.3906548431105047
 43
0.1532742155525239
 71
     0
  0
POINT
  5
FED4
330
EE11
100
AcDbEntity
  8
Defpoints
 62
     0
100
AcDbPoint
 10
308.5475045697705
 20
-153.7014708540428
 30
0.0
 50
0.0
  0
POINT
  5
FED5
330
EE11
100
AcDbEntity
  8
Defpoints
 62
     0
100
AcDbPoint
 10
308.5475045697705
 20
-157.0514708540427
 30
0.0
 50
0.0
  0
POINT
  5
FED6
330
EE11
100
AcDbEntity
  8
Defpoints
 62
     0
100
AcDbPoint
 10
309.130861334707
 20
-157.0514708540427
 30
0.0
 50
0.0
  0
ENDBLK
  5
EE13
330
EE11
100
AcDbEntity
  8
0
100
AcDbBlockEnd
  0
BLOCK
  5
EE2A
330
EE29
100
AcDbEntity
  8
0
100
AcDbBlockBegin
  2
*D436
 70
     1
 10
0.0
 20
0.0
 30
0.0
  3
*D436
  1

  0
LINE
  5
FED7
330
EE29
100
AcDbEntity
  8
A_DIM
370
    -2
 62
    45
100
AcDbLine
 10
305.5275045697705
 20
-155.3014708540427
 30
0.0
 11
305.3652315345363
 21
-155.3014708540427
 31
0.0
  0
LINE
  5
FED8
330
EE29
100
AcDbEntity
  8
A_DIM
370
    -2
 62
    45
100
AcDbLine
 10
305.5275045697705
 20
-151.8014708540427
 30
0.0
 11
305.3652315345363
 21
-151.8014708540427
 31
0.0
  0
LINE
  5
FED9
330
EE29
100
AcDbEntity
  8
A_DIM
370
    -2
 62
    45
100
AcDbLine
 10
305.3652315345363
 20
-155.3014708540427
 30
0.0
 11
305.3652315345363
 21
-151.8014708540427
 31
0.0
  0
INSERT
  5
FEDA
330
EE29
100
AcDbEntity
  8
A_DIM
370
    -2
 62
    45
100
AcDbBlockReference
  2
_ArchTick
 10
305.3652315345363
 20
-155.3014708540427
 30
0.0
 41
0.07000000000000001
 42
0.07000000000000001
 43
0.07000000000000001
 50
270.0
  0
INSERT
  5
FEDB
330
EE29
100
AcDbEntity
  8
A_DIM
370
    -2
 62
    45
100
AcDbBlockReference
  2
_ArchTick
 10
305.3652315345363
 20
-151.8014708540427
 30
0.0
 41
0.07000000000000001
 42
0.07000000000000001
 43
0.07000000000000001
 50
90.0
  0
MTEXT
  5
FEDC
330
EE29
100
AcDbEntity
  8
A_DIM
100
AcDbMText
 10
305.2385944267599
 20
-153.5514708540428
 30
0.0
210
0.0
220
0.0
230
1.0
 11
6.123233995736766E-17
 21
1.0
 31
0.0
 40
0.15
 41
0.0
 46
0.0
 71
     5
 72
     1
  1
\A1;3.50
  7
ARIAL
 73
     1
 44
1.0
101
Embedded Object
 70
     1
 10
305.2385944267599
 20
-153.5514708540428
 30
0.0
 11
6.123233995736766E-17
 21
1.0
 31
0.0
 40
0.0
 41
0.0
 42
0.3890177353342428
 43
0.1532742155525239
 71
     0
  0
POINT
  5
FEDD
330
EE29
100
AcDbEntity
  8
Defpoints
 62
     0
100
AcDbPoint
 10
305.5275045697705
 20
-155.3014708540427
 30
0.0
 50
0.0
  0
POINT
  5
FEDE
330
EE29
100
AcDbEntity
  8
Defpoints
 62
     0
100
AcDbPoint
 10
305.5275045697705
 20
-151.8014708540427
 30
0.0
 50
0.0
  0
POINT
  5
FEDF
330
EE29
100
AcDbEntity
  8
Defpoints
 62
     0
100
AcDbPoint
 10
305.3652315345363
 20
-151.8014708540427
 30
0.0
 50
0.0
  0
ENDBLK
  5
EE2B
330
EE29
100
AcDbEntity
  8
0
100
AcDbBlockEnd
  0
BLOCK
  5
EE42
330
EE41
100
AcDbEntity
  8
0
100
AcDbBlockBegin
  2
*D437
 70
     1
 10
0.0
 20
0.0
 30
0.0
  3
*D437
  1

  0
LINE
  5
FEE0
330
EE41
100
AcDbEntity
  8
A_DIM
370
    -2
 62
    45
100
AcDbLine
 10
304.4575045697705
 20
-155.0614708540427
 30
0.0
 11
304.5942937832062
 21
-155.0614708540427
 31
0.0
  0
LINE
  5
FEE1
330
EE41
100
AcDbEntity
  8
A_DIM
370
    -2
 62
    45
100
AcDbLine
 10
304.4575045697704
 20
-151.8014708540427
 30
0.0
 11
304.5942937832062
 21
-151.8014708540427
 31
0.0
  0
LINE
  5
FEE2
330
EE41
100
AcDbEntity
  8
A_DIM
370
    -2
 62
    45
100
AcDbLine
 10
304.5942937832062
 20
-155.0614708540427
 30
0.0
 11
304.5942937832062
 21
-151.8014708540427
 31
0.0
  0
INSERT
  5
FEE3
330
EE41
100
AcDbEntity
  8
A_DIM
370
    -2
 62
    45
100
AcDbBlockReference
  2
_ArchTick
 10
304.5942937832062
 20
-155.0614708540427
 30
0.0
 41
0.07000000000000001
 42
0.07000000000000001
 43
0.07000000000000001
 50
270.0
  0
INSERT
  5
FEE4
330
EE41
100
AcDbEntity
  8
A_DIM
370
    -2
 62
    45
100
AcDbBlockReference
  2
_ArchTick
 10
304.5942937832062
 20
-151.8014708540427
 30
0.0
 41
0.07000000000000001
 42
0.07000000000000001
 43
0.07000000000000001
 50
90.0
  0
MTEXT
  5
FEE5
330
EE41
100
AcDbEntity
  8
A_DIM
100
AcDbMText
 10
304.4676566754299
 20
-153.4314708540428
 30
0.0
210
0.0
220
0.0
230
1.0
 11
6.123233995736766E-17
 21
1.0
 31
0.0
 40
0.15
 41
0.0
 46
0.0
 71
     5
 72
     1
  1
\A1;3.26
  7
ARIAL
 73
     1
 44
1.0
101
Embedded Object
 70
     1
 10
304.4676566754299
 20
-153.4314708540428
 30
0.0
 11
6.123233995736766E-17
 21
1.0
 31
0.0
 40
0.0
 41
0.0
 42
0.3894270122783083
 43
0.1532742155525239
 71
     0
  0
POINT
  5
FEE6
330
EE41
100
AcDbEntity
  8
Defpoints
 62
     0
100
AcDbPoint
 10
304.4575045697705
 20
-155.0614708540427
 30
0.0
 50
0.0
  0
POINT
  5
FEE7
330
EE41
100
AcDbEntity
  8
Defpoints
 62
     0
100
AcDbPoint
 10
304.4575045697704
 20
-151.8014708540427
 30
0.0
 50
0.0
  0
POINT
  5
FEE8
330
EE41
100
AcDbEntity
  8
Defpoints
 62
     0
100
AcDbPoint
 10
304.5942937832062
 20
-151.8014708540427
 30
0.0
 50
0.0
  0
ENDBLK
  5
EE43
330
EE41
100
AcDbEntity
  8
0
100
AcDbBlockEnd
  0
BLOCK
  5
EE6E
330
EE6D
100
AcDbEntity
  8
0
100
AcDbBlockBegin
  2
*D438
 70
     1
 10
0.0
 20
0.0
 30
0.0
  3
*D438
  1

  0
LINE
  5
FEE9
330
EE6D
100
AcDbEntity
  8
A_DIM
370
    -2
 62
    45
100
AcDbLine
 10
307.7175045697704
 20
-157.0514708540427
 30
0.0
 11
307.7175045697704
 21
-156.8355472093217
 31
0.0
  0
LINE
  5
FEEA
330
EE6D
100
AcDbEntity
  8
A_DIM
370
    -2
 62
    45
100
AcDbLine
 10
310.5075045697704
 20
-157.0514708540427
 30
0.0
 11
310.5075045697704
 21
-156.8355472093217
 31
0.0
  0
LINE
  5
FEEB
330
EE6D
100
AcDbEntity
  8
A_DIM
370
    -2
 62
    45
100
AcDbLine
 10
307.7175045697704
 20
-156.8355472093217
 30
0.0
 11
310.5075045697704
 21
-156.8355472093217
 31
0.0
  0
INSERT
  5
FEEC
330
EE6D
100
AcDbEntity
  8
A_DIM
370
    -2
 62
    45
100
AcDbBlockReference
  2
_ArchTick
 10
307.7175045697704
 20
-156.8355472093217
 30
0.0
 41
0.07000000000000001
 42
0.07000000000000001
 43
0.07000000000000001
 50
180.0
  0
INSERT
  5
FEED
330
EE6D
100
AcDbEntity
  8
A_DIM
370
    -2
 62
    45
100
AcDbBlockReference
  2
_ArchTick
 10
310.5075045697704
 20
-156.8355472093217
 30
0.0
 41
0.07000000000000001
 42
0.07000000000000001
 43
0.07000000000000001
  0
MTEXT
  5
FEEE
330
EE6D
100
AcDbEntity
  8
A_DIM
100
AcDbMText
 10
309.1125045697704
 20
-156.7089612611634
 30
0.0
210
0.0
220
0.0
230
1.0
 11
1.0
 21
0.0
 31
0.0
 40
0.15
 41
0.0
 46
0.0
 71
     5
 72
     1
  1
\A1;2.79
  7
ARIAL
 73
     1
 44
1.0
101
Embedded Object
 70
     1
 10
309.1125045697704
 20
-156.7089612611634
 30
0.0
 11
1.0
 21
0.0
 31
0.0
 40
0.0
 41
0.0
 42
0.3924965893587994
 43
0.1531718963165075
 71
     0
  0
POINT
  5
FEEF
330
EE6D
100
AcDbEntity
  8
Defpoints
 62
     0
100
AcDbPoint
 10
307.7175045697704
 20
-157.0514708540427
 30
0.0
 50
0.0
  0
POINT
  5
FEF0
330
EE6D
100
AcDbEntity
  8
Defpoints
 62
     0
100
AcDbPoint
 10
310.5075045697704
 20
-157.0514708540427
 30
0.0
 50
0.0
  0
POINT
  5
FEF1
330
EE6D
100
AcDbEntity
  8
Defpoints
 62
     0
100
AcDbPoint
 10
310.5075045697704
 20
-156.8355472093217
 30
0.0
 50
0.0
  0
ENDBLK
  5
EE6F
330
EE6D
100
AcDbEntity
  8
0
100
AcDbBlockEnd
  0
BLOCK
  5
EE86
330
EE85
100
AcDbEntity
  8
0
100
AcDbBlockBegin
  2
*D439
 70
     1
 10
0.0
 20
0.0
 30
0.0
  3
*D439
  1

  0
LINE
  5
FEF2
330
EE85
100
AcDbEntity
  8
A_DIM
370
    -2
 62
    45
100
AcDbLine
 10
307.7175045697705
 20
-157.0514708540427
 30
0.0
 11
307.4379350035439
 21
-157.0514708540427
 31
0.0
  0
LINE
  5
FEF3
330
EE85
100
AcDbEntity
  8
A_DIM
370
    -2
 62
    45
100
AcDbLine
 10
307.7175045697707
 20
-158.3814708540428
 30
0.0
 11
307.4379350035439
 21
-158.3814708540428
 31
0.0
  0
LINE
  5
FEF4
330
EE85
100
AcDbEntity
  8
A_DIM
370
    -2
 62
    45
100
AcDbLine
 10
307.4379350035439
 20
-157.0514708540427
 30
0.0
 11
307.4379350035439
 21
-158.3814708540428
 31
0.0
  0
INSERT
  5
FEF5
330
EE85
100
AcDbEntity
  8
A_DIM
370
    -2
 62
    45
100
AcDbBlockReference
  2
_ArchTick
 10
307.4379350035439
 20
-157.0514708540427
 30
0.0
 41
0.07000000000000001
 42
0.07000000000000001
 43
0.07000000000000001
 50
90.0
  0
INSERT
  5
FEF6
330
EE85
100
AcDbEntity
  8
A_DIM
370
    -2
 62
    45
100
AcDbBlockReference
  2
_ArchTick
 10
307.4379350035439
 20
-158.3814708540428
 30
0.0
 41
0.07000000000000001
 42
0.07000000000000001
 43
0.07000000000000001
 50
270.0
  0
MTEXT
  5
FEF7
330
EE85
100
AcDbEntity
  8
A_DIM
100
AcDbMText
 10
307.3112978957675
 20
-157.7164708540428
 30
0.0
210
0.0
220
0.0
230
1.0
 11
6.123233995736766E-17
 21
1.0
 31
0.0
 40
0.15
 41
0.0
 46
0.0
 71
     5
 72
     1
  1
\A1;1.33
  7
ARIAL
 73
     1
 44
1.0
101
Embedded Object
 70
     1
 10
307.3112978957675
 20
-157.7164708540428
 30
0.0
 11
6.123233995736766E-17
 21
1.0
 31
0.0
 40
0.0
 41
0.0
 42
0.3755115961800818
 43
0.1532742155525239
 71
     0
  0
POINT
  5
FEF8
330
EE85
100
AcDbEntity
  8
Defpoints
 62
     0
100
AcDbPoint
 10
307.7175045697705
 20
-157.0514708540427
 30
0.0
 50
0.0
  0
POINT
  5
FEF9
330
EE85
100
AcDbEntity
  8
Defpoints
 62
     0
100
AcDbPoint
 10
307.7175045697707
 20
-158.3814708540428
 30
0.0
 50
0.0
  0
POINT
  5
FEFA
330
EE85
100
AcDbEntity
  8
Defpoints
 62
     0
100
AcDbPoint
 10
307.4379350035439
 20
-158.3814708540428
 30
0.0
 50
0.0
  0
ENDBLK
  5
EE87
330
EE85
100
AcDbEntity
  8
0
100
AcDbBlockEnd
  0
BLOCK
  5
EE9E
330
EE9D
100
AcDbEntity
  8
0
100
AcDbBlockBegin
  2
*D440
 70
     1
 10
0.0
 20
0.0
 30
0.0
  3
*D440
  1

  0
LINE
  5
FEFB
330
EE9D
100
AcDbEntity
  8
A_DIM
370
    -2
 62
    45
100
AcDbLine
 10
307.7175045697704
 20
-157.0514708540427
 30
0.0
 11
307.7175045697704
 21
-156.8355472093217
 31
0.0
  0
LINE
  5
FEFC
330
EE9D
100
AcDbEntity
  8
A_DIM
370
    -2
 62
    45
100
AcDbLine
 10
304.4575045697704
 20
-157.0514708540427
 30
0.0
 11
304.4575045697704
 21
-156.8355472093217
 31
0.0
  0
LINE
  5
FEFD
330
EE9D
100
AcDbEntity
  8
A_DIM
370
    -2
 62
    45
100
AcDbLine
 10
307.7175045697704
 20
-156.8355472093217
 30
0.0
 11
304.4575045697704
 21
-156.8355472093217
 31
0.0
  0
INSERT
  5
FEFE
330
EE9D
100
AcDbEntity
  8
A_DIM
370
    -2
 62
    45
100
AcDbBlockReference
  2
_ArchTick
 10
307.7175045697704
 20
-156.8355472093217
 30
0.0
 41
0.07000000000000001
 42
0.07000000000000001
 43
0.07000000000000001
  0
INSERT
  5
FEFF
330
EE9D
100
AcDbEntity
  8
A_DIM
370
    -2
 62
    45
100
AcDbBlockReference
  2
_ArchTick
 10
304.4575045697704
 20
-156.8355472093217
 30
0.0
 41
0.07000000000000001
 42
0.07000000000000001
 43
0.07000000000000001
 50
180.0
  0
MTEXT
  5
FF00
330
EE9D
100
AcDbEntity
  8
A_DIM
100
AcDbMText
 10
306.0875045697704
 20
-156.7089101015454
 30
0.0
210
0.0
220
0.0
230
1.0
 11
1.0
 21
0.0
 31
0.0
 40
0.15
 41
0.0
 46
0.0
 71
     5
 72
     1
  1
\A1;3.26
  7
ARIAL
 73
     1
 44
1.0
101
Embedded Object
 70
     1
 10
306.0875045697704
 20
-156.7089101015454
 30
0.0
 11
1.0
 21
0.0
 31
0.0
 40
0.0
 41
0.0
 42
0.3894270122783083
 43
0.1532742155525239
 71
     0
  0
POINT
  5
FF01
330
EE9D
100
AcDbEntity
  8
Defpoints
 62
     0
100
AcDbPoint
 10
307.7175045697704
 20
-157.0514708540427
 30
0.0
 50
0.0
  0
POINT
  5
FF02
330
EE9D
100
AcDbEntity
  8
Defpoints
 62
     0
100
AcDbPoint
 10
304.4575045697704
 20
-157.0514708540427
 30
0.0
 50
0.0
  0
POINT
  5
FF03
330
EE9D
100
AcDbEntity
  8
Defpoints
 62
     0
100
AcDbPoint
 10
304.4575045697704
 20
-156.8355472093217
 30
0.0
 50
0.0
  0
ENDBLK
  5
EE9F
330
EE9D
100
AcDbEntity
  8
0
100
AcDbBlockEnd
  0
BLOCK
  5
EEB6
330
EEB5
100
AcDbEntity
  8
0
100
AcDbBlockBegin
  2
*D441
 70
     1
 10
0.0
 20
0.0
 30
0.0
  3
*D441
  1

  0
LINE
  5
FF04
330
EEB5
100
AcDbEntity
  8
A_DIM
370
    -2
 62
    45
100
AcDbLine
 10
308.5475045697705
 20
-155.3014708540427
 30
0.0
 11
308.4138950243229
 21
-155.3014708540427
 31
0.0
  0
LINE
  5
FF05
330
EEB5
100
AcDbEntity
  8
A_DIM
370
    -2
 62
    45
100
AcDbLine
 10
308.5475045697705
 20
-157.0514708540427
 30
0.0
 11
308.4138950243229
 21
-157.0514708540427
 31
0.0
  0
LINE
  5
FF06
330
EEB5
100
AcDbEntity
  8
A_DIM
370
    -2
 62
    45
100
AcDbLine
 10
308.4138950243229
 20
-155.3014708540427
 30
0.0
 11
308.4138950243229
 21
-157.0514708540427
 31
0.0
  0
INSERT
  5
FF07
330
EEB5
100
AcDbEntity
  8
A_DIM
370
    -2
 62
    45
100
AcDbBlockReference
  2
_ArchTick
 10
308.4138950243229
 20
-155.3014708540427
 30
0.0
 41
0.07000000000000001
 42
0.07000000000000001
 43
0.07000000000000001
 50
90.0
  0
INSERT
  5
FF08
330
EEB5
100
AcDbEntity
  8
A_DIM
370
    -2
 62
    45
100
AcDbBlockReference
  2
_ArchTick
 10
308.4138950243229
 20
-157.0514708540427
 30
0.0
 41
0.07000000000000001
 42
0.07000000000000001
 43
0.07000000000000001
 50
270.0
  0
MTEXT
  5
FF09
330
EEB5
100
AcDbEntity
  8
A_DIM
100
AcDbMText
 10
308.2873090761645
 20
-156.1764708540428
 30
0.0
210
0.0
220
0.0
230
1.0
 11
6.123233995736766E-17
 21
1.0
 31
0.0
 40
0.15
 41
0.0
 46
0.0
 71
     5
 72
     1
  1
\A1;1.75
  7
ARIAL
 73
     1
 44
1.0
101
Embedded Object
 70
     1
 10
308.2873090761645
 20
-156.1764708540428
 30
0.0
 11
6.123233995736766E-17
 21
1.0
 31
0.0
 40
0.0
 41
0.0
 42
0.3766371077762619
 43
0.1531718963165075
 71
     0
  0
POINT
  5
FF0A
330
EEB5
100
AcDbEntity
  8
Defpoints
 62
     0
100
AcDbPoint
 10
308.5475045697705
 20
-155.3014708540427
 30
0.0
 50
0.0
  0
POINT
  5
FF0B
330
EEB5
100
AcDbEntity
  8
Defpoints
 62
     0
100
AcDbPoint
 10
308.5475045697705
 20
-157.0514708540427
 30
0.0
 50
0.0
  0
POINT
  5
FF0C
330
EEB5
100
AcDbEntity
  8
Defpoints
 62
     0
100
AcDbPoint
 10
308.4138950243229
 20
-157.0514708540427
 30
0.0
 50
0.0
  0
ENDBLK
  5
EEB7
330
EEB5
100
AcDbEntity
  8
0
100
AcDbBlockEnd
  0
BLOCK
  5
EF08
330
EF07
100
AcDbEntity
  8
0
100
AcDbBlockBegin
  2
*D442
 70
     1
 10
0.0
 20
0.0
 30
0.0
  3
*D442
  1

  0
LINE
  5
10238
330
EF07
100
AcDbEntity
  8
A_DIM
370
    -2
 62
    45
100
AcDbLine
 10
343.557607399918
 20
-151.8014708540427
 30
0.0
 11
343.557607399918
 21
-151.0213895670943
 31
0.0
  0
LINE
  5
10239
330
EF07
100
AcDbEntity
  8
A_DIM
370
    -2
 62
    45
100
AcDbLine
 10
348.577607399918
 20
-151.8014708540427
 30
0.0
 11
348.577607399918
 21
-151.0213895670943
 31
0.0
  0
LINE
  5
1023A
330
EF07
100
AcDbEntity
  8
A_DIM
370
    -2
 62
    45
100
AcDbLine
 10
343.557607399918
 20
-151.0213895670943
 30
0.0
 11
348.577607399918
 21
-151.0213895670943
 31
0.0
  0
INSERT
  5
1023B
330
EF07
100
AcDbEntity
  8
A_DIM
370
    -2
 62
    45
100
AcDbBlockReference
  2
_ArchTick
 10
343.557607399918
 20
-151.0213895670943
 30
0.0
 41
0.07000000000000001
 42
0.07000000000000001
 43
0.07000000000000001
 50
180.0
  0
INSERT
  5
1023C
330
EF07
100
AcDbEntity
  8
A_DIM
370
    -2
 62
    45
100
AcDbBlockReference
  2
_ArchTick
 10
348.577607399918
 20
-151.0213895670943
 30
0.0
 41
0.07000000000000001
 42
0.07000000000000001
 43
0.07000000000000001
  0
MTEXT
  5
1023D
330
EF07
100
AcDbEntity
  8
A_DIM
100
AcDbMText
 10
346.067607399918
 20
-150.894803618936
 30
0.0
210
0.0
220
0.0
230
1.0
 11
1.0
 21
0.0
 31
0.0
 40
0.15
 41
0.0
 46
0.0
 71
     5
 72
     1
  1
\A1;5.02
  7
ARIAL
 73
     1
 44
1.0
101
Embedded Object
 70
     1
 10
346.067607399918
 20
-150.894803618936
 30
0.0
 11
1.0
 21
0.0
 31
0.0
 40
0.0
 41
0.0
 42
0.3880968622100955
 43
0.1531718963165075
 71
     0
  0
POINT
  5
1023E
330
EF07
100
AcDbEntity
  8
Defpoints
 62
     0
100
AcDbPoint
 10
343.557607399918
 20
-151.8014708540427
 30
0.0
 50
0.0
  0
POINT
  5
1023F
330
EF07
100
AcDbEntity
  8
Defpoints
 62
     0
100
AcDbPoint
 10
348.577607399918
 20
-151.8014708540427
 30
0.0
 50
0.0
  0
POINT
  5
10240
330
EF07
100
AcDbEntity
  8
Defpoints
 62
     0
100
AcDbPoint
 10
348.577607399918
 20
-151.0213895670943
 30
0.0
 50
0.0
  0
ENDBLK
  5
EF09
330
EF07
100
AcDbEntity
  8
0
100
AcDbBlockEnd
  0
BLOCK
  5
EF20
330
EF1F
100
AcDbEntity
  8
0
100
AcDbBlockBegin
  2
*D443
 70
     1
 10
0.0
 20
0.0
 30
0.0
  3
*D443
  1

  0
LINE
  5
10241
330
EF1F
100
AcDbEntity
  8
A_DIM
370
    -2
 62
    45
100
AcDbLine
 10
348.5776073999181
 20
-151.8014708540427
 30
0.0
 11
347.6044370393154
 21
-151.8014708540427
 31
0.0
  0
LINE
  5
10242
330
EF1F
100
AcDbEntity
  8
A_DIM
370
    -2
 62
    45
100
AcDbLine
 10
347.977607399918
 20
-155.7534708540427
 30
0.0
 11
347.6044370393154
 21
-155.7534708540427
 31
0.0
  0
LINE
  5
10243
330
EF1F
100
AcDbEntity
  8
A_DIM
370
    -2
 62
    45
100
AcDbLine
 10
347.6044370393154
 20
-151.8014708540427
 30
0.0
 11
347.6044370393154
 21
-155.7534708540427
 31
0.0
  0
INSERT
  5
10244
330
EF1F
100
AcDbEntity
  8
A_DIM
370
    -2
 62
    45
100
AcDbBlockReference
  2
_ArchTick
 10
347.6044370393154
 20
-151.8014708540427
 30
0.0
 41
0.07000000000000001
 42
0.07000000000000001
 43
0.07000000000000001
 50
90.0
  0
INSERT
  5
10245
330
EF1F
100
AcDbEntity
  8
A_DIM
370
    -2
 62
    45
100
AcDbBlockReference
  2
_ArchTick
 10
347.6044370393154
 20
-155.7534708540427
 30
0.0
 41
0.07000000000000001
 42
0.07000000000000001
 43
0.07000000000000001
 50
270.0
  0
MTEXT
  5
10246
330
EF1F
100
AcDbEntity
  8
A_DIM
100
AcDbMText
 10
347.477799931539
 20
-153.7774708540428
 30
0.0
210
0.0
220
0.0
230
1.0
 11
6.123233995736766E-17
 21
1.0
 31
0.0
 40
0.15
 41
0.0
 46
0.0
 71
     5
 72
     1
  1
\A1;3.95
  7
ARIAL
 73
     1
 44
1.0
101
Embedded Object
 70
     1
 10
347.477799931539
 20
-153.7774708540428
 30
0.0
 11
6.123233995736766E-17
 21
1.0
 31
0.0
 40
0.0
 41
0.0
 42
0.3906548431105047
 43
0.1532742155525239
 71
     0
  0
POINT
  5
10247
330
EF1F
100
AcDbEntity
  8
Defpoints
 62
     0
100
AcDbPoint
 10
348.5776073999181
 20
-151.8014708540427
 30
0.0
 50
0.0
  0
POINT
  5
10248
330
EF1F
100
AcDbEntity
  8
Defpoints
 62
     0
100
AcDbPoint
 10
347.977607399918
 20
-155.7534708540427
 30
0.0
 50
0.0
  0
POINT
  5
10249
330
EF1F
100
AcDbEntity
  8
Defpoints
 62
     0
100
AcDbPoint
 10
347.6044370393154
 20
-155.7534708540427
 30
0.0
 50
0.0
  0
ENDBLK
  5
EF21
330
EF1F
100
AcDbEntity
  8
0
100
AcDbBlockEnd
  0
BLOCK
  5
EF38
330
EF37
100
AcDbEntity
  8
0
100
AcDbBlockBegin
  2
*D444
 70
     1
 10
0.0
 20
0.0
 30
0.0
  3
*D444
  1

  0
LINE
  5
1024A
330
EF37
100
AcDbEntity
  8
A_DIM
370
    -2
 62
    45
100
AcDbLine
 10
347.977607399918
 20
-155.8774708540427
 30
0.0
 11
347.6044370393156
 21
-155.8774708540427
 31
0.0
  0
LINE
  5
1024B
330
EF37
100
AcDbEntity
  8
A_DIM
370
    -2
 62
    45
100
AcDbLine
 10
347.9776073999181
 20
-157.3274708540427
 30
0.0
 11
347.6044370393156
 21
-157.3274708540427
 31
0.0
  0
LINE
  5
1024C
330
EF37
100
AcDbEntity
  8
A_DIM
370
    -2
 62
    45
100
AcDbLine
 10
347.6044370393156
 20
-155.8774708540427
 30
0.0
 11
347.6044370393156
 21
-157.3274708540427
 31
0.0
  0
INSERT
  5
1024D
330
EF37
100
AcDbEntity
  8
A_DIM
370
    -2
 62
    45
100
AcDbBlockReference
  2
_ArchTick
 10
347.6044370393156
 20
-155.8774708540427
 30
0.0
 41
0.07000000000000001
 42
0.07000000000000001
 43
0.07000000000000001
 50
90.0
  0
INSERT
  5
1024E
330
EF37
100
AcDbEntity
  8
A_DIM
370
    -2
 62
    45
100
AcDbBlockReference
  2
_ArchTick
 10
347.6044370393156
 20
-157.3274708540427
 30
0.0
 41
0.07000000000000001
 42
0.07000000000000001
 43
0.07000000000000001
 50
270.0
  0
MTEXT
  5
1024F
330
EF37
100
AcDbEntity
  8
A_DIM
100
AcDbMText
 10
347.4778510911572
 20
-156.6024708540428
 30
0.0
210
0.0
220
0.0
230
1.0
 11
6.123233995736766E-17
 21
1.0
 31
0.0
 40
0.15
 41
0.0
 46
0.0
 71
     5
 72
     1
  1
\A1;1.45
  7
ARIAL
 73
     1
 44
1.0
101
Embedded Object
 70
     1
 10
347.4778510911572
 20
-156.6024708540428
 30
0.0
 11
6.123233995736766E-17
 21
1.0
 31
0.0
 40
0.0
 41
0.0
 42
0.3766371077762619
 43
0.1531718963165075
 71
     0
  0
POINT
  5
10250
330
EF37
100
AcDbEntity
  8
Defpoints
 62
     0
100
AcDbPoint
 10
347.977607399918
 20
-155.8774708540427
 30
0.0
 50
0.0
  0
POINT
  5
10251
330
EF37
100
AcDbEntity
  8
Defpoints
 62
     0
100
AcDbPoint
 10
347.9776073999181
 20
-157.3274708540427
 30
0.0
 50
0.0
  0
POINT
  5
10252
330
EF37
100
AcDbEntity
  8
Defpoints
 62
     0
100
AcDbPoint
 10
347.6044370393156
 20
-157.3274708540427
 30
0.0
 50
0.0
  0
ENDBLK
  5
EF39
330
EF37
100
AcDbEntity
  8
0
100
AcDbBlockEnd
  0
BLOCK
  5
EF50
330
EF4F
100
AcDbEntity
  8
0
100
AcDbBlockBegin
  2
*D445
 70
     1
 10
0.0
 20
0.0
 30
0.0
  3
*D445
  1

  0
LINE
  5
10253
330
EF4F
100
AcDbEntity
  8
A_DIM
370
    -2
 62
    45
100
AcDbLine
 10
347.930826241011
 20
-157.4514708540427
 30
0.0
 11
347.5744370393161
 21
-157.4514708540427
 31
0.0
  0
LINE
  5
10254
330
EF4F
100
AcDbEntity
  8
A_DIM
370
    -2
 62
    45
100
AcDbLine
 10
347.930826241011
 20
-161.3514708540427
 30
0.0
 11
347.5744370393161
 21
-161.3514708540427
 31
0.0
  0
LINE
  5
10255
330
EF4F
100
AcDbEntity
  8
A_DIM
370
    -2
 62
    45
100
AcDbLine
 10
347.5744370393161
 20
-157.4514708540427
 30
0.0
 11
347.5744370393161
 21
-161.3514708540427
 31
0.0
  0
INSERT
  5
10256
330
EF4F
100
AcDbEntity
  8
A_DIM
370
    -2
 62
    45
100
AcDbBlockReference
  2
_ArchTick
 10
347.5744370393161
 20
-157.4514708540427
 30
0.0
 41
0.07000000000000001
 42
0.07000000000000001
 43
0.07000000000000001
 50
90.0
  0
INSERT
  5
10257
330
EF4F
100
AcDbEntity
  8
A_DIM
370
    -2
 62
    45
100
AcDbBlockReference
  2
_ArchTick
 10
347.5744370393161
 20
-161.3514708540427
 30
0.0
 41
0.07000000000000001
 42
0.07000000000000001
 43
0.07000000000000001
 50
270.0
  0
MTEXT
  5
10258
330
EF4F
100
AcDbEntity
  8
A_DIM
100
AcDbMText
 10
347.4477999315397
 20
-159.4014708540428
 30
0.0
210
0.0
220
0.0
230
1.0
 11
6.123233995736766E-17
 21
1.0
 31
0.0
 40
0.15
 41
0.0
 46
0.0
 71
     5
 72
     1
  1
\A1;3.90
  7
ARIAL
 73
     1
 44
1.0
101
Embedded Object
 70
     1
 10
347.4477999315397
 20
-159.4014708540428
 30
0.0
 11
6.123233995736766E-17
 21
1.0
 31
0.0
 40
0.0
 41
0.0
 42
0.3890177353342428
 43
0.1532742155525239
 71
     0
  0
POINT
  5
10259
330
EF4F
100
AcDbEntity
  8
Defpoints
 62
     0
100
AcDbPoint
 10
347.930826241011
 20
-157.4514708540427
 30
0.0
 50
0.0
  0
POINT
  5
1025A
330
EF4F
100
AcDbEntity
  8
Defpoints
 62
     0
100
AcDbPoint
 10
347.930826241011
 20
-161.3514708540427
 30
0.0
 50
0.0
  0
POINT
  5
1025B
330
EF4F
100
AcDbEntity
  8
Defpoints
 62
     0
100
AcDbPoint
 10
347.5744370393161
 20
-161.3514708540427
 30
0.0
 50
0.0
  0
ENDBLK
  5
EF51
330
EF4F
100
AcDbEntity
  8
0
100
AcDbBlockEnd
  0
BLOCK
  5
EF68
330
EF67
100
AcDbEntity
  8
0
100
AcDbBlockBegin
  2
*D446
 70
     1
 10
0.0
 20
0.0
 30
0.0
  3
*D446
  1

  0
LINE
  5
1025C
330
EF67
100
AcDbEntity
  8
A_DIM
370
    -2
 62
    45
100
AcDbLine
 10
342.6134869028921
 20
-161.3514708540427
 30
0.0
 11
342.6134869028921
 21
-162.193767576097
 31
0.0
  0
LINE
  5
1025D
330
EF67
100
AcDbEntity
  8
A_DIM
370
    -2
 62
    45
100
AcDbLine
 10
349.6234869028921
 20
-161.3514708540427
 30
0.0
 11
349.6234869028921
 21
-162.193767576097
 31
0.0
  0
LINE
  5
1025E
330
EF67
100
AcDbEntity
  8
A_DIM
370
    -2
 62
    45
100
AcDbLine
 10
342.6134869028921
 20
-162.193767576097
 30
0.0
 11
349.6234869028921
 21
-162.193767576097
 31
0.0
  0
INSERT
  5
1025F
330
EF67
100
AcDbEntity
  8
A_DIM
370
    -2
 62
    45
100
AcDbBlockReference
  2
_ArchTick
 10
342.6134869028921
 20
-162.193767576097
 30
0.0
 41
0.07000000000000001
 42
0.07000000000000001
 43
0.07000000000000001
 50
180.0
  0
INSERT
  5
10260
330
EF67
100
AcDbEntity
  8
A_DIM
370
    -2
 62
    45
100
AcDbBlockReference
  2
_ArchTick
 10
349.6234869028921
 20
-162.193767576097
 30
0.0
 41
0.07000000000000001
 42
0.07000000000000001
 43
0.07000000000000001
  0
MTEXT
  5
10261
330
EF67
100
AcDbEntity
  8
A_DIM
100
AcDbMText
 10
346.1184869028921
 20
-162.0671816279387
 30
0.0
210
0.0
220
0.0
230
1.0
 11
1.0
 21
0.0
 31
0.0
 40
0.15
 41
0.0
 46
0.0
 71
     5
 72
     1
  1
\A1;7.01
  7
ARIAL
 73
     1
 44
1.0
101
Embedded Object
 70
     1
 10
346.1184869028921
 20
-162.0671816279387
 30
0.0
 11
1.0
 21
0.0
 31
0.0
 40
0.0
 41
0.0
 42
0.3594474761255116
 43
0.1531718963165075
 71
     0
  0
POINT
  5
10262
330
EF67
100
AcDbEntity
  8
Defpoints
 62
     0
100
AcDbPoint
 10
342.6134869028921
 20
-161.3514708540427
 30
0.0
 50
0.0
  0
POINT
  5
10263
330
EF67
100
AcDbEntity
  8
Defpoints
 62
     0
100
AcDbPoint
 10
349.6234869028921
 20
-161.3514708540427
 30
0.0
 50
0.0
  0
POINT
  5
10264
330
EF67
100
AcDbEntity
  8
Defpoints
 62
     0
100
AcDbPoint
 10
349.6234869028921
 20
-162.193767576097
 30
0.0
 50
0.0
  0
ENDBLK
  5
EF69
330
EF67
100
AcDbEntity
  8
0
100
AcDbBlockEnd
  0
BLOCK
  5
EF80
330
EF7F
100
AcDbEntity
  8
0
100
AcDbBlockBegin
  2
*D447
 70
     1
 10
0.0
 20
0.0
 30
0.0
  3
*D447
  1

  0
LINE
  5
10265
330
EF7F
100
AcDbEntity
  8
A_DIM
370
    -2
 62
    45
100
AcDbLine
 10
342.6134869028922
 20
-159.3914708540427
 30
0.0
 11
343.0100543001653
 21
-159.3914708540427
 31
0.0
  0
LINE
  5
10266
330
EF7F
100
AcDbEntity
  8
A_DIM
370
    -2
 62
    45
100
AcDbLine
 10
342.6134869028922
 20
-161.3514708540427
 30
0.0
 11
343.0100543001653
 21
-161.3514708540427
 31
0.0
  0
LINE
  5
10267
330
EF7F
100
AcDbEntity
  8
A_DIM
370
    -2
 62
    45
100
AcDbLine
 10
343.0100543001653
 20
-159.3914708540427
 30
0.0
 11
343.0100543001653
 21
-161.3514708540427
 31
0.0
  0
INSERT
  5
10268
330
EF7F
100
AcDbEntity
  8
A_DIM
370
    -2
 62
    45
100
AcDbBlockReference
  2
_ArchTick
 10
343.0100543001653
 20
-159.3914708540427
 30
0.0
 41
0.07000000000000001
 42
0.07000000000000001
 43
0.07000000000000001
 50
90.0
  0
INSERT
  5
10269
330
EF7F
100
AcDbEntity
  8
A_DIM
370
    -2
 62
    45
100
AcDbBlockReference
  2
_ArchTick
 10
343.0100543001653
 20
-161.3514708540427
 30
0.0
 41
0.07000000000000001
 42
0.07000000000000001
 43
0.07000000000000001
 50
270.0
  0
MTEXT
  5
1026A
330
EF7F
100
AcDbEntity
  8
A_DIM
100
AcDbMText
 10
342.8834683520069
 20
-160.3714708540428
 30
0.0
210
0.0
220
0.0
230
1.0
 11
6.123233995736766E-17
 21
1.0
 31
0.0
 40
0.15
 41
0.0
 46
0.0
 71
     5
 72
     1
  1
\A1;1.96
  7
ARIAL
 73
     1
 44
1.0
101
Embedded Object
 70
     1
 10
342.8834683520069
 20
-160.3714708540428
 30
0.0
 11
6.123233995736766E-17
 21
1.0
 31
0.0
 40
0.0
 41
0.0
 42
0.3754092769440655
 43
0.1531718963165075
 71
     0
  0
POINT
  5
1026B
330
EF7F
100
AcDbEntity
  8
Defpoints
 62
     0
100
AcDbPoint
 10
342.6134869028922
 20
-159.3914708540427
 30
0.0
 50
0.0
  0
POINT
  5
1026C
330
EF7F
100
AcDbEntity
  8
Defpoints
 62
     0
100
AcDbPoint
 10
342.6134869028922
 20
-161.3514708540427
 30
0.0
 50
0.0
  0
POINT
  5
1026D
330
EF7F
100
AcDbEntity
  8
Defpoints
 62
     0
100
AcDbPoint
 10
343.0100543001653
 20
-161.3514708540427
 30
0.0
 50
0.0
  0
ENDBLK
  5
EF81
330
EF7F
100
AcDbEntity
  8
0
100
AcDbBlockEnd
  0
BLOCK
  5
EF98
330
EF97
100
AcDbEntity
  8
0
100
AcDbBlockBegin
  2
*D448
 70
     1
 10
0.0
 20
0.0
 30
0.0
  3
*D448
  1

  0
LINE
  5
1026E
330
EF97
100
AcDbEntity
  8
A_DIM
370
    -2
 62
    45
100
AcDbLine
 10
342.6134869028921
 20
-159.3914708540427
 30
0.0
 11
342.6134869028921
 21
-159.7454440535536
 31
0.0
  0
LINE
  5
1026F
330
EF97
100
AcDbEntity
  8
A_DIM
370
    -2
 62
    45
100
AcDbLine
 10
343.5534869028921
 20
-159.3914708540427
 30
0.0
 11
343.5534869028921
 21
-159.7454440535536
 31
0.0
  0
LINE
  5
10270
330
EF97
100
AcDbEntity
  8
A_DIM
370
    -2
 62
    45
100
AcDbLine
 10
342.6134869028921
 20
-159.7454440535536
 30
0.0
 11
343.5534869028921
 21
-159.7454440535536
 31
0.0
  0
INSERT
  5
10271
330
EF97
100
AcDbEntity
  8
A_DIM
370
    -2
 62
    45
100
AcDbBlockReference
  2
_ArchTick
 10
342.6134869028921
 20
-159.7454440535536
 30
0.0
 41
0.07000000000000001
 42
0.07000000000000001
 43
0.07000000000000001
 50
180.0
  0
INSERT
  5
10272
330
EF97
100
AcDbEntity
  8
A_DIM
370
    -2
 62
    45
100
AcDbBlockReference
  2
_ArchTick
 10
343.5534869028921
 20
-159.7454440535536
 30
0.0
 41
0.07000000000000001
 42
0.07000000000000001
 43
0.07000000000000001
  0
MTEXT
  5
10273
330
EF97
100
AcDbEntity
  8
A_DIM
100
AcDbMText
 10
343.0834869028921
 20
-159.6188581053953
 30
0.0
210
0.0
220
0.0
230
1.0
 11
1.0
 21
0.0
 31
0.0
 40
0.15
 41
0.0
 46
0.0
 71
     5
 72
     1
  1
\A1;0.94
  7
ARIAL
 73
     1
 44
1.0
101
Embedded Object
 70
     1
 10
343.0834869028921
 20
-159.6188581053953
 30
0.0
 11
1.0
 21
0.0
 31
0.0
 40
0.0
 41
0.0
 42
0.3890177353342428
 43
0.1531718963165075
 71
     0
  0
POINT
  5
10274
330
EF97
100
AcDbEntity
  8
Defpoints
 62
     0
100
AcDbPoint
 10
342.6134869028921
 20
-159.3914708540427
 30
0.0
 50
0.0
  0
POINT
  5
10275
330
EF97
100
AcDbEntity
  8
Defpoints
 62
     0
100
AcDbPoint
 10
343.5534869028921
 20
-159.3914708540427
 30
0.0
 50
0.0
  0
POINT
  5
10276
330
EF97
100
AcDbEntity
  8
Defpoints
 62
     0
100
AcDbPoint
 10
343.5534869028921
 20
-159.7454440535536
 30
0.0
 50
0.0
  0
ENDBLK
  5
EF99
330
EF97
100
AcDbEntity
  8
0
100
AcDbBlockEnd
  0
BLOCK
  5
EFEF
330
EFEE
100
AcDbEntity
  8
0
100
AcDbBlockBegin
  2
*D449
 70
     1
 10
0.0
 20
0.0
 30
0.0
  3
*D449
  1

  0
LINE
  5
10277
330
EFEE
100
AcDbEntity
  8
A_DIM
370
    -2
 62
    45
100
AcDbLine
 10
344.3215911773472
 20
-151.8014708540427
 30
0.0
 11
344.6203204376104
 21
-151.8014708540427
 31
0.0
  0
LINE
  5
10278
330
EFEE
100
AcDbEntity
  8
A_DIM
370
    -2
 62
    45
100
AcDbLine
 10
344.3215911773472
 20
-161.3514708540427
 30
0.0
 11
344.6203204376104
 21
-161.3514708540427
 31
0.0
  0
LINE
  5
10279
330
EFEE
100
AcDbEntity
  8
A_DIM
370
    -2
 62
    45
100
AcDbLine
 10
344.6203204376104
 20
-151.8014708540427
 30
0.0
 11
344.6203204376104
 21
-161.3514708540427
 31
0.0
  0
INSERT
  5
1027A
330
EFEE
100
AcDbEntity
  8
A_DIM
370
    -2
 62
    45
100
AcDbBlockReference
  2
_ArchTick
 10
344.6203204376104
 20
-151.8014708540427
 30
0.0
 41
0.07000000000000001
 42
0.07000000000000001
 43
0.07000000000000001
 50
90.0
  0
INSERT
  5
1027B
330
EFEE
100
AcDbEntity
  8
A_DIM
370
    -2
 62
    45
100
AcDbBlockReference
  2
_ArchTick
 10
344.6203204376104
 20
-161.3514708540427
 30
0.0
 41
0.07000000000000001
 42
0.07000000000000001
 43
0.07000000000000001
 50
270.0
  0
MTEXT
  5
1027C
330
EFEE
100
AcDbEntity
  8
A_DIM
100
AcDbMText
 10
344.493734489452
 20
-156.5764708540428
 30
0.0
210
0.0
220
0.0
230
1.0
 11
6.123233995736766E-17
 21
1.0
 31
0.0
 40
0.15
 41
0.0
 46
0.0
 71
     5
 72
     1
  1
\A1;9.55
  7
ARIAL
 73
     1
 44
1.0
101
Embedded Object
 70
     1
 10
344.493734489452
 20
-156.5764708540428
 30
0.0
 11
6.123233995736766E-17
 21
1.0
 31
0.0
 40
0.0
 41
0.0
 42
0.3907571623465211
 43
0.1531718963165075
 71
     0
  0
POINT
  5
1027D
330
EFEE
100
AcDbEntity
  8
Defpoints
 62
     0
100
AcDbPoint
 10
344.3215911773472
 20
-151.8014708540427
 30
0.0
 50
0.0
  0
POINT
  5
1027E
330
EFEE
100
AcDbEntity
  8
Defpoints
 62
     0
100
AcDbPoint
 10
344.3215911773472
 20
-161.3514708540427
 30
0.0
 50
0.0
  0
POINT
  5
1027F
330
EFEE
100
AcDbEntity
  8
Defpoints
 62
     0
100
AcDbPoint
 10
344.6203204376104
 20
-161.3514708540427
 30
0.0
 50
0.0
  0
ENDBLK
  5
EFF0
330
EFEE
100
AcDbEntity
  8
0
100
AcDbBlockEnd
  0
BLOCK
  5
F007
330
F006
100
AcDbEntity
  8
0
100
AcDbBlockBegin
  2
*D450
 70
     1
 10
0.0
 20
0.0
 30
0.0
  3
*D450
  1

  0
LINE
  5
10280
330
F006
100
AcDbEntity
  8
A_DIM
370
    -2
 62
    45
100
AcDbLine
 10
344.1626073999181
 20
-155.7964708540428
 30
0.0
 11
345.1606633136828
 21
-155.7964708540428
 31
0.0
  0
LINE
  5
10281
330
F006
100
AcDbEntity
  8
A_DIM
370
    -2
 62
    45
100
AcDbLine
 10
344.1626073999181
 20
-155.6664708540428
 30
0.0
 11
345.1606633136828
 21
-155.6664708540428
 31
0.0
  0
LINE
  5
10282
330
F006
100
AcDbEntity
  8
A_DIM
370
    -2
 62
    45
100
AcDbLine
 10
345.1606633136828
 20
-155.7964708540428
 30
0.0
 11
345.1606633136828
 21
-155.8664708540427
 31
0.0
  0
LINE
  5
10283
330
F006
100
AcDbEntity
  8
A_DIM
370
    -2
 62
    45
100
AcDbLine
 10
345.1606633136828
 20
-155.6664708540428
 30
0.0
 11
345.1606633136828
 21
-155.5964708540428
 31
0.0
  0
LINE
  5
10284
330
F006
100
AcDbEntity
  8
A_DIM
370
    -2
 62
    45
100
AcDbLine
 10
345.1606633136828
 20
-155.7964708540428
 30
0.0
 11
345.1606633136828
 21
-155.6664708540428
 31
0.0
  0
INSERT
  5
10285
330
F006
100
AcDbEntity
  8
A_DIM
370
    -2
 62
    45
100
AcDbBlockReference
  2
_ArchTick
 10
345.1606633136828
 20
-155.7964708540428
 30
0.0
 41
0.07000000000000001
 42
0.07000000000000001
 43
0.07000000000000001
 50
90.0
  0
INSERT
  5
10286
330
F006
100
AcDbEntity
  8
A_DIM
370
    -2
 62
    45
100
AcDbBlockReference
  2
_ArchTick
 10
345.1606633136828
 20
-155.6664708540428
 30
0.0
 41
0.07000000000000001
 42
0.07000000000000001
 43
0.07000000000000001
 50
270.0
  0
MTEXT
  5
10287
330
F006
100
AcDbEntity
  8
A_DIM
100
AcDbMText
 10
345.0340262059064
 20
-155.7314708540428
 30
0.0
210
0.0
220
0.0
230
1.0
 11
6.123233995736766E-17
 21
1.0
 31
0.0
 40
0.15
 41
0.0
 46
0.0
 71
     5
 72
     1
  1
\A1;0.13
  7
ARIAL
 73
     1
 44
1.0
101
Embedded Object
 70
     1
 10
345.0340262059064
 20
-155.7314708540428
 30
0.0
 11
6.123233995736766E-17
 21
1.0
 31
0.0
 40
0.0
 41
0.0
 42
0.3896316507503411
 43
0.1532742155525239
 71
     0
  0
POINT
  5
10288
330
F006
100
AcDbEntity
  8
Defpoints
 62
     0
100
AcDbPoint
 10
344.1626073999181
 20
-155.7964708540428
 30
0.0
 50
0.0
  0
POINT
  5
10289
330
F006
100
AcDbEntity
  8
Defpoints
 62
     0
100
AcDbPoint
 10
344.1626073999181
 20
-155.6664708540428
 30
0.0
 50
0.0
  0
POINT
  5
1028A
330
F006
100
AcDbEntity
  8
Defpoints
 62
     0
100
AcDbPoint
 10
345.1606633136828
 20
-155.6664708540428
 30
0.0
 50
0.0
  0
ENDBLK
  5
F008
330
F006
100
AcDbEntity
  8
0
100
AcDbBlockEnd
  0
BLOCK
  5
F023
330
F022
100
AcDbEntity
  8
0
100
AcDbBlockBegin
  2
*D451
 70
     1
 10
0.0
 20
0.0
 30
0.0
  3
*D451
  1

  0
LINE
  5
1028B
330
F022
100
AcDbEntity
  8
A_DIM
370
    -2
 62
    45
100
AcDbLine
 10
344.1626073999181
 20
-155.6664708540428
 30
0.0
 11
345.160663313683
 21
-155.6664708540428
 31
0.0
  0
LINE
  5
1028C
330
F022
100
AcDbEntity
  8
A_DIM
370
    -2
 62
    45
100
AcDbLine
 10
344.1626073999181
 20
-154.2964708540428
 30
0.0
 11
345.160663313683
 21
-154.2964708540428
 31
0.0
  0
LINE
  5
1028D
330
F022
100
AcDbEntity
  8
A_DIM
370
    -2
 62
    45
100
AcDbLine
 10
345.160663313683
 20
-155.6664708540428
 30
0.0
 11
345.160663313683
 21
-154.2964708540428
 31
0.0
  0
INSERT
  5
1028E
330
F022
100
AcDbEntity
  8
A_DIM
370
    -2
 62
    45
100
AcDbBlockReference
  2
_ArchTick
 10
345.160663313683
 20
-155.6664708540428
 30
0.0
 41
0.07000000000000001
 42
0.07000000000000001
 43
0.07000000000000001
 50
270.0
  0
INSERT
  5
1028F
330
F022
100
AcDbEntity
  8
A_DIM
370
    -2
 62
    45
100
AcDbBlockReference
  2
_ArchTick
 10
345.160663313683
 20
-154.2964708540428
 30
0.0
 41
0.07000000000000001
 42
0.07000000000000001
 43
0.07000000000000001
 50
90.0
  0
MTEXT
  5
10290
330
F022
100
AcDbEntity
  8
A_DIM
100
AcDbMText
 10
345.0340262059066
 20
-154.9814708540428
 30
0.0
210
0.0
220
0.0
230
1.0
 11
6.123233995736766E-17
 21
1.0
 31
0.0
 40
0.15
 41
0.0
 46
0.0
 71
     5
 72
     1
  1
\A1;1.37
  7
ARIAL
 73
     1
 44
1.0
101
Embedded Object
 70
     1
 10
345.0340262059066
 20
-154.9814708540428
 30
0.0
 11
6.123233995736766E-17
 21
1.0
 31
0.0
 40
0.0
 41
0.0
 42
0.3755115961800818
 43
0.1532742155525239
 71
     0
  0
POINT
  5
10291
330
F022
100
AcDbEntity
  8
Defpoints
 62
     0
100
AcDbPoint
 10
344.1626073999181
 20
-155.6664708540428
 30
0.0
 50
0.0
  0
POINT
  5
10292
330
F022
100
AcDbEntity
  8
Defpoints
 62
     0
100
AcDbPoint
 10
344.1626073999181
 20
-154.2964708540428
 30
0.0
 50
0.0
  0
POINT
  5
10293
330
F022
100
AcDbEntity
  8
Defpoints
 62
     0
100
AcDbPoint
 10
345.160663313683
 20
-154.2964708540428
 30
0.0
 50
0.0
  0
ENDBLK
  5
F024
330
F022
100
AcDbEntity
  8
0
100
AcDbBlockEnd
  0
BLOCK
  5
F03B
330
F03A
100
AcDbEntity
  8
0
100
AcDbBlockBegin
  2
*D452
 70
     1
 10
0.0
 20
0.0
 30
0.0
  3
*D452
  1

  0
LINE
  5
10294
330
F03A
100
AcDbEntity
  8
A_DIM
370
    -2
 62
    45
100
AcDbLine
 10
344.1626073999181
 20
-154.2964708540428
 30
0.0
 11
345.1606633136832
 21
-154.2964708540428
 31
0.0
  0
LINE
  5
10295
330
F03A
100
AcDbEntity
  8
A_DIM
370
    -2
 62
    45
100
AcDbLine
 10
344.1626073999181
 20
-154.1614708540428
 30
0.0
 11
345.1606633136832
 21
-154.1614708540428
 31
0.0
  0
LINE
  5
10296
330
F03A
100
AcDbEntity
  8
A_DIM
370
    -2
 62
    45
100
AcDbLine
 10
345.1606633136832
 20
-154.2964708540428
 30
0.0
 11
345.1606633136832
 21
-154.3664708540427
 31
0.0
  0
LINE
  5
10297
330
F03A
100
AcDbEntity
  8
A_DIM
370
    -2
 62
    45
100
AcDbLine
 10
345.1606633136832
 20
-154.1614708540428
 30
0.0
 11
345.1606633136832
 21
-154.0914708540428
 31
0.0
  0
LINE
  5
10298
330
F03A
100
AcDbEntity
  8
A_DIM
370
    -2
 62
    45
100
AcDbLine
 10
345.1606633136832
 20
-154.2964708540428
 30
0.0
 11
345.1606633136832
 21
-154.1614708540428
 31
0.0
  0
INSERT
  5
10299
330
F03A
100
AcDbEntity
  8
A_DIM
370
    -2
 62
    45
100
AcDbBlockReference
  2
_ArchTick
 10
345.1606633136832
 20
-154.2964708540428
 30
0.0
 41
0.07000000000000001
 42
0.07000000000000001
 43
0.07000000000000001
 50
90.0
  0
INSERT
  5
1029A
330
F03A
100
AcDbEntity
  8
A_DIM
370
    -2
 62
    45
100
AcDbBlockReference
  2
_ArchTick
 10
345.1606633136832
 20
-154.1614708540428
 30
0.0
 41
0.07000000000000001
 42
0.07000000000000001
 43
0.07000000000000001
 50
270.0
  0
MTEXT
  5
1029B
330
F03A
100
AcDbEntity
  8
A_DIM
100
AcDbMText
 10
345.0340773655249
 20
-154.2289708540428
 30
0.0
210
0.0
220
0.0
230
1.0
 11
6.123233995736766E-17
 21
1.0
 31
0.0
 40
0.15
 41
0.0
 46
0.0
 71
     5
 72
     1
  1
\A1;0.14
  7
ARIAL
 73
     1
 44
1.0
101
Embedded Object
 70
     1
 10
345.0340773655249
 20
-154.2289708540428
 30
0.0
 11
6.123233995736766E-17
 21
1.0
 31
0.0
 40
0.0
 41
0.0
 42
0.3890177353342428
 43
0.1531718963165075
 71
     0
  0
POINT
  5
1029C
330
F03A
100
AcDbEntity
  8
Defpoints
 62
     0
100
AcDbPoint
 10
344.1626073999181
 20
-154.2964708540428
 30
0.0
 50
0.0
  0
POINT
  5
1029D
330
F03A
100
AcDbEntity
  8
Defpoints
 62
     0
100
AcDbPoint
 10
344.1626073999181
 20
-154.1614708540428
 30
0.0
 50
0.0
  0
POINT
  5
1029E
330
F03A
100
AcDbEntity
  8
Defpoints
 62
     0
100
AcDbPoint
 10
345.1606633136832
 20
-154.1614708540428
 30
0.0
 50
0.0
  0
ENDBLK
  5
F03C
330
F03A
100
AcDbEntity
  8
0
100
AcDbBlockEnd
  0
BLOCK
  5
F057
330
F056
100
AcDbEntity
  8
0
100
AcDbBlockBegin
  2
*D453
 70
     1
 10
0.0
 20
0.0
 30
0.0
  3
*D453
  1

  0
LINE
  5
1029F
330
F056
100
AcDbEntity
  8
A_DIM
370
    -2
 62
    45
100
AcDbLine
 10
344.1626073999181
 20
-154.1614708540428
 30
0.0
 11
345.1606633136835
 21
-154.1614708540428
 31
0.0
  0
LINE
  5
102A0
330
F056
100
AcDbEntity
  8
A_DIM
370
    -2
 62
    45
100
AcDbLine
 10
344.3215911773472
 20
-151.8014708540427
 30
0.0
 11
345.1606633136835
 21
-151.8014708540427
 31
0.0
  0
LINE
  5
102A1
330
F056
100
AcDbEntity
  8
A_DIM
370
    -2
 62
    45
100
AcDbLine
 10
345.1606633136835
 20
-154.1614708540428
 30
0.0
 11
345.1606633136835
 21
-151.8014708540427
 31
0.0
  0
INSERT
  5
102A2
330
F056
100
AcDbEntity
  8
A_DIM
370
    -2
 62
    45
100
AcDbBlockReference
  2
_ArchTick
 10
345.1606633136835
 20
-154.1614708540428
 30
0.0
 41
0.07000000000000001
 42
0.07000000000000001
 43
0.07000000000000001
 50
270.0
  0
INSERT
  5
102A3
330
F056
100
AcDbEntity
  8
A_DIM
370
    -2
 62
    45
100
AcDbBlockReference
  2
_ArchTick
 10
345.1606633136835
 20
-151.8014708540427
 30
0.0
 41
0.07000000000000001
 42
0.07000000000000001
 43
0.07000000000000001
 50
90.0
  0
MTEXT
  5
102A4
330
F056
100
AcDbEntity
  8
A_DIM
100
AcDbMText
 10
345.0340262059071
 20
-152.9814708540428
 30
0.0
210
0.0
220
0.0
230
1.0
 11
6.123233995736766E-17
 21
1.0
 31
0.0
 40
0.15
 41
0.0
 46
0.0
 71
     5
 72
     1
  1
\A1;2.36
  7
ARIAL
 73
     1
 44
1.0
101
Embedded Object
 70
     1
 10
345.0340262059071
 20
-152.9814708540428
 30
0.0
 11
6.123233995736766E-17
 21
1.0
 31
0.0
 40
0.0
 41
0.0
 42
0.3920873124147339
 43
0.1532742155525239
 71
     0
  0
POINT
  5
102A5
330
F056
100
AcDbEntity
  8
Defpoints
 62
     0
100
AcDbPoint
 10
344.1626073999181
 20
-154.1614708540428
 30
0.0
 50
0.0
  0
POINT
  5
102A6
330
F056
100
AcDbEntity
  8
Defpoints
 62
     0
100
AcDbPoint
 10
344.3215911773472
 20
-151.8014708540427
 30
0.0
 50
0.0
  0
POINT
  5
102A7
330
F056
100
AcDbEntity
  8
Defpoints
 62
     0
100
AcDbPoint
 10
345.1606633136835
 20
-151.8014708540427
 30
0.0
 50
0.0
  0
ENDBLK
  5
F058
330
F056
100
AcDbEntity
  8
0
100
AcDbBlockEnd
  0
BLOCK
  5
F081
330
F080
100
AcDbEntity
  8
0
100
AcDbBlockBegin
  2
*D454
 70
     1
 10
0.0
 20
0.0
 30
0.0
  3
*D454
  1

  0
LINE
  5
102A8
330
F080
100
AcDbEntity
  8
A_DIM
370
    -2
 62
    45
100
AcDbLine
 10
343.5534869028922
 20
-159.3914708540427
 30
0.0
 11
344.0263390582634
 21
-159.3914708540427
 31
0.0
  0
LINE
  5
102A9
330
F080
100
AcDbEntity
  8
A_DIM
370
    -2
 62
    45
100
AcDbLine
 10
343.5534869028922
 20
-157.0914708540427
 30
0.0
 11
344.0263390582634
 21
-157.0914708540427
 31
0.0
  0
LINE
  5
102AA
330
F080
100
AcDbEntity
  8
A_DIM
370
    -2
 62
    45
100
AcDbLine
 10
344.0263390582634
 20
-159.3914708540427
 30
0.0
 11
344.0263390582634
 21
-157.0914708540427
 31
0.0
  0
INSERT
  5
102AB
330
F080
100
AcDbEntity
  8
A_DIM
370
    -2
 62
    45
100
AcDbBlockReference
  2
_ArchTick
 10
344.0263390582634
 20
-159.3914708540427
 30
0.0
 41
0.07000000000000001
 42
0.07000000000000001
 43
0.07000000000000001
 50
270.0
  0
INSERT
  5
102AC
330
F080
100
AcDbEntity
  8
A_DIM
370
    -2
 62
    45
100
AcDbBlockReference
  2
_ArchTick
 10
344.0263390582634
 20
-157.0914708540427
 30
0.0
 41
0.07000000000000001
 42
0.07000000000000001
 43
0.07000000000000001
 50
90.0
  0
MTEXT
  5
102AD
330
F080
100
AcDbEntity
  8
A_DIM
100
AcDbMText
 10
343.899701950487
 20
-158.2414708540428
 30
0.0
210
0.0
220
0.0
230
1.0
 11
6.123233995736766E-17
 21
1.0
 31
0.0
 40
0.15
 41
0.0
 46
0.0
 71
     5
 72
     1
  1
\A1;2.30
  7
ARIAL
 73
     1
 44
1.0
101
Embedded Object
 70
     1
 10
343.899701950487
 20
-158.2414708540428
 30
0.0
 11
6.123233995736766E-17
 21
1.0
 31
0.0
 40
0.0
 41
0.0
 42
0.3916780354706685
 43
0.1532742155525239
 71
     0
  0
POINT
  5
102AE
330
F080
100
AcDbEntity
  8
Defpoints
 62
     0
100
AcDbPoint
 10
343.5534869028922
 20
-159.3914708540427
 30
0.0
 50
0.0
  0
POINT
  5
102AF
330
F080
100
AcDbEntity
  8
Defpoints
 62
     0
100
AcDbPoint
 10
343.5534869028922
 20
-157.0914708540427
 30
0.0
 50
0.0
  0
POINT
  5
102B0
330
F080
100
AcDbEntity
  8
Defpoints
 62
     0
100
AcDbPoint
 10
344.0263390582634
 20
-157.0914708540427
 30
0.0
 50
0.0
  0
ENDBLK
  5
F082
330
F080
100
AcDbEntity
  8
0
100
AcDbBlockEnd
  0
BLOCK
  5
F099
330
F098
100
AcDbEntity
  8
0
100
AcDbBlockBegin
  2
*D455
 70
     1
 10
0.0
 20
0.0
 30
0.0
  3
*D455
  1

  0
LINE
  5
102B1
330
F098
100
AcDbEntity
  8
A_DIM
370
    -2
 62
    45
100
AcDbLine
 10
343.5834869028923
 20
-157.0914708540427
 30
0.0
 11
344.0263390582636
 21
-157.0914708540427
 31
0.0
  0
LINE
  5
102B2
330
F098
100
AcDbEntity
  8
A_DIM
370
    -2
 62
    45
100
AcDbLine
 10
343.5834869028923
 20
-156.1514708540427
 30
0.0
 11
344.0263390582636
 21
-156.1514708540427
 31
0.0
  0
LINE
  5
102B3
330
F098
100
AcDbEntity
  8
A_DIM
370
    -2
 62
    45
100
AcDbLine
 10
344.0263390582636
 20
-157.0914708540427
 30
0.0
 11
344.0263390582636
 21
-156.1514708540427
 31
0.0
  0
INSERT
  5
102B4
330
F098
100
AcDbEntity
  8
A_DIM
370
    -2
 62
    45
100
AcDbBlockReference
  2
_ArchTick
 10
344.0263390582636
 20
-157.0914708540427
 30
0.0
 41
0.07000000000000001
 42
0.07000000000000001
 43
0.07000000000000001
 50
270.0
  0
INSERT
  5
102B5
330
F098
100
AcDbEntity
  8
A_DIM
370
    -2
 62
    45
100
AcDbBlockReference
  2
_ArchTick
 10
344.0263390582636
 20
-156.1514708540427
 30
0.0
 41
0.07000000000000001
 42
0.07000000000000001
 43
0.07000000000000001
 50
90.0
  0
MTEXT
  5
102B6
330
F098
100
AcDbEntity
  8
A_DIM
100
AcDbMText
 10
343.8997531101052
 20
-156.6214708540428
 30
0.0
210
0.0
220
0.0
230
1.0
 11
6.123233995736766E-17
 21
1.0
 31
0.0
 40
0.15
 41
0.0
 46
0.0
 71
     5
 72
     1
  1
\A1;0.94
  7
ARIAL
 73
     1
 44
1.0
101
Embedded Object
 70
     1
 10
343.8997531101052
 20
-156.6214708540428
 30
0.0
 11
6.123233995736766E-17
 21
1.0
 31
0.0
 40
0.0
 41
0.0
 42
0.3890177353342428
 43
0.1531718963165075
 71
     0
  0
POINT
  5
102B7
330
F098
100
AcDbEntity
  8
Defpoints
 62
     0
100
AcDbPoint
 10
343.5834869028923
 20
-157.0914708540427
 30
0.0
 50
0.0
  0
POINT
  5
102B8
330
F098
100
AcDbEntity
  8
Defpoints
 62
     0
100
AcDbPoint
 10
343.5834869028923
 20
-156.1514708540427
 30
0.0
 50
0.0
  0
POINT
  5
102B9
330
F098
100
AcDbEntity
  8
Defpoints
 62
     0
100
AcDbPoint
 10
344.0263390582636
 20
-156.1514708540427
 30
0.0
 50
0.0
  0
ENDBLK
  5
F09A
330
F098
100
AcDbEntity
  8
0
100
AcDbBlockEnd
  0
BLOCK
  5
F0BA
330
F0B9
100
AcDbEntity
  8
0
100
AcDbBlockBegin
  2
*D456
 70
     1
 10
0.0
 20
0.0
 30
0.0
  3
*D456
  1

  0
LINE
  5
102BA
330
F0B9
100
AcDbEntity
  8
A_DIM
370
    -2
 62
    45
100
AcDbLine
 10
341.6234869028921
 20
-157.3414708540427
 30
0.0
 11
341.6234869028921
 21
-157.9544662611577
 31
0.0
  0
LINE
  5
102BB
330
F0B9
100
AcDbEntity
  8
A_DIM
370
    -2
 62
    45
100
AcDbLine
 10
343.2834869028922
 20
-157.3414708540427
 30
0.0
 11
343.2834869028922
 21
-157.9544662611577
 31
0.0
  0
LINE
  5
102BC
330
F0B9
100
AcDbEntity
  8
A_DIM
370
    -2
 62
    45
100
AcDbLine
 10
341.6234869028921
 20
-157.9544662611577
 30
0.0
 11
343.2834869028922
 21
-157.9544662611577
 31
0.0
  0
INSERT
  5
102BD
330
F0B9
100
AcDbEntity
  8
A_DIM
370
    -2
 62
    45
100
AcDbBlockReference
  2
_ArchTick
 10
341.6234869028921
 20
-157.9544662611577
 30
0.0
 41
0.07000000000000001
 42
0.07000000000000001
 43
0.07000000000000001
 50
180.0
  0
INSERT
  5
102BE
330
F0B9
100
AcDbEntity
  8
A_DIM
370
    -2
 62
    45
100
AcDbBlockReference
  2
_ArchTick
 10
343.2834869028922
 20
-157.9544662611577
 30
0.0
 41
0.07000000000000001
 42
0.07000000000000001
 43
0.07000000000000001
  0
MTEXT
  5
102BF
330
F0B9
100
AcDbEntity
  8
A_DIM
100
AcDbMText
 10
342.4534869028921
 20
-157.8278803129994
 30
0.0
210
0.0
220
0.0
230
1.0
 11
1.0
 21
0.0
 31
0.0
 40
0.15
 41
0.0
 46
0.0
 71
     5
 72
     1
  1
\A1;1.66
  7
ARIAL
 73
     1
 44
1.0
101
Embedded Object
 70
     1
 10
342.4534869028921
 20
-157.8278803129994
 30
0.0
 11
1.0
 21
0.0
 31
0.0
 40
0.0
 41
0.0
 42
0.3754092769440655
 43
0.1531718963165075
 71
     0
  0
POINT
  5
102C0
330
F0B9
100
AcDbEntity
  8
Defpoints
 62
     0
100
AcDbPoint
 10
341.6234869028921
 20
-157.3414708540427
 30
0.0
 50
0.0
  0
POINT
  5
102C1
330
F0B9
100
AcDbEntity
  8
Defpoints
 62
     0
100
AcDbPoint
 10
343.2834869028922
 20
-157.3414708540427
 30
0.0
 50
0.0
  0
POINT
  5
102C2
330
F0B9
100
AcDbEntity
  8
Defpoints
 62
     0
100
AcDbPoint
 10
343.2834869028922
 20
-157.9544662611577
 30
0.0
 50
0.0
  0
ENDBLK
  5
F0BB
330
F0B9
100
AcDbEntity
  8
0
100
AcDbBlockEnd
  0
BLOCK
  5
F0D2
330
F0D1
100
AcDbEntity
  8
0
100
AcDbBlockBegin
  2
*D457
 70
     1
 10
0.0
 20
0.0
 30
0.0
  3
*D457
  1

  0
LINE
  5
102C3
330
F0D1
100
AcDbEntity
  8
A_DIM
370
    -2
 62
    45
100
AcDbLine
 10
341.6234869028922
 20
-155.9014708540428
 30
0.0
 11
342.0127320258064
 21
-155.9014708540428
 31
0.0
  0
LINE
  5
102C4
330
F0D1
100
AcDbEntity
  8
A_DIM
370
    -2
 62
    45
100
AcDbLine
 10
341.6234869028922
 20
-157.3414708540428
 30
0.0
 11
342.0127320258064
 21
-157.3414708540428
 31
0.0
  0
LINE
  5
102C5
330
F0D1
100
AcDbEntity
  8
A_DIM
370
    -2
 62
    45
100
AcDbLine
 10
342.0127320258064
 20
-155.9014708540428
 30
0.0
 11
342.0127320258064
 21
-157.3414708540428
 31
0.0
  0
INSERT
  5
102C6
330
F0D1
100
AcDbEntity
  8
A_DIM
370
    -2
 62
    45
100
AcDbBlockReference
  2
_ArchTick
 10
342.0127320258064
 20
-155.9014708540428
 30
0.0
 41
0.07000000000000001
 42
0.07000000000000001
 43
0.07000000000000001
 50
90.0
  0
INSERT
  5
102C7
330
F0D1
100
AcDbEntity
  8
A_DIM
370
    -2
 62
    45
100
AcDbBlockReference
  2
_ArchTick
 10
342.0127320258064
 20
-157.3414708540428
 30
0.0
 41
0.07000000000000001
 42
0.07000000000000001
 43
0.07000000000000001
 50
270.0
  0
MTEXT
  5
102C8
330
F0D1
100
AcDbEntity
  8
A_DIM
100
AcDbMText
 10
341.8874250680982
 20
-156.6214708540429
 30
0.0
210
0.0
220
0.0
230
1.0
 11
6.123233995736766E-17
 21
1.0
 31
0.0
 40
0.15
 41
0.0
 46
0.0
 71
     5
 72
     1
  1
\A1;1.44
  7
ARIAL
 73
     1
 44
1.0
101
Embedded Object
 70
     1
 10
341.8874250680982
 20
-156.6214708540429
 30
0.0
 11
6.123233995736766E-17
 21
1.0
 31
0.0
 40
0.0
 41
0.0
 42
0.3748976807639836
 43
0.1506139154160982
 71
     0
  0
POINT
  5
102C9
330
F0D1
100
AcDbEntity
  8
Defpoints
 62
     0
100
AcDbPoint
 10
341.6234869028922
 20
-155.9014708540428
 30
0.0
 50
0.0
  0
POINT
  5
102CA
330
F0D1
100
AcDbEntity
  8
Defpoints
 62
     0
100
AcDbPoint
 10
341.6234869028922
 20
-157.3414708540428
 30
0.0
 50
0.0
  0
POINT
  5
102CB
330
F0D1
100
AcDbEntity
  8
Defpoints
 62
     0
100
AcDbPoint
 10
342.0127320258064
 20
-157.3414708540428
 30
0.0
 50
0.0
  0
ENDBLK
  5
F0D3
330
F0D1
100
AcDbEntity
  8
0
100
AcDbBlockEnd
  0
BLOCK
  5
F0F3
330
F0F2
100
AcDbEntity
  8
0
100
AcDbBlockBegin
  2
*D458
 70
     1
 10
0.0
 20
0.0
 30
0.0
  3
*D458
  1

  0
LINE
  5
102CC
330
F0F2
100
AcDbEntity
  8
A_DIM
370
    -2
 62
    45
100
AcDbLine
 10
339.5534869028921
 20
-155.9014708540427
 30
0.0
 11
339.5534869028921
 21
-156.3351448934798
 31
0.0
  0
LINE
  5
102CD
330
F0F2
100
AcDbEntity
  8
A_DIM
370
    -2
 62
    45
100
AcDbLine
 10
337.9734869028921
 20
-155.9014708540427
 30
0.0
 11
337.9734869028921
 21
-156.3351448934798
 31
0.0
  0
LINE
  5
102CE
330
F0F2
100
AcDbEntity
  8
A_DIM
370
    -2
 62
    45
100
AcDbLine
 10
339.5534869028921
 20
-156.3351448934798
 30
0.0
 11
337.9734869028921
 21
-156.3351448934798
 31
0.0
  0
INSERT
  5
102CF
330
F0F2
100
AcDbEntity
  8
A_DIM
370
    -2
 62
    45
100
AcDbBlockReference
  2
_ArchTick
 10
339.5534869028921
 20
-156.3351448934798
 30
0.0
 41
0.07000000000000001
 42
0.07000000000000001
 43
0.07000000000000001
  0
INSERT
  5
102D0
330
F0F2
100
AcDbEntity
  8
A_DIM
370
    -2
 62
    45
100
AcDbBlockReference
  2
_ArchTick
 10
337.9734869028921
 20
-156.3351448934798
 30
0.0
 41
0.07000000000000001
 42
0.07000000000000001
 43
0.07000000000000001
 50
180.0
  0
MTEXT
  5
102D1
330
F0F2
100
AcDbEntity
  8
A_DIM
100
AcDbMText
 10
338.7634869028921
 20
-156.2085589453215
 30
0.0
210
0.0
220
0.0
230
1.0
 11
1.0
 21
0.0
 31
0.0
 40
0.15
 41
0.0
 46
0.0
 71
     5
 72
     1
  1
\A1;1.58
  7
ARIAL
 73
     1
 44
1.0
101
Embedded Object
 70
     1
 10
338.7634869028921
 20
-156.2085589453215
 30
0.0
 11
1.0
 21
0.0
 31
0.0
 40
0.0
 41
0.0
 42
0.375818553888131
 43
0.1531718963165075
 71
     0
  0
POINT
  5
102D2
330
F0F2
100
AcDbEntity
  8
Defpoints
 62
     0
100
AcDbPoint
 10
339.5534869028921
 20
-155.9014708540427
 30
0.0
 50
0.0
  0
POINT
  5
102D3
330
F0F2
100
AcDbEntity
  8
Defpoints
 62
     0
100
AcDbPoint
 10
337.9734869028921
 20
-155.9014708540427
 30
0.0
 50
0.0
  0
POINT
  5
102D4
330
F0F2
100
AcDbEntity
  8
Defpoints
 62
     0
100
AcDbPoint
 10
337.9734869028921
 20
-156.3351448934798
 30
0.0
 50
0.0
  0
ENDBLK
  5
F0F4
330
F0F2
100
AcDbEntity
  8
0
100
AcDbBlockEnd
  0
BLOCK
  5
F10B
330
F10A
100
AcDbEntity
  8
0
100
AcDbBlockBegin
  2
*D459
 70
     1
 10
0.0
 20
0.0
 30
0.0
  3
*D459
  1

  0
LINE
  5
102D5
330
F10A
100
AcDbEntity
  8
A_DIM
370
    -2
 62
    45
100
AcDbLine
 10
339.5534869028921
 20
-155.9014708540427
 30
0.0
 11
339.5534869028921
 21
-156.3351448934798
 31
0.0
  0
LINE
  5
102D6
330
F10A
100
AcDbEntity
  8
A_DIM
370
    -2
 62
    45
100
AcDbLine
 10
340.7534869028921
 20
-155.9014708540427
 30
0.0
 11
340.7534869028921
 21
-156.3351448934798
 31
0.0
  0
LINE
  5
102D7
330
F10A
100
AcDbEntity
  8
A_DIM
370
    -2
 62
    45
100
AcDbLine
 10
339.5534869028921
 20
-156.3351448934798
 30
0.0
 11
340.7534869028921
 21
-156.3351448934798
 31
0.0
  0
INSERT
  5
102D8
330
F10A
100
AcDbEntity
  8
A_DIM
370
    -2
 62
    45
100
AcDbBlockReference
  2
_ArchTick
 10
339.5534869028921
 20
-156.3351448934798
 30
0.0
 41
0.07000000000000001
 42
0.07000000000000001
 43
0.07000000000000001
 50
180.0
  0
INSERT
  5
102D9
330
F10A
100
AcDbEntity
  8
A_DIM
370
    -2
 62
    45
100
AcDbBlockReference
  2
_ArchTick
 10
340.7534869028921
 20
-156.3351448934798
 30
0.0
 41
0.07000000000000001
 42
0.07000000000000001
 43
0.07000000000000001
  0
MTEXT
  5
102DA
330
F10A
100
AcDbEntity
  8
A_DIM
100
AcDbMText
 10
340.1534869028922
 20
-156.2085589453215
 30
0.0
210
0.0
220
0.0
230
1.0
 11
1.0
 21
0.0
 31
0.0
 40
0.15
 41
0.0
 46
0.0
 71
     5
 72
     1
  1
\A1;1.20
  7
ARIAL
 73
     1
 44
1.0
101
Embedded Object
 70
     1
 10
340.1534869028922
 20
-156.2085589453215
 30
0.0
 11
1.0
 21
0.0
 31
0.0
 40
0.0
 41
0.0
 42
0.375
 43
0.1531718963165075
 71
     0
  0
POINT
  5
102DB
330
F10A
100
AcDbEntity
  8
Defpoints
 62
     0
100
AcDbPoint
 10
339.5534869028921
 20
-155.9014708540427
 30
0.0
 50
0.0
  0
POINT
  5
102DC
330
F10A
100
AcDbEntity
  8
Defpoints
 62
     0
100
AcDbPoint
 10
340.7534869028921
 20
-155.9014708540427
 30
0.0
 50
0.0
  0
POINT
  5
102DD
330
F10A
100
AcDbEntity
  8
Defpoints
 62
     0
100
AcDbPoint
 10
340.7534869028921
 20
-156.3351448934798
 30
0.0
 50
0.0
  0
ENDBLK
  5
F10C
330
F10A
100
AcDbEntity
  8
0
100
AcDbBlockEnd
  0
BLOCK
  5
F123
330
F122
100
AcDbEntity
  8
0
100
AcDbBlockBegin
  2
*D460
 70
     1
 10
0.0
 20
0.0
 30
0.0
  3
*D460
  1

  0
LINE
  5
102DE
330
F122
100
AcDbEntity
  8
A_DIM
370
    -2
 62
    45
100
AcDbLine
 10
340.7534869028921
 20
-155.9014708540427
 30
0.0
 11
340.7534869028921
 21
-156.3351448934798
 31
0.0
  0
LINE
  5
102DF
330
F122
100
AcDbEntity
  8
A_DIM
370
    -2
 62
    45
100
AcDbLine
 10
341.3434869028922
 20
-155.9014708540427
 30
0.0
 11
341.3434869028922
 21
-156.3351448934798
 31
0.0
  0
LINE
  5
102E0
330
F122
100
AcDbEntity
  8
A_DIM
370
    -2
 62
    45
100
AcDbLine
 10
340.7534869028921
 20
-156.3351448934798
 30
0.0
 11
341.3434869028922
 21
-156.3351448934798
 31
0.0
  0
INSERT
  5
102E1
330
F122
100
AcDbEntity
  8
A_DIM
370
    -2
 62
    45
100
AcDbBlockReference
  2
_ArchTick
 10
340.7534869028921
 20
-156.3351448934798
 30
0.0
 41
0.07000000000000001
 42
0.07000000000000001
 43
0.07000000000000001
 50
180.0
  0
INSERT
  5
102E2
330
F122
100
AcDbEntity
  8
A_DIM
370
    -2
 62
    45
100
AcDbBlockReference
  2
_ArchTick
 10
341.3434869028922
 20
-156.3351448934798
 30
0.0
 41
0.07000000000000001
 42
0.07000000000000001
 43
0.07000000000000001
  0
MTEXT
  5
102E3
330
F122
100
AcDbEntity
  8
A_DIM
100
AcDbMText
 10
341.0484869028921
 20
-156.2085589453215
 30
0.0
210
0.0
220
0.0
230
1.0
 11
1.0
 21
0.0
 31
0.0
 40
0.15
 41
0.0
 46
0.0
 71
     5
 72
     1
  1
\A1;0.59
  7
ARIAL
 73
     1
 44
1.0
101
Embedded Object
 70
     1
 10
341.0484869028921
 20
-156.2085589453215
 30
0.0
 11
1.0
 21
0.0
 31
0.0
 40
0.0
 41
0.0
 42
0.3899386084583902
 43
0.1531718963165075
 71
     0
  0
POINT
  5
102E4
330
F122
100
AcDbEntity
  8
Defpoints
 62
     0
100
AcDbPoint
 10
340.7534869028921
 20
-155.9014708540427
 30
0.0
 50
0.0
  0
POINT
  5
102E5
330
F122
100
AcDbEntity
  8
Defpoints
 62
     0
100
AcDbPoint
 10
341.3434869028922
 20
-155.9014708540427
 30
0.0
 50
0.0
  0
POINT
  5
102E6
330
F122
100
AcDbEntity
  8
Defpoints
 62
     0
100
AcDbPoint
 10
341.3434869028922
 20
-156.3351448934798
 30
0.0
 50
0.0
  0
ENDBLK
  5
F124
330
F122
100
AcDbEntity
  8
0
100
AcDbBlockEnd
  0
BLOCK
  5
FFD0
330
FFCF
100
AcDbEntity
  8
0
100
AcDbBlockBegin
  2
*D461
 70
     1
 10
0.0
 20
0.0
 30
0.0
  3
*D461
  1

  0
LINE
  5
102E7
330
FFCF
100
AcDbEntity
  8
A_DIM
370
    -2
 62
    45
100
AcDbLine
 10
340.7534869028922
 20
-155.9014708540428
 30
0.0
 11
340.5428683227107
 21
-155.9014708540428
 31
0.0
  0
LINE
  5
102E8
330
FFCF
100
AcDbEntity
  8
A_DIM
370
    -2
 62
    45
100
AcDbLine
 10
340.7534869028922
 20
-151.8014708540427
 30
0.0
 11
340.5428683227107
 21
-151.8014708540427
 31
0.0
  0
LINE
  5
102E9
330
FFCF
100
AcDbEntity
  8
A_DIM
370
    -2
 62
    45
100
AcDbLine
 10
340.5428683227107
 20
-155.9014708540428
 30
0.0
 11
340.5428683227107
 21
-151.8014708540427
 31
0.0
  0
INSERT
  5
102EA
330
FFCF
100
AcDbEntity
  8
A_DIM
370
    -2
 62
    45
100
AcDbBlockReference
  2
_ArchTick
 10
340.5428683227107
 20
-155.9014708540428
 30
0.0
 41
0.07000000000000001
 42
0.07000000000000001
 43
0.07000000000000001
 50
270.0
  0
INSERT
  5
102EB
330
FFCF
100
AcDbEntity
  8
A_DIM
370
    -2
 62
    45
100
AcDbBlockReference
  2
_ArchTick
 10
340.5428683227107
 20
-151.8014708540427
 30
0.0
 41
0.07000000000000001
 42
0.07000000000000001
 43
0.07000000000000001
 50
90.0
  0
MTEXT
  5
102EC
330
FFCF
100
AcDbEntity
  8
A_DIM
100
AcDbMText
 10
340.4162823745523
 20
-153.8514708540428
 30
0.0
210
0.0
220
0.0
230
1.0
 11
6.123233995736766E-17
 21
1.0
 31
0.0
 40
0.15
 41
0.0
 46
0.0
 71
     5
 72
     1
  1
\A1;4.10
  7
ARIAL
 73
     1
 44
1.0
101
Embedded Object
 70
     1
 10
340.4162823745523
 20
-153.8514708540428
 30
0.0
 11
6.123233995736766E-17
 21
1.0
 31
0.0
 40
0.0
 41
0.0
 42
0.3951568894952251
 43
0.1531718963165075
 71
     0
  0
POINT
  5
102ED
330
FFCF
100
AcDbEntity
  8
Defpoints
 62
     0
100
AcDbPoint
 10
340.7534869028922
 20
-155.9014708540428
 30
0.0
 50
0.0
  0
POINT
  5
102EE
330
FFCF
100
AcDbEntity
  8
Defpoints
 62
     0
100
AcDbPoint
 10
340.7534869028922
 20
-151.8014708540427
 30
0.0
 50
0.0
  0
POINT
  5
102EF
330
FFCF
100
AcDbEntity
  8
Defpoints
 62
     0
100
AcDbPoint
 10
340.5428683227107
 20
-151.8014708540427
 30
0.0
 50
0.0
  0
ENDBLK
  5
FFD1
330
FFCF
100
AcDbEntity
  8
0
100
AcDbBlockEnd
  0
BLOCK
  5
FFE8
330
FFE7
100
AcDbEntity
  8
0
100
AcDbBlockBegin
  2
*D462
 70
     1
 10
0.0
 20
0.0
 30
0.0
  3
*D462
  1

  0
LINE
  5
102F0
330
FFE7
100
AcDbEntity
  8
A_DIM
370
    -2
 62
    45
100
AcDbLine
 10
338.2034869028921
 20
-151.8014708540427
 30
0.0
 11
338.2034869028921
 21
-151.0213895670943
 31
0.0
  0
LINE
  5
102F1
330
FFE7
100
AcDbEntity
  8
A_DIM
370
    -2
 62
    45
100
AcDbLine
 10
340.7534869028921
 20
-151.8014708540427
 30
0.0
 11
340.7534869028921
 21
-151.0213895670943
 31
0.0
  0
LINE
  5
102F2
330
FFE7
100
AcDbEntity
  8
A_DIM
370
    -2
 62
    45
100
AcDbLine
 10
338.2034869028921
 20
-151.0213895670943
 30
0.0
 11
340.7534869028921
 21
-151.0213895670943
 31
0.0
  0
INSERT
  5
102F3
330
FFE7
100
AcDbEntity
  8
A_DIM
370
    -2
 62
    45
100
AcDbBlockReference
  2
_ArchTick
 10
338.2034869028921
 20
-151.0213895670943
 30
0.0
 41
0.07000000000000001
 42
0.07000000000000001
 43
0.07000000000000001
 50
180.0
  0
INSERT
  5
102F4
330
FFE7
100
AcDbEntity
  8
A_DIM
370
    -2
 62
    45
100
AcDbBlockReference
  2
_ArchTick
 10
340.7534869028921
 20
-151.0213895670943
 30
0.0
 41
0.07000000000000001
 42
0.07000000000000001
 43
0.07000000000000001
  0
MTEXT
  5
102F5
330
FFE7
100
AcDbEntity
  8
A_DIM
100
AcDbMText
 10
339.4784869028921
 20
-150.894803618936
 30
0.0
210
0.0
220
0.0
230
1.0
 11
1.0
 21
0.0
 31
0.0
 40
0.15
 41
0.0
 46
0.0
 71
     5
 72
     1
  1
\A1;2.55
  7
ARIAL
 73
     1
 44
1.0
101
Embedded Object
 70
     1
 10
339.4784869028921
 20
-150.894803618936
 30
0.0
 11
1.0
 21
0.0
 31
0.0
 40
0.0
 41
0.0
 42
0.3933151432469304
 43
0.1531718963165075
 71
     0
  0
POINT
  5
102F6
330
FFE7
100
AcDbEntity
  8
Defpoints
 62
     0
100
AcDbPoint
 10
338.2034869028921
 20
-151.8014708540427
 30
0.0
 50
0.0
  0
POINT
  5
102F7
330
FFE7
100
AcDbEntity
  8
Defpoints
 62
     0
100
AcDbPoint
 10
340.7534869028921
 20
-151.8014708540427
 30
0.0
 50
0.0
  0
POINT
  5
102F8
330
FFE7
100
AcDbEntity
  8
Defpoints
 62
     0
100
AcDbPoint
 10
340.7534869028921
 20
-151.0213895670943
 30
0.0
 50
0.0
  0
ENDBLK
  5
FFE9
330
FFE7
100
AcDbEntity
  8
0
100
AcDbBlockEnd
  0
BLOCK
  5
10000
330
FFFF
100
AcDbEntity
  8
0
100
AcDbBlockBegin
  2
*D463
 70
     1
 10
0.0
 20
0.0
 30
0.0
  3
*D463
  1

  0
LINE
  5
102F9
330
FFFF
100
AcDbEntity
  8
A_DIM
370
    -2
 62
    45
100
AcDbLine
 10
340.9934869028921
 20
-151.8014708540427
 30
0.0
 11
340.9934869028921
 21
-151.0213895670943
 31
0.0
  0
LINE
  5
102FA
330
FFFF
100
AcDbEntity
  8
A_DIM
370
    -2
 62
    45
100
AcDbLine
 10
343.2834869028922
 20
-151.8014708540427
 30
0.0
 11
343.2834869028922
 21
-151.0213895670943
 31
0.0
  0
LINE
  5
102FB
330
FFFF
100
AcDbEntity
  8
A_DIM
370
    -2
 62
    45
100
AcDbLine
 10
340.9934869028921
 20
-151.0213895670943
 30
0.0
 11
343.2834869028922
 21
-151.0213895670943
 31
0.0
  0
INSERT
  5
102FC
330
FFFF
100
AcDbEntity
  8
A_DIM
370
    -2
 62
    45
100
AcDbBlockReference
  2
_ArchTick
 10
340.9934869028921
 20
-151.0213895670943
 30
0.0
 41
0.07000000000000001
 42
0.07000000000000001
 43
0.07000000000000001
 50
180.0
  0
INSERT
  5
102FD
330
FFFF
100
AcDbEntity
  8
A_DIM
370
    -2
 62
    45
100
AcDbBlockReference
  2
_ArchTick
 10
343.2834869028922
 20
-151.0213895670943
 30
0.0
 41
0.07000000000000001
 42
0.07000000000000001
 43
0.07000000000000001
  0
MTEXT
  5
102FE
330
FFFF
100
AcDbEntity
  8
A_DIM
100
AcDbMText
 10
342.1384869028922
 20
-150.894803618936
 30
0.0
210
0.0
220
0.0
230
1.0
 11
1.0
 21
0.0
 31
0.0
 40
0.15
 41
0.0
 46
0.0
 71
     5
 72
     1
  1
\A1;2.29
  7
ARIAL
 73
     1
 44
1.0
101
Embedded Object
 70
     1
 10
342.1384869028922
 20
-150.894803618936
 30
0.0
 11
1.0
 21
0.0
 31
0.0
 40
0.0
 41
0.0
 42
0.3924965893587994
 43
0.1531718963165075
 71
     0
  0
POINT
  5
102FF
330
FFFF
100
AcDbEntity
  8
Defpoints
 62
     0
100
AcDbPoint
 10
340.9934869028921
 20
-151.8014708540427
 30
0.0
 50
0.0
  0
POINT
  5
10300
330
FFFF
100
AcDbEntity
  8
Defpoints
 62
     0
100
AcDbPoint
 10
343.2834869028922
 20
-151.8014708540427
 30
0.0
 50
0.0
  0
POINT
  5
10301
330
FFFF
100
AcDbEntity
  8
Defpoints
 62
     0
100
AcDbPoint
 10
343.2834869028922
 20
-151.0213895670943
 30
0.0
 50
0.0
  0
ENDBLK
  5
10001
330
FFFF
100
AcDbEntity
  8
0
100
AcDbBlockEnd
  0
BLOCK
  5
100E9
330
100E8
100
AcDbEntity
  8
0
100
AcDbBlockBegin
  2
*D464
 70
     1
 10
0.0
 20
0.0
 30
0.0
  3
*D464
  1

  0
LINE
  5
101D7
330
100E8
100
AcDbEntity
  8
A_DIM
370
    -2
 62
    45
100
AcDbLine
 10
304.2175045697705
 20
-161.3614708540428
 30
0.0
 11
303.6487507983885
 21
-161.3614708540428
 31
0.0
  0
LINE
  5
101D8
330
100E8
100
AcDbEntity
  8
A_DIM
370
    -2
 62
    45
100
AcDbLine
 10
304.2175045697705
 20
-158.9314708540427
 30
0.0
 11
303.6487507983885
 21
-158.9314708540427
 31
0.0
  0
LINE
  5
101D9
330
100E8
100
AcDbEntity
  8
A_DIM
370
    -2
 62
    45
100
AcDbLine
 10
303.6487507983885
 20
-161.3614708540428
 30
0.0
 11
303.6487507983885
 21
-158.9314708540427
 31
0.0
  0
INSERT
  5
101DA
330
100E8
100
AcDbEntity
  8
A_DIM
370
    -2
 62
    45
100
AcDbBlockReference
  2
_ArchTick
 10
303.6487507983885
 20
-161.3614708540428
 30
0.0
 41
0.07000000000000001
 42
0.07000000000000001
 43
0.07000000000000001
 50
270.0
  0
INSERT
  5
101DB
330
100E8
100
AcDbEntity
  8
A_DIM
370
    -2
 62
    45
100
AcDbBlockReference
  2
_ArchTick
 10
303.6487507983885
 20
-158.9314708540427
 30
0.0
 41
0.07000000000000001
 42
0.07000000000000001
 43
0.07000000000000001
 50
90.0
  0
MTEXT
  5
101DC
330
100E8
100
AcDbEntity
  8
A_DIM
100
AcDbMText
 10
303.5221136906121
 20
-160.1464708540428
 30
0.0
210
0.0
220
0.0
230
1.0
 11
6.123233995736766E-17
 21
1.0
 31
0.0
 40
0.15
 41
0.0
 46
0.0
 71
     5
 72
     1
  1
\A1;2.43
  7
ARIAL
 73
     1
 44
1.0
101
Embedded Object
 70
     1
 10
303.5221136906121
 20
-160.1464708540428
 30
0.0
 11
6.123233995736766E-17
 21
1.0
 31
0.0
 40
0.0
 41
0.0
 42
0.3921896316507503
 43
0.1532742155525239
 71
     0
  0
POINT
  5
101DD
330
100E8
100
AcDbEntity
  8
Defpoints
 62
     0
100
AcDbPoint
 10
304.2175045697705
 20
-161.3614708540428
 30
0.0
 50
0.0
  0
POINT
  5
101DE
330
100E8
100
AcDbEntity
  8
Defpoints
 62
     0
100
AcDbPoint
 10
304.2175045697705
 20
-158.9314708540427
 30
0.0
 50
0.0
  0
POINT
  5
101DF
330
100E8
100
AcDbEntity
  8
Defpoints
 62
     0
100
AcDbPoint
 10
303.6487507983885
 20
-158.9314708540427
 30
0.0
 50
0.0
  0
ENDBLK
  5
100EA
330
100E8
100
AcDbEntity
  8
0
100
AcDbBlockEnd
  0
BLOCK
  5
10101
330
10100
100
AcDbEntity
  8
0
100
AcDbBlockBegin
  2
*D465
 70
     1
 10
0.0
 20
0.0
 30
0.0
  3
*D465
  1

  0
LINE
  5
101E0
330
10100
100
AcDbEntity
  8
A_DIM
370
    -2
 62
    45
100
AcDbLine
 10
304.0675045697705
 20
-158.6614708540428
 30
0.0
 11
303.1640964238337
 21
-158.6614708540428
 31
0.0
  0
LINE
  5
101E1
330
10100
100
AcDbEntity
  8
A_DIM
370
    -2
 62
    45
100
AcDbLine
 10
304.0675045697705
 20
-161.361470854043
 30
0.0
 11
303.1640964238337
 21
-161.361470854043
 31
0.0
  0
LINE
  5
101E2
330
10100
100
AcDbEntity
  8
A_DIM
370
    -2
 62
    45
100
AcDbLine
 10
303.1640964238337
 20
-158.6614708540428
 30
0.0
 11
303.1640964238337
 21
-161.361470854043
 31
0.0
  0
INSERT
  5
101E3
330
10100
100
AcDbEntity
  8
A_DIM
370
    -2
 62
    45
100
AcDbBlockReference
  2
_ArchTick
 10
303.1640964238337
 20
-158.6614708540428
 30
0.0
 41
0.07000000000000001
 42
0.07000000000000001
 43
0.07000000000000001
 50
90.0
  0
INSERT
  5
101E4
330
10100
100
AcDbEntity
  8
A_DIM
370
    -2
 62
    45
100
AcDbBlockReference
  2
_ArchTick
 10
303.1640964238337
 20
-161.361470854043
 30
0.0
 41
0.07000000000000001
 42
0.07000000000000001
 43
0.07000000000000001
 50
270.0
  0
MTEXT
  5
101E5
330
10100
100
AcDbEntity
  8
A_DIM
100
AcDbMText
 10
303.0375104756753
 20
-160.011470854043
 30
0.0
210
0.0
220
0.0
230
1.0
 11
6.123233995736766E-17
 21
1.0
 31
0.0
 40
0.15
 41
0.0
 46
0.0
 71
     5
 72
     1
  1
\A1;2.70
  7
ARIAL
 73
     1
 44
1.0
101
Embedded Object
 70
     1
 10
303.0375104756753
 20
-160.011470854043
 30
0.0
 11
6.123233995736766E-17
 21
1.0
 31
0.0
 40
0.0
 41
0.0
 42
0.3916780354706685
 43
0.1531718963165075
 71
     0
  0
POINT
  5
101E6
330
10100
100
AcDbEntity
  8
Defpoints
 62
     0
100
AcDbPoint
 10
304.0675045697705
 20
-158.6614708540428
 30
0.0
 50
0.0
  0
POINT
  5
101E7
330
10100
100
AcDbEntity
  8
Defpoints
 62
     0
100
AcDbPoint
 10
304.0675045697705
 20
-161.361470854043
 30
0.0
 50
0.0
  0
POINT
  5
101E8
330
10100
100
AcDbEntity
  8
Defpoints
 62
     0
100
AcDbPoint
 10
303.1640964238337
 20
-161.361470854043
 30
0.0
 50
0.0
  0
ENDBLK
  5
10102
330
10100
100
AcDbEntity
  8
0
100
AcDbBlockEnd
  0
BLOCK
  5
10141
330
10140
100
AcDbEntity
  8
0
100
AcDbBlockBegin
  2
*D466
 70
     1
 10
0.0
 20
0.0
 30
0.0
  3
*D466
  1

  0
LINE
  5
10302
330
10140
100
AcDbEntity
  8
A_DIM
370
    -2
 62
    45
100
AcDbLine
 10
349.6234869028921
 20
-157.4514708540427
 30
0.0
 11
349.6234869028921
 21
-157.778707337259
 31
0.0
  0
LINE
  5
10303
330
10140
100
AcDbEntity
  8
A_DIM
370
    -2
 62
    45
100
AcDbLine
 10
347.4834869028922
 20
-157.4514708540427
 30
0.0
 11
347.4834869028922
 21
-157.778707337259
 31
0.0
  0
LINE
  5
10304
330
10140
100
AcDbEntity
  8
A_DIM
370
    -2
 62
    45
100
AcDbLine
 10
349.6234869028921
 20
-157.778707337259
 30
0.0
 11
347.4834869028922
 21
-157.778707337259
 31
0.0
  0
INSERT
  5
10305
330
10140
100
AcDbEntity
  8
A_DIM
370
    -2
 62
    45
100
AcDbBlockReference
  2
_ArchTick
 10
349.6234869028921
 20
-157.778707337259
 30
0.0
 41
0.07000000000000001
 42
0.07000000000000001
 43
0.07000000000000001
  0
INSERT
  5
10306
330
10140
100
AcDbEntity
  8
A_DIM
370
    -2
 62
    45
100
AcDbBlockReference
  2
_ArchTick
 10
347.4834869028922
 20
-157.778707337259
 30
0.0
 41
0.07000000000000001
 42
0.07000000000000001
 43
0.07000000000000001
 50
180.0
  0
MTEXT
  5
10307
330
10140
100
AcDbEntity
  8
A_DIM
100
AcDbMText
 10
348.5534869028921
 20
-157.6534003795509
 30
0.0
210
0.0
220
0.0
230
1.0
 11
1.0
 21
0.0
 31
0.0
 40
0.15
 41
0.0
 46
0.0
 71
     5
 72
     1
  1
\A1;2.14
  7
ARIAL
 73
     1
 44
1.0
101
Embedded Object
 70
     1
 10
348.5534869028921
 20
-157.6534003795509
 30
0.0
 11
1.0
 21
0.0
 31
0.0
 40
0.0
 41
0.0
 42
0.3915757162346521
 43
0.1506139154160982
 71
     0
  0
POINT
  5
10308
330
10140
100
AcDbEntity
  8
Defpoints
 62
     0
100
AcDbPoint
 10
349.6234869028921
 20
-157.4514708540427
 30
0.0
 50
0.0
  0
POINT
  5
10309
330
10140
100
AcDbEntity
  8
Defpoints
 62
     0
100
AcDbPoint
 10
347.4834869028922
 20
-157.4514708540427
 30
0.0
 50
0.0
  0
POINT
  5
1030A
330
10140
100
AcDbEntity
  8
Defpoints
 62
     0
100
AcDbPoint
 10
347.4834869028922
 20
-157.778707337259
 30
0.0
 50
0.0
  0
ENDBLK
  5
10142
330
10140
100
AcDbEntity
  8
0
100
AcDbBlockEnd
  0
BLOCK
  5
1031B
330
1031A
100
AcDbEntity
  8
0
100
AcDbBlockBegin
  2
*U469
 70
     3
 10
0.0
 20
0.0
 30
0.0
  3
*U469
  1

  0
CIRCLE
  5
1031D
330
1031A
100
AcDbEntity
  8
0
100
AcDbCircle
 10
14.0625
 20
-1.77635683940025E-15
 30
0.0
 40
14.06250000000004
1001
AcDbBlockRepETag
1070
     1
1071
        0
1005
1031D
  0
CIRCLE
  5
1031E
330
1031A
100
AcDbEntity
  8
0
100
AcDbCircle
 10
14.0625
 20
-1.77635683940025E-15
 30
0.0
 40
14.0625
1001
AcDbBlockRepETag
1070
     1
1071
        1
1005
1031E
  0
LWPOLYLINE
  5
1031F
330
1031A
100
AcDbEntity
  8
A_TEXT
100
AcDbPolyline
 90
        2
 70
     0
 43
0.0
 10
28.12499999998238
 20
-1.77635683940025E-15
 10
125.7930839216828
 20
-1.8E-15
1001
AcDbBlockRepETag
1070
     1
1071
        2
1005
1031F
  0
ATTDEF
  5
10320
330
1031A
100
AcDbEntity
  8
TILTLE BLOCK_1
100
AcDbText
 10
205.7942059295159
 20
-9.472728636159502
 30
6.943860294893451
 40
5.0
  1
1:00
  7
Standard
 72
     1
 11
212.5916138422035
 21
-6.972728636159502
 31
6.943860294893451
100
AcDbAttributeDefinition
280
     0
  3
1:00
  2
1:00
 70
     1
 74
     2
280
     0
1001
AcDbBlockRepETag
1070
     1
1071
        3
1005
0
  0
ATTDEF
  5
10321
330
1031A
100
AcDbEntity
  8
A_TEXT
100
AcDbText
 10
14.0625
 20
-3.766509335539469
 30
0.0
 40
7.500000000000002
  1

  7
Standard
 72
     1
 11
14.0625
 21
-3.766509335539469
 31
0.0
100
AcDbAttributeDefinition
280
     0
  3

  2
NUMBER
 70
     1
280
     0
1001
AcDbBlockRepETag
1070
     1
1071
        4
1005
0
  0
ATTDEF
  5
10322
330
1031A
100
AcDbEntity
  8
ara-TEXT
100
AcDbText
 10
31.81507717377144
 20
-9.472728636159504
 30
0.0
 40
5.000000000000001
  1

  7
Standard
 11
0.0
 21
0.0
 31
0.0
100
AcDbAttributeDefinition
280
     0
  3

  2
SCALE
 70
     1
280
     0
1001
AcDbBlockRepETag
1070
     1
1071
        5
1005
0
  0
ATTDEF
  5
10323
330
1031A
100
AcDbEntity
  8
A_TEXT
100
AcDbText
 10
31.24999999998238
 20
3.124999999999998
 30
0.0
 40
7.500000000000002
  1

  7
Standard
 11
0.0
 21
0.0
 31
0.0
100
AcDbAttributeDefinition
280
     0
  3

  2
NAME
 70
     1
280
     0
1001
AcDbBlockRepETag
1070
     1
1071
        6
1005
0
  0
ENDBLK
  5
1031C
330
1031A
100
AcDbEntity
  8
0
100
AcDbBlockEnd
  0
BLOCK
  5
10348
330
10347
100
AcDbEntity
  8
0
100
AcDbBlockBegin
  2
*U470
 70
     3
 10
0.0
 20
0.0
 30
0.0
  3
*U470
  1

  0
CIRCLE
  5
1034A
330
10347
100
AcDbEntity
  8
0
100
AcDbCircle
 10
14.0625
 20
-1.77635683940025E-15
 30
0.0
 40
14.06250000000004
1001
AcDbBlockRepETag
1070
     1
1071
        0
1005
1034A
  0
CIRCLE
  5
1034B
330
10347
100
AcDbEntity
  8
0
100
AcDbCircle
 10
14.0625
 20
-1.77635683940025E-15
 30
0.0
 40
14.0625
1001
AcDbBlockRepETag
1070
     1
1071
        1
1005
1034B
  0
LWPOLYLINE
  5
1034C
330
10347
100
AcDbEntity
  8
A_TEXT
100
AcDbPolyline
 90
        2
 70
     0
 43
0.0
 10
28.12499999998238
 20
-1.77635683940025E-15
 10
132.3532342497627
 20
-1.8E-15
1001
AcDbBlockRepETag
1070
     1
1071
        2
1005
1034C
  0
ATTDEF
  5
1034D
330
10347
100
AcDbEntity
  8
TILTLE BLOCK_1
100
AcDbText
 10
205.7942059295159
 20
-9.472728636159502
 30
6.943860294893451
 40
5.0
  1
1:00
  7
Standard
 72
     1
 11
212.5916138422035
 21
-6.972728636159502
 31
6.943860294893451
100
AcDbAttributeDefinition
280
     0
  3
1:00
  2
1:00
 70
     1
 74
     2
280
     0
1001
AcDbBlockRepETag
1070
     1
1071
        3
1005
0
  0
ATTDEF
  5
1034E
330
10347
100
AcDbEntity
  8
A_TEXT
100
AcDbText
 10
14.0625
 20
-3.766509335539469
 30
0.0
 40
7.500000000000002
  1

  7
Standard
 72
     1
 11
14.0625
 21
-3.766509335539469
 31
0.0
100
AcDbAttributeDefinition
280
     0
  3

  2
NUMBER
 70
     1
280
     0
1001
AcDbBlockRepETag
1070
     1
1071
        4
1005
0
  0
ATTDEF
  5
1034F
330
10347
100
AcDbEntity
  8
ara-TEXT
100
AcDbText
 10
31.81507717377144
 20
-9.472728636159504
 30
0.0
 40
5.000000000000001
  1

  7
Standard
 11
0.0
 21
0.0
 31
0.0
100
AcDbAttributeDefinition
280
     0
  3

  2
SCALE
 70
     1
280
     0
1001
AcDbBlockRepETag
1070
     1
1071
        5
1005
0
  0
ATTDEF
  5
10350
330
10347
100
AcDbEntity
  8
A_TEXT
100
AcDbText
 10
31.24999999998238
 20
3.124999999999998
 30
0.0
 40
7.500000000000002
  1

  7
Standard
 11
0.0
 21
0.0
 31
0.0
100
AcDbAttributeDefinition
280
     0
  3

  2
NAME
 70
     1
280
     0
1001
AcDbBlockRepETag
1070
     1
1071
        6
1005
0
  0
ENDBLK
  5
10349
330
10347
100
AcDbEntity
  8
0
100
AcDbBlockEnd
  0
BLOCK
  5
10397
330
10396
100
AcDbEntity
  8
0
100
AcDbBlockBegin
  2
*D475
 70
     1
 10
0.0
 20
0.0
 30
0.0
  3
*D475
  1

  0
LINE
  5
103A2
330
10396
100
AcDbEntity
  8
A_DIM
370
    -2
 62
    45
100
AcDbLine
 10
340.9934869028921
 20
-147.5739292506844
 30
0.0
 11
340.9934869028921
 21
-146.793847963736
 31
0.0
  0
LINE
  5
103A3
330
10396
100
AcDbEntity
  8
A_DIM
370
    -2
 62
    45
100
AcDbLine
 10
343.2834869028922
 20
-147.5739292506844
 30
0.0
 11
343.2834869028922
 21
-146.793847963736
 31
0.0
  0
LINE
  5
103A4
330
10396
100
AcDbEntity
  8
A_DIM
370
    -2
 62
    45
100
AcDbLine
 10
340.9934869028921
 20
-146.793847963736
 30
0.0
 11
343.2834869028922
 21
-146.793847963736
 31
0.0
  0
INSERT
  5
103A5
330
10396
100
AcDbEntity
  8
A_DIM
370
    -2
 62
    45
100
AcDbBlockReference
  2
_ArchTick
 10
340.9934869028921
 20
-146.793847963736
 30
0.0
 41
0.07000000000000001
 42
0.07000000000000001
 43
0.07000000000000001
 50
180.0
  0
INSERT
  5
103A6
330
10396
100
AcDbEntity
  8
A_DIM
370
    -2
 62
    45
100
AcDbBlockReference
  2
_ArchTick
 10
343.2834869028922
 20
-146.793847963736
 30
0.0
 41
0.07000000000000001
 42
0.07000000000000001
 43
0.07000000000000001
  0
MTEXT
  5
103A7
330
10396
100
AcDbEntity
  8
A_DIM
100
AcDbMText
 10
342.1384869028922
 20
-146.6672620155777
 30
0.0
210
0.0
220
0.0
230
1.0
 11
1.0
 21
0.0
 31
0.0
 40
0.15
 41
0.0
 46
0.0
 71
     5
 72
     1
  1
\A1;2.29
  7
ARIAL
 73
     1
 44
1.0
101
Embedded Object
 70
     1
 10
342.1384869028922
 20
-146.6672620155777
 30
0.0
 11
1.0
 21
0.0
 31
0.0
 40
0.0
 41
0.0
 42
0.3924965893587994
 43
0.1531718963165075
 71
     0
  0
POINT
  5
103A8
330
10396
100
AcDbEntity
  8
Defpoints
 62
     0
100
AcDbPoint
 10
340.9934869028921
 20
-147.5739292506844
 30
0.0
 50
0.0
  0
POINT
  5
103A9
330
10396
100
AcDbEntity
  8
Defpoints
 62
     0
100
AcDbPoint
 10
343.2834869028922
 20
-147.5739292506844
 30
0.0
 50
0.0
  0
POINT
  5
103AA
330
10396
100
AcDbEntity
  8
Defpoints
 62
     0
100
AcDbPoint
 10
343.2834869028922
 20
-146.793847963736
 30
0.0
 50
0.0
  0
ENDBLK
  5
10398
330
10396
100
AcDbEntity
  8
0
100
AcDbBlockEnd
  0
ENDSEC
  0
SECTION
  2
ENTITIES
  0
INSERT
  5
7647
330
1F
100
AcDbEntity
  8
sink
100
AcDbBlockReference
  2
AVE_RENDER
 10
-66.30431003613182
 20
24.59999999999999
 30
0.01697433524218749
 41
1.131622349479166
 42
1.131622349479166
 43
1.131622349479166
 50
270.0
1001
AVE_RENDER
1002
{
1070
     7
1000
Pref
1070
    60
1070
    20
1070
     1
1070
     0
1000

1070
    10
1070
     1
1070
    10
1040
1.0
1070
     1
1040
0.7
1040
1.0
1040
0.0
1040
10.0
1010
-1.0
1020
-1.0
1030
-1.0
1040
0.3
1070
    49
1070
     1
1070
     0
1010
1.0
1020
1.0
1030
1.0
1040
45.0
1070
     1
1070
     0
1000
WCS
1040
0.0
1070
     0
1040
10.0
1002
}
  0
INSERT
  5
7648
330
1F
100
AcDbEntity
  8
sink
100
AcDbBlockReference
  2
AVE_RENDER
 10
-66.30431003613182
 20
24.59999999999999
 30
0.01697433524218749
 41
1.131622349479166
 42
1.131622349479166
 43
1.131622349479166
 50
270.0
1001
AVE_RENDER
1002
{
1070
     0
1000
Full Opt
1070
     0
1070
     1
1070
     1
1070
     1
1070
     0
1070
     0
1070
     0
1070
     1
1070
     1
1040
0.0001
1040
0.0001
1002
}
  0
INSERT
  5
7649
330
1F
100
AcDbEntity
  8
sink
100
AcDbBlockReference
  2
AVE_RENDER
 10
-66.30431003613182
 20
24.59999999999999
 30
0.01697433524218749
 41
1.131622349479166
 42
1.131622349479166
 43
1.131622349479166
 50
270.0
1001
AVE_RENDER
1002
{
1070
     0
1000
Quick Opt
1070
     0
1070
     1
1070
     1
1070
     1
1070
     0
1070
     0
1070
     1
1002
}
  0
INSERT
  5
764A
330
1F
100
AcDbEntity
  8
sink
100
AcDbBlockReference
  2
AVE_RENDER
 10
-66.30431003613182
 20
24.59999999999999
 30
0.01697433524218749
 41
1.131622349479166
 42
1.131622349479166
 43
1.131622349479166
 50
270.0
1001
AVE_RENDER
1002
{
1070
     1
1000
Scanl Opt
1070
     4
1070
     0
1070
     2
1040
2.0
1040
4.0
1070
     0
1070
     1
1070
     0
1040
0.03
1002
}
  0
INSERT
  5
764B
330
1F
100
AcDbEntity
  8
sink
100
AcDbBlockReference
  2
AVE_RENDER
 10
-66.30431003613182
 20
24.59999999999999
 30
0.01697433524218749
 41
1.131622349479166
 42
1.131622349479166
 43
1.131622349479166
 50
270.0
1001
AVE_RENDER
1002
{
1070
     2
1000
Raytr Opt
1070
     4
1070
     0
1070
     2
1040
0.1
1040
0.2
1070
     0
1070
     1
1070
     1
1040
0.03
1070
     3
1040
0.03
1002
}
  0
INSERT
  5
764C
330
1F
100
AcDbEntity
  8
sink
100
AcDbBlockReference
  2
AVE_RENDER
 10
-66.30431003613182
 20
24.59999999999999
 30
0.01697433524218749
 41
1.131622349479166
 42
1.131622349479166
 43
1.131622349479166
 50
270.0
1001
AVE_RENDER
1002
{
1070
     0
1000
RFile Opt
1070
     1
1070
   640
1070
   480
1070
 10000
1070
     1
1070
     8
1070
     8
1070
     0
1070
     0
1070
     0
1070
     0
1070
     0
1070
     0
1070
     0
1002
}
  0
INSERT
  5
764D
330
1F
100
AcDbEntity
  8
sink
100
AcDbBlockReference
  2
AVE_RENDER
 10
-66.30431003613182
 20
24.59999999999999
 30
0.01697433524218749
 41
1.131622349479166
 42
1.131622349479166
 43
1.131622349479166
 50
270.0
1001
AVE_RENDER
1002
{
1070
     0
1000
Fog Opt
1070
     0
1070
     0
1040
0.0
1040
1.0
1040
0.0
1040
1.0
1010
0.5
1020
0.5
1030
0.5
1002
}
  0
INSERT
  5
764E
330
1F
100
AcDbEntity
  8
sink
100
AcDbBlockReference
  2
AVE_RENDER
 10
-66.30431003613182
 20
24.59999999999999
 30
0.01697433524218749
 41
1.131622349479166
 42
1.131622349479166
 43
1.131622349479166
 50
270.0
1001
AVE_RENDER
1002
{
1070
     0
1000
BG Opt
1070
     0
1070
     1
1010
0.0
1020
0.0
1030
0.0
1010
1.0
1020
0.0
1030
0.0
1010
0.0
1020
1.0
1030
0.0
1010
0.0
1020
0.0
1030
1.0
1040
0.5
1040
0.33
1040
0.0
1000

1070
     1
1000

1070
     1
1070
     1
1040
1.0
1040
1.0
1040
0.0
1040
0.0
1070
     0
1002
}
  0
INSERT
  5
764F
330
1F
100
AcDbEntity
  8
sink
100
AcDbBlockReference
  2
AVE_GLOBAL
 10
-66.30431003613182
 20
24.59999999999999
 30
0.01697433524218749
 41
1.131622349479166
 42
1.131622349479166
 43
1.131622349479166
 50
270.0
1001
AVE_MATERIAL
1002
{
1000
*GLOBAL*
1000
2
1000
Global finish.
1002
{
1002
}
1002
{
1070
    63
1002
{
1002
{
1010
-1.0
1020
-1.0
1030
-1.0
1002
}
1040
0.699999988079071
1000

1040
0.0
1002
{
1002
}
1040
0.0
1002
{
1002
}
1040
0.0
1002
}
1002
{
1002
{
1010
-1.0
1020
-1.0
1030
-1.0
1002
}
1040
1.0
1000

1040
0.0
1002
{
1002
}
1040
0.0
1002
{
1002
}
1040
0.0
1002
}
1002
{
1002
{
1010
-1.0
1020
-1.0
1030
-1.0
1002
}
1040
0.2000000029802322
1000

1040
0.0
1002
{
1002
}
1040
0.0
1002
{
1002
}
1040
0.0
1002
}
1002
{
1070
     0
1002
{
1070
     1
1002
{
1040
1.0
1040
1.0
1000

1040
0.0
1002
{
1002
}
1040
0.0
1002
{
1002
}
1040
0.0
1002
}
1002
}
1040
1.0
1040
0.0
1040
0.0
1002
}
1002
{
1040
1.0
1040
1.0
1000

1040
0.0
1002
{
1002
}
1040
0.0
1002
{
1002
}
1040
0.0
1002
}
1002
{
1040
0.5
1040
1.0
1000

1040
0.0
1002
{
1002
}
1040
0.0
1002
{
1002
}
1040
0.0
1002
}
1002
{
1070
     0
1040
0.0
1002
{
1002
}
1040
1.0
1002
{
1002
}
1040
0.0
1002
}
1002
{
1040
0.0
1002
{
1002
{
1010
0.0
1020
0.0
1030
0.0
1002
}
1040
1.0
1000

1040
0.0
1002
{
1002
}
1040
0.0
1002
{
1002
}
1040
0.0
1002
}
1002
}
1002
{
1002
{
1070
     1
1002
{
1040
0.0
1040
1.0
1000

1040
0.0
1002
{
1002
}
1040
0.0
1002
{
1002
}
1040
0.0
1002
}
1002
}
1040
0.0
1002
{
1002
}
1010
1.0
1020
0.0
1030
0.0
1010
0.0
1020
1.0
1030
0.0
1010
0.0
1020
0.0
1030
1.0
1070
     0
1002
}
1002
{
1002
{
1040
1.0
1040
1.0
1002
{
1070
     1
1002
{
1040
1.0
1040
1.0
1000

1040
0.0
1002
{
1002
}
1040
0.0
1002
{
1002
}
1040
0.0
1002
}
1002
}
1002
}
1070
     0
1040
0.0
1002
{
1002
}
1002
}
1002
{
1002
}
1002
}
1002
{
1071
        3
1070
     3
1070
     0
1002
{
1070
     2
1070
     0
1070
     0
1040
0.0
1002
}
1070
     0
1070
     2
1002
{
1002
}
1002
}
1002
{
1040
8030.0
1040
190.3000030517578
1040
0.3050000071525574
1040
228.0
1040
545.0
1040
14.0
1040
17.39999961853027
1040
0.4560000002384186
1002
}
1002
}
  0
INSERT
  5
7650
330
1F
100
AcDbEntity
  8
sink
100
AcDbBlockReference
 66
     1
  2
RM_SDB
 10
-66.30431003613182
 20
24.59999999999999
 30
0.01697433524218749
 41
1.131622349479166
 42
1.131622349479166
 43
1.131622349479166
 50
270.0
1001
AVE_MATERIAL
1002
{
1000
GLASS
1000
2
1000

1002
{
1002
}
1002
{
1070
    47
1002
{
1002
{
1010
1.0
1020
1.0
1030
1.0
1002
}
1040
0.407843142747879
1000

1040
0.0
1002
{
1002
}
1040
0.0
1002
{
1002
}
1040
0.0
1002
}
1002
{
1002
{
1010
1.0
1020
1.0
1030
1.0
1002
}
1040
0.407843142747879
1000

1040
0.0
1002
{
1002
}
1040
0.0
1002
{
1002
}
1040
0.0
1002
}
1002
{
1002
{
1010
1.0
1020
1.0
1030
1.0
1002
}
1040
1.0
1000

1040
0.0
1002
{
1002
}
1040
0.0
1002
{
1002
}
1040
0.0
1002
}
1002
{
1070
     0
1002
{
1070
     1
1002
{
1040
0.07999999821186066
1040
1.0
1000

1040
0.0
1002
{
1002
}
1040
0.0
1002
{
1002
}
1040
0.0
1002
}
1002
}
1040
0.0
1040
0.0
1040
0.0
1002
}
1002
{
1040
0.0
1040
0.0
1000

1040
0.0
1002
{
1002
}
1040
0.0
1002
{
1002
}
1040
0.0
1002
}
1002
{
1040
0.5600000023841858
1040
1.0
1000

1040
0.0
1002
{
1002
}
1040
0.0
1002
{
1002
}
1040
0.0
1002
}
1002
{
1070
     0
1040
0.0
1002
{
1002
}
1040
0.0
1002
{
1002
}
1040
0.0
1002
}
1002
{
1040
0.0
1002
{
1002
{
1010
0.0
1020
0.0
1030
0.0
1002
}
1040
0.0
1000

1040
0.0
1002
{
1002
}
1040
0.0
1002
{
1002
}
1040
0.0
1002
}
1002
}
1002
{
1002
{
1070
     1
1002
{
1040
0.0
1040
1.0
1000

1040
0.0
1002
{
1002
}
1040
0.0
1002
{
1002
}
1040
0.0
1002
}
1002
}
1040
0.0
1002
{
1002
}
1010
0.0
1020
0.0
1030
0.0
1010
0.0
1020
0.0
1030
0.0
1010
0.0
1020
0.0
1030
0.0
1070
     0
1002
}
1002
{
1002
{
1040
0.0
1040
0.0
1002
{
1070
     0
1002
}
1002
}
1070
     0
1040
0.0
1002
{
1002
}
1002
}
1002
{
1002
}
1002
}
1002
{
1071
        0
1070
     3
1070
     0
1002
{
1070
     2
1070
     1
1070
     0
1040
0.0
1002
}
1070
     0
1070
     2
1002
{
1002
}
1002
}
1002
{
1040
0.0
1040
0.0
1040
0.0
1040
0.0
1040
0.0
1040
0.0
1040
0.0
1040
0.0
1002
}
1002
}
  0
ATTRIB
  5
7651
330
7650
100
AcDbEntity
  8
0
100
AcDbText
 10
-66.30431003613182
 20
24.59999999999999
 30
0.01697433524218749
 40
0.2263244698958332
  1
GLASS
 50
270.0
 11
0.0
 21
0.0
 31
0.01697433524218749
100
AcDbAttribute
  2
NAME
 70
     1
280
     0
100
AcDbXrecord
280
     0
 70
     1
  0
ATTRIB
  5
7652
330
7650
100
AcDbEntity
  8
0
100
AcDbText
 10
-66.30431003613182
 20
24.59999999999999
 30
0.01697433524218749
 40
0.2263244698958332
  1
 
 50
270.0
 11
0.0
 21
0.0
 31
0.01697433524218749
100
AcDbAttribute
  2
ACADCOLOR
 70
     1
280
     0
100
AcDbXrecord
280
     0
 70
     1
  0
ATTRIB
  5
7653
330
7650
100
AcDbEntity
  8
0
100
AcDbText
 10
-66.30431003613182
 20
24.59999999999999
 30
0.01697433524218749
 40
0.2263244698958332
  1
1.0000,1.0000,1.0000
 50
270.0
 11
0.0
 21
0.0
 31
0.01697433524218749
100
AcDbAttribute
  2
COLOR
 70
     1
280
     0
100
AcDbXrecord
280
     0
 70
     1
  0
ATTRIB
  5
7654
330
7650
100
AcDbEntity
  8
0
100
AcDbText
 10
-66.30431003613182
 20
24.59999999999999
 30
0.01697433524218749
 40
0.2263244698958332
  1
1.0,1.0,1.0
 50
270.0
 11
0.0
 21
0.0
 31
0.01697433524218749
100
AcDbAttribute
  2
OPACITY
 70
     1
280
     0
100
AcDbXrecord
280
     0
 70
     1
  0
ATTRIB
  5
7655
330
7650
100
AcDbEntity
  8
0
100
AcDbText
 10
-66.30431003613182
 20
24.59999999999999
 30
0.01697433524218749
 40
0.2263244698958332
  1
("nullsurf" "")
 50
270.0
 11
0.0
 21
0.0
 31
0.01697433524218749
100
AcDbAttribute
  2
SURFACE
 70
     1
280
     0
100
AcDbXrecord
280
     0
 70
     1
  0
ATTRIB
  5
7656
330
7650
100
AcDbEntity
  8
0
100
AcDbText
 10
-66.30431003613182
 20
24.59999999999999
 30
0.01697433524218749
 40
0.2263244698958332
  1
(11 "Ka" "0.407843")(11 "Kd" "0.407843")(11 "Ks" "1")(11 "roughness" "0.56")
 50
270.0
 11
0.0
 21
0.0
 31
0.01697433524218749
100
AcDbAttribute
  2
SURF1
 70
     1
280
     0
100
AcDbXrecord
280
     0
 70
     1
  0
ATTRIB
  5
7657
330
7650
100
AcDbEntity
  8
0
100
AcDbText
 10
-66.30431003613182
 20
24.59999999999999
 30
0.01697433524218749
 40
0.2263244698958332
  1

 50
270.0
 11
0.0
 21
0.0
 31
0.01697433524218749
100
AcDbAttribute
  2
SURF2
 70
     1
280
     0
100
AcDbXrecord
280
     0
 70
     1
  0
ATTRIB
  5
7658
330
7650
100
AcDbEntity
  8
0
100
AcDbText
 10
-66.30431003613182
 20
24.59999999999999
 30
0.01697433524218749
 40
0.2263244698958332
  1

 50
270.0
 11
0.0
 21
0.0
 31
0.01697433524218749
100
AcDbAttribute
  2
SURF3
 70
     1
280
     0
100
AcDbXrecord
280
     0
 70
     1
  0
ATTRIB
  5
7659
330
7650
100
AcDbEntity
  8
0
100
AcDbText
 10
-66.30431003613182
 20
24.59999999999999
 30
0.01697433524218749
 40
0.2263244698958332
  1

 50
270.0
 11
0.0
 21
0.0
 31
0.01697433524218749
100
AcDbAttribute
  2
SURF4
 70
     1
280
     0
100
AcDbXrecord
280
     0
 70
     1
  0
ATTRIB
  5
765A
330
7650
100
AcDbEntity
  8
0
100
AcDbText
 10
-66.30431003613182
 20
24.59999999999999
 30
0.01697433524218749
 40
0.2263244698958332
  1
-1.0
 50
270.0
 11
0.0
 21
0.0
 31
0.01697433524218749
100
AcDbAttribute
  2
SHADINGRATE
 70
     1
280
     0
100
AcDbXrecord
280
     0
 70
     1
  0
ATTRIB
  5
765B
330
7650
100
AcDbEntity
  8
0
100
AcDbText
 10
-66.30431003613182
 20
24.59999999999999
 30
0.01697433524218749
 40
0.2263244698958332
  1
("nulldisp" "")
 50
270.0
 11
0.0
 21
0.0
 31
0.01697433524218749
100
AcDbAttribute
  2
DISPLACEMENT
 70
     1
280
     0
100
AcDbXrecord
280
     0
 70
     1
  0
ATTRIB
  5
765C
330
7650
100
AcDbEntity
  8
0
100
AcDbText
 10
-66.30431003613182
 20
24.59999999999999
 30
0.01697433524218749
 40
0.2263244698958332
  1

 50
270.0
 11
0.0
 21
0.0
 31
0.01697433524218749
100
AcDbAttribute
  2
DISP1
 70
     1
280
     0
100
AcDbXrecord
280
     0
 70
     1
  0
ATTRIB
  5
765D
330
7650
100
AcDbEntity
  8
0
100
AcDbText
 10
-66.30431003613182
 20
24.59999999999999
 30
0.01697433524218749
 40
0.2263244698958332
  1

 50
270.0
 11
0.0
 21
0.0
 31
0.01697433524218749
100
AcDbAttribute
  2
DISP2
 70
     1
280
     0
100
AcDbXrecord
280
     0
 70
     1
  0
ATTRIB
  5
765E
330
7650
100
AcDbEntity
  8
0
100
AcDbText
 10
-66.30431003613182
 20
24.59999999999999
 30
0.01697433524218749
 40
0.2263244698958332
  1

 50
270.0
 11
0.0
 21
0.0
 31
0.01697433524218749
100
AcDbAttribute
  2
DISP3
 70
     1
280
     0
100
AcDbXrecord
280
     0
 70
     1
  0
ATTRIB
  5
765F
330
7650
100
AcDbEntity
  8
0
100
AcDbText
 10
-66.30431003613182
 20
24.59999999999999
 30
0.01697433524218749
 40
0.2263244698958332
  1

 50
270.0
 11
0.0
 21
0.0
 31
0.01697433524218749
100
AcDbAttribute
  2
DISP4
 70
     1
280
     0
100
AcDbXrecord
280
     0
 70
     1
  0
ATTRIB
  5
7660
330
7650
100
AcDbEntity
  8
0
100
AcDbText
 10
-66.30431003613182
 20
24.59999999999999
 30
0.01697433524218749
 40
0.2263244698958332
  1
0.0
 50
270.0
 11
0.0
 21
0.0
 31
0.01697433524218749
100
AcDbAttribute
  2
DBOUND
 70
     1
280
     0
100
AcDbXrecord
280
     0
 70
     1
  0
ATTRIB
  5
7661
330
7650
100
AcDbEntity
  8
0
100
AcDbText
 10
-66.30431003613182
 20
24.59999999999999
 30
0.01697433524218749
 40
0.2263244698958332
  1
0
 50
270.0
 11
0.0
 21
0.0
 31
0.01697433524218749
100
AcDbAttribute
  2
SMOOTH
 70
     1
280
     0
100
AcDbXrecord
280
     0
 70
     1
  0
ATTRIB
  5
7662
330
7650
100
AcDbEntity
  8
0
100
AcDbText
 10
-66.30431003613182
 20
24.59999999999999
 30
0.01697433524218749
 40
0.2263244698958332
  1
("" "")
 50
270.0
 11
0.0
 21
0.0
 31
0.01697433524218749
100
AcDbAttribute
  2
ATMOSHPERE
 70
     1
280
     0
100
AcDbXrecord
280
     0
 70
     1
  0
ATTRIB
  5
7663
330
7650
100
AcDbEntity
  8
0
100
AcDbText
 10
-66.30431003613182
 20
24.59999999999999
 30
0.01697433524218749
 40
0.2263244698958332
  1

 50
270.0
 11
0.0
 21
0.0
 31
0.01697433524218749
100
AcDbAttribute
  2
ATMO1
 70
     1
280
     0
100
AcDbXrecord
280
     0
 70
     1
  0
ATTRIB
  5
7664
330
7650
100
AcDbEntity
  8
0
100
AcDbText
 10
-66.30431003613182
 20
24.59999999999999
 30
0.01697433524218749
 40
0.2263244698958332
  1

 50
270.0
 11
0.0
 21
0.0
 31
0.01697433524218749
100
AcDbAttribute
  2
ATMO2
 70
     1
280
     0
100
AcDbXrecord
280
     0
 70
     1
  0
ATTRIB
  5
7665
330
7650
100
AcDbEntity
  8
0
100
AcDbText
 10
-66.30431003613182
 20
24.59999999999999
 30
0.01697433524218749
 40
0.2263244698958332
  1

 50
270.0
 11
0.0
 21
0.0
 31
0.01697433524218749
100
AcDbAttribute
  2
ATMO3
 70
     1
280
     0
100
AcDbXrecord
280
     0
 70
     1
  0
ATTRIB
  5
7666
330
7650
100
AcDbEntity
  8
0
100
AcDbText
 10
-66.30431003613182
 20
24.59999999999999
 30
0.01697433524218749
 40
0.2263244698958332
  1

 50
270.0
 11
0.0
 21
0.0
 31
0.01697433524218749
100
AcDbAttribute
  2
ATMO4
 70
     1
280
     0
100
AcDbXrecord
280
     0
 70
     1
  0
ATTRIB
  5
7667
330
7650
100
AcDbEntity
  8
0
100
AcDbText
 10
-66.30431003613182
 20
24.59999999999999
 30
0.01697433524218749
 40
0.2263244698958332
  1
0.0 0.0 1.0 0.0 0.0 1.0 1.0 1.0
 50
270.0
 11
0.0
 21
0.0
 31
0.01697433524218749
100
AcDbAttribute
  2
TCCORD
 70
     1
280
     0
100
AcDbXrecord
280
     0
 70
     1
  0
SEQEND
  5
7668
330
7650
100
AcDbEntity
  8
sink
  0
INSERT
  5
7669
330
1F
100
AcDbEntity
  8
sink
100
AcDbBlockReference
 66
     1
  2
RM_SDB
 10
-66.30431003613182
 20
24.59999999999999
 30
0.01697433524218749
 41
1.131622349479166
 42
1.131622349479166
 43
1.131622349479166
 50
270.0
1001
AVE_MATERIAL
1002
{
1000
GRAY SEMIGLOSS
1000
2
1000

1002
{
1002
}
1002
{
1070
   295
1002
{
1002
{
1010
1.0
1020
1.0
1030
1.0
1002
}
1040
0.6627451181411743
1000

1040
0.0
1002
{
1002
}
1040
0.0
1002
{
1002
}
1040
0.0
1002
}
1002
{
1002
{
1010
1.0
1020
1.0
1030
1.0
1002
}
1040
0.6627451181411743
1000

1040
0.0
1002
{
1002
}
1040
0.0
1002
{
1002
}
1040
0.0
1002
}
1002
{
1002
{
1010
1.0
1020
1.0
1030
1.0
1002
}
1040
0.1000000014901161
1000

1040
0.0
1002
{
1002
}
1040
0.0
1002
{
1002
}
1040
0.0
1002
}
1002
{
1070
     0
1002
{
1070
     1
1002
{
1040
1.0
1040
1.0
1000

1040
0.0
1002
{
1002
}
1040
0.0
1002
{
1002
}
1040
0.0
1002
}
1002
}
1040
0.0
1040
0.0
1040
0.0
1002
}
1002
{
1040
0.0
1040
0.0
1000

1040
0.0
1002
{
1002
}
1040
0.0
1002
{
1002
}
1040
0.0
1002
}
1002
{
1040
0.8199999928474426
1040
1.0
1000

1040
0.0
1002
{
1002
}
1040
0.0
1002
{
1002
}
1040
0.0
1002
}
1002
{
1070
     0
1040
0.0
1002
{
1002
}
1040
0.0
1002
{
1002
}
1040
0.0
1002
}
1002
{
1040
0.0
1002
{
1002
{
1010
0.0
1020
0.0
1030
0.0
1002
}
1040
0.0
1000

1040
0.0
1002
{
1002
}
1040
0.0
1002
{
1002
}
1040
0.0
1002
}
1002
}
1002
{
1002
{
1070
     1
1002
{
1040
0.1000000014901161
1040
1.0
1000

1040
0.0
1002
{
1002
}
1040
0.0
1002
{
1002
}
1040
0.0
1002
}
1002
}
1040
0.0
1002
{
1002
}
1010
0.0
1020
0.0
1030
0.0
1010
0.0
1020
0.0
1030
0.0
1010
0.0
1020
0.0
1030
0.0
1070
     4
1002
}
1002
{
1002
{
1040
0.0
1040
0.0
1002
{
1070
     0
1002
}
1002
}
1070
     0
1040
0.0
1002
{
1002
}
1002
}
1002
{
1002
}
1002
}
1002
{
1071
        0
1070
     3
1070
     0
1002
{
1070
     2
1070
     1
1070
     0
1040
0.0
1002
}
1070
     0
1070
     2
1002
{
1002
}
1002
}
1002
{
1040
0.0
1040
0.0
1040
0.0
1040
0.0
1040
0.0
1040
0.0
1040
0.0
1040
0.0
1002
}
1002
}
  0
ATTRIB
  5
766A
330
7669
100
AcDbEntity
  8
0
100
AcDbText
 10
-66.30431003613182
 20
24.59999999999999
 30
0.01697433524218749
 40
0.2263244698958332
  1
GRAY SEMIGLOSS
 50
270.0
 11
0.0
 21
0.0
 31
0.01697433524218749
100
AcDbAttribute
  2
NAME
 70
     1
280
     0
100
AcDbXrecord
280
     0
 70
     1
  0
ATTRIB
  5
766B
330
7669
100
AcDbEntity
  8
0
100
AcDbText
 10
-66.30431003613182
 20
24.59999999999999
 30
0.01697433524218749
 40
0.2263244698958332
  1

 50
270.0
 11
0.0
 21
0.0
 31
0.01697433524218749
100
AcDbAttribute
  2
ACADCOLOR
 70
     1
280
     0
100
AcDbXrecord
280
     0
 70
     1
  0
ATTRIB
  5
766C
330
7669
100
AcDbEntity
  8
0
100
AcDbText
 10
-66.30431003613182
 20
24.59999999999999
 30
0.01697433524218749
 40
0.2263244698958332
  1
1.0000,1.0000,1.0000
 50
270.0
 11
0.0
 21
0.0
 31
0.01697433524218749
100
AcDbAttribute
  2
COLOR
 70
     1
280
     0
100
AcDbXrecord
280
     0
 70
     1
  0
ATTRIB
  5
766D
330
7669
100
AcDbEntity
  8
0
100
AcDbText
 10
-66.30431003613182
 20
24.59999999999999
 30
0.01697433524218749
 40
0.2263244698958332
  1
1.0,1.0,1.0
 50
270.0
 11
0.0
 21
0.0
 31
0.01697433524218749
100
AcDbAttribute
  2
OPACITY
 70
     1
280
     0
100
AcDbXrecord
280
     0
 70
     1
  0
ATTRIB
  5
766E
330
7669
100
AcDbEntity
  8
0
100
AcDbText
 10
-66.30431003613182
 20
24.59999999999999
 30
0.01697433524218749
 40
0.2263244698958332
  1
("nullsurf" "")
 50
270.0
 11
0.0
 21
0.0
 31
0.01697433524218749
100
AcDbAttribute
  2
SURFACE
 70
     1
280
     0
100
AcDbXrecord
280
     0
 70
     1
  0
ATTRIB
  5
766F
330
7669
100
AcDbEntity
  8
0
100
AcDbText
 10
-66.30431003613182
 20
24.59999999999999
 30
0.01697433524218749
 40
0.2263244698958332
  1
(11 "Ka" "0.662745")(11 "Kd" "0.662745")(11 "Ks" "0.1")(11 "roughness" "0.82")
 50
270.0
 11
0.0
 21
0.0
 31
0.01697433524218749
100
AcDbAttribute
  2
SURF1
 70
     1
280
     0
100
AcDbXrecord
280
     0
 70
     1
  0
ATTRIB
  5
7670
330
7669
100
AcDbEntity
  8
0
100
AcDbText
 10
-66.30431003613182
 20
24.59999999999999
 30
0.01697433524218749
 40
0.2263244698958332
  1

 50
270.0
 11
0.0
 21
0.0
 31
0.01697433524218749
100
AcDbAttribute
  2
SURF2
 70
     1
280
     0
100
AcDbXrecord
280
     0
 70
     1
  0
ATTRIB
  5
7671
330
7669
100
AcDbEntity
  8
0
100
AcDbText
 10
-66.30431003613182
 20
24.59999999999999
 30
0.01697433524218749
 40
0.2263244698958332
  1

 50
270.0
 11
0.0
 21
0.0
 31
0.01697433524218749
100
AcDbAttribute
  2
SURF3
 70
     1
280
     0
100
AcDbXrecord
280
     0
 70
     1
  0
ATTRIB
  5
7672
330
7669
100
AcDbEntity
  8
0
100
AcDbText
 10
-66.30431003613182
 20
24.59999999999999
 30
0.01697433524218749
 40
0.2263244698958332
  1

 50
270.0
 11
0.0
 21
0.0
 31
0.01697433524218749
100
AcDbAttribute
  2
SURF4
 70
     1
280
     0
100
AcDbXrecord
280
     0
 70
     1
  0
ATTRIB
  5
7673
330
7669
100
AcDbEntity
  8
0
100
AcDbText
 10
-66.30431003613182
 20
24.59999999999999
 30
0.01697433524218749
 40
0.2263244698958332
  1
-1.0
 50
270.0
 11
0.0
 21
0.0
 31
0.01697433524218749
100
AcDbAttribute
  2
SHADINGRATE
 70
     1
280
     0
100
AcDbXrecord
280
     0
 70
     1
  0
ATTRIB
  5
7674
330
7669
100
AcDbEntity
  8
0
100
AcDbText
 10
-66.30431003613182
 20
24.59999999999999
 30
0.01697433524218749
 40
0.2263244698958332
  1
("nulldisp" "")
 50
270.0
 11
0.0
 21
0.0
 31
0.01697433524218749
100
AcDbAttribute
  2
DISPLACEMENT
 70
     1
280
     0
100
AcDbXrecord
280
     0
 70
     1
  0
ATTRIB
  5
7675
330
7669
100
AcDbEntity
  8
0
100
AcDbText
 10
-66.30431003613182
 20
24.59999999999999
 30
0.01697433524218749
 40
0.2263244698958332
  1

 50
270.0
 11
0.0
 21
0.0
 31
0.01697433524218749
100
AcDbAttribute
  2
DISP1
 70
     1
280
     0
100
AcDbXrecord
280
     0
 70
     1
  0
ATTRIB
  5
7676
330
7669
100
AcDbEntity
  8
0
100
AcDbText
 10
-66.30431003613182
 20
24.59999999999999
 30
0.01697433524218749
 40
0.2263244698958332
  1

 50
270.0
 11
0.0
 21
0.0
 31
0.01697433524218749
100
AcDbAttribute
  2
DISP2
 70
     1
280
     0
100
AcDbXrecord
280
     0
 70
     1
  0
ATTRIB
  5
7677
330
7669
100
AcDbEntity
  8
0
100
AcDbText
 10
-66.30431003613182
 20
24.59999999999999
 30
0.01697433524218749
 40
0.2263244698958332
  1

 50
270.0
 11
0.0
 21
0.0
 31
0.01697433524218749
100
AcDbAttribute
  2
DISP3
 70
     1
280
     0
100
AcDbXrecord
280
     0
 70
     1
  0
ATTRIB
  5
7678
330
7669
100
AcDbEntity
  8
0
100
AcDbText
 10
-66.30431003613182
 20
24.59999999999999
 30
0.01697433524218749
 40
0.2263244698958332
  1

 50
270.0
 11
0.0
 21
0.0
 31
0.01697433524218749
100
AcDbAttribute
  2
DISP4
 70
     1
280
     0
100
AcDbXrecord
280
     0
 70
     1
  0
ATTRIB
  5
7679
330
7669
100
AcDbEntity
  8
0
100
AcDbText
 10
-66.30431003613182
 20
24.59999999999999
 30
0.01697433524218749
 40
0.2263244698958332
  1
0.0
 50
270.0
 11
0.0
 21
0.0
 31
0.01697433524218749
100
AcDbAttribute
  2
DBOUND
 70
     1
280
     0
100
AcDbXrecord
280
     0
 70
     1
  0
ATTRIB
  5
767A
330
7669
100
AcDbEntity
  8
0
100
AcDbText
 10
-66.30431003613182
 20
24.59999999999999
 30
0.01697433524218749
 40
0.2263244698958332
  1
0
 50
270.0
 11
0.0
 21
0.0
 31
0.01697433524218749
100
AcDbAttribute
  2
SMOOTH
 70
     1
280
     0
100
AcDbXrecord
280
     0
 70
     1
  0
ATTRIB
  5
767B
330
7669
100
AcDbEntity
  8
0
100
AcDbText
 10
-66.30431003613182
 20
24.59999999999999
 30
0.01697433524218749
 40
0.2263244698958332
  1
("" "")
 50
270.0
 11
0.0
 21
0.0
 31
0.01697433524218749
100
AcDbAttribute
  2
ATMOSHPERE
 70
     1
280
     0
100
AcDbXrecord
280
     0
 70
     1
  0
ATTRIB
  5
767C
330
7669
100
AcDbEntity
  8
0
100
AcDbText
 10
-66.30431003613182
 20
24.59999999999999
 30
0.01697433524218749
 40
0.2263244698958332
  1

 50
270.0
 11
0.0
 21
0.0
 31
0.01697433524218749
100
AcDbAttribute
  2
ATMO1
 70
     1
280
     0
100
AcDbXrecord
280
     0
 70
     1
  0
ATTRIB
  5
767D
330
7669
100
AcDbEntity
  8
0
100
AcDbText
 10
-66.30431003613182
 20
24.59999999999999
 30
0.01697433524218749
 40
0.2263244698958332
  1

 50
270.0
 11
0.0
 21
0.0
 31
0.01697433524218749
100
AcDbAttribute
  2
ATMO2
 70
     1
280
     0
100
AcDbXrecord
280
     0
 70
     1
  0
ATTRIB
  5
767E
330
7669
100
AcDbEntity
  8
0
100
AcDbText
 10
-66.30431003613182
 20
24.59999999999999
 30
0.01697433524218749
 40
0.2263244698958332
  1

 50
270.0
 11
0.0
 21
0.0
 31
0.01697433524218749
100
AcDbAttribute
  2
ATMO3
 70
     1
280
     0
100
AcDbXrecord
280
     0
 70
     1
  0
ATTRIB
  5
767F
330
7669
100
AcDbEntity
  8
0
100
AcDbText
 10
-66.30431003613182
 20
24.59999999999999
 30
0.01697433524218749
 40
0.2263244698958332
  1

 50
270.0
 11
0.0
 21
0.0
 31
0.01697433524218749
100
AcDbAttribute
  2
ATMO4
 70
     1
280
     0
100
AcDbXrecord
280
     0
 70
     1
  0
ATTRIB
  5
7680
330
7669
100
AcDbEntity
  8
0
100
AcDbText
 10
-66.30431003613182
 20
24.59999999999999
 30
0.01697433524218749
 40
0.2263244698958332
  1
0.0 0.0 1.0 0.0 0.0 1.0 1.0 1.0
 50
270.0
 11
0.0
 21
0.0
 31
0.01697433524218749
100
AcDbAttribute
  2
TCCORD
 70
     1
280
     0
100
AcDbXrecord
280
     0
 70
     1
  0
SEQEND
  5
7681
330
7669
100
AcDbEntity
  8
sink
  0
INSERT
  5
7683
330
1F
100
AcDbEntity
  8
sink
100
AcDbBlockReference
 66
     1
  2
RM_SDB
 10
-66.30431003613182
 20
24.59999999999999
 30
0.01697433524218749
 41
1.131622349479166
 42
1.131622349479166
 43
1.131622349479166
 50
270.0
1001
AVE_MATERIAL
1002
{
1000
WHITE PLASTIC
1000
2
1000

1002
{
1002
}
1002
{
1070
   295
1002
{
1002
{
1010
1.0
1020
1.0
1030
1.0
1002
}
1040
0.8078431487083435
1000

1040
0.0
1002
{
1002
}
1040
0.0
1002
{
1002
}
1040
0.0
1002
}
1002
{
1002
{
1010
1.0
1020
1.0
1030
1.0
1002
}
1040
0.8078431487083435
1000

1040
0.0
1002
{
1002
}
1040
0.0
1002
{
1002
}
1040
0.0
1002
}
1002
{
1002
{
1010
1.0
1020
1.0
1030
1.0
1002
}
1040
0.5
1000

1040
0.0
1002
{
1002
}
1040
0.0
1002
{
1002
}
1040
0.0
1002
}
1002
{
1070
     0
1002
{
1070
     1
1002
{
1040
1.0
1040
1.0
1000

1040
0.0
1002
{
1002
}
1040
0.0
1002
{
1002
}
1040
0.0
1002
}
1002
}
1040
0.0
1040
0.0
1040
0.0
1002
}
1002
{
1040
0.0
1040
0.0
1000

1040
0.0
1002
{
1002
}
1040
0.0
1002
{
1002
}
1040
0.0
1002
}
1002
{
1040
0.4799999892711639
1040
1.0
1000

1040
0.0
1002
{
1002
}
1040
0.0
1002
{
1002
}
1040
0.0
1002
}
1002
{
1070
     0
1040
0.0
1002
{
1002
}
1040
0.0
1002
{
1002
}
1040
0.0
1002
}
1002
{
1040
0.0
1002
{
1002
{
1010
0.0
1020
0.0
1030
0.0
1002
}
1040
0.0
1000

1040
0.0
1002
{
1002
}
1040
0.0
1002
{
1002
}
1040
0.0
1002
}
1002
}
1002
{
1002
{
1070
     1
1002
{
1040
0.5
1040
1.0
1000

1040
0.0
1002
{
1002
}
1040
0.0
1002
{
1002
}
1040
0.0
1002
}
1002
}
1040
0.0
1002
{
1002
}
1010
0.0
1020
0.0
1030
0.0
1010
0.0
1020
0.0
1030
0.0
1010
0.0
1020
0.0
1030
0.0
1070
     4
1002
}
1002
{
1002
{
1040
0.0
1040
0.0
1002
{
1070
     0
1002
}
1002
}
1070
     0
1040
0.0
1002
{
1002
}
1002
}
1002
{
1002
}
1002
}
1002
{
1071
        0
1070
     3
1070
     0
1002
{
1070
     2
1070
     1
1070
     0
1040
0.0
1002
}
1070
     0
1070
     2
1002
{
1002
}
1002
}
1002
{
1040
0.0
1040
0.0
1040
0.0
1040
0.0
1040
0.0
1040
0.0
1040
0.0
1040
0.0
1002
}
1002
}
  0
ATTRIB
  5
7684
330
7683
100
AcDbEntity
  8
0
100
AcDbText
 10
-66.30431003613182
 20
24.59999999999999
 30
0.01697433524218749
 40
0.2263244698958332
  1
WHITE PLASTIC
 50
270.0
 11
0.0
 21
0.0
 31
0.01697433524218749
100
AcDbAttribute
  2
NAME
 70
     1
280
     0
100
AcDbXrecord
280
     0
 70
     1
  0
ATTRIB
  5
7685
330
7683
100
AcDbEntity
  8
0
100
AcDbText
 10
-66.30431003613182
 20
24.59999999999999
 30
0.01697433524218749
 40
0.2263244698958332
  1

 50
270.0
 11
0.0
 21
0.0
 31
0.01697433524218749
100
AcDbAttribute
  2
ACADCOLOR
 70
     1
280
     0
100
AcDbXrecord
280
     0
 70
     1
  0
ATTRIB
  5
7686
330
7683
100
AcDbEntity
  8
0
100
AcDbText
 10
-66.30431003613182
 20
24.59999999999999
 30
0.01697433524218749
 40
0.2263244698958332
  1
1.0000,1.0000,1.0000
 50
270.0
 11
0.0
 21
0.0
 31
0.01697433524218749
100
AcDbAttribute
  2
COLOR
 70
     1
280
     0
100
AcDbXrecord
280
     0
 70
     1
  0
ATTRIB
  5
7687
330
7683
100
AcDbEntity
  8
0
100
AcDbText
 10
-66.30431003613182
 20
24.59999999999999
 30
0.01697433524218749
 40
0.2263244698958332
  1
1.0,1.0,1.0
 50
270.0
 11
0.0
 21
0.0
 31
0.01697433524218749
100
AcDbAttribute
  2
OPACITY
 70
     1
280
     0
100
AcDbXrecord
280
     0
 70
     1
  0
ATTRIB
  5
7688
330
7683
100
AcDbEntity
  8
0
100
AcDbText
 10
-66.30431003613182
 20
24.59999999999999
 30
0.01697433524218749
 40
0.2263244698958332
  1
("nullsurf" "")
 50
270.0
 11
0.0
 21
0.0
 31
0.01697433524218749
100
AcDbAttribute
  2
SURFACE
 70
     1
280
     0
100
AcDbXrecord
280
     0
 70
     1
  0
ATTRIB
  5
7689
330
7683
100
AcDbEntity
  8
0
100
AcDbText
 10
-66.30431003613182
 20
24.59999999999999
 30
0.01697433524218749
 40
0.2263244698958332
  1
(11 "Ka" "0.807843")(11 "Kd" "0.807843")(11 "Ks" "0.5")(11 "roughness" "0.48")
 50
270.0
 11
0.0
 21
0.0
 31
0.01697433524218749
100
AcDbAttribute
  2
SURF1
 70
     1
280
     0
100
AcDbXrecord
280
     0
 70
     1
  0
ATTRIB
  5
768A
330
7683
100
AcDbEntity
  8
0
100
AcDbText
 10
-66.30431003613182
 20
24.59999999999999
 30
0.01697433524218749
 40
0.2263244698958332
  1

 50
270.0
 11
0.0
 21
0.0
 31
0.01697433524218749
100
AcDbAttribute
  2
SURF2
 70
     1
280
     0
100
AcDbXrecord
280
     0
 70
     1
  0
ATTRIB
  5
768B
330
7683
100
AcDbEntity
  8
0
100
AcDbText
 10
-66.30431003613182
 20
24.59999999999999
 30
0.01697433524218749
 40
0.2263244698958332
  1

 50
270.0
 11
0.0
 21
0.0
 31
0.01697433524218749
100
AcDbAttribute
  2
SURF3
 70
     1
280
     0
100
AcDbXrecord
280
     0
 70
     1
  0
ATTRIB
  5
768C
330
7683
100
AcDbEntity
  8
0
100
AcDbText
 10
-66.30431003613182
 20
24.59999999999999
 30
0.01697433524218749
 40
0.2263244698958332
  1

 50
270.0
 11
0.0
 21
0.0
 31
0.01697433524218749
100
AcDbAttribute
  2
SURF4
 70
     1
280
     0
100
AcDbXrecord
280
     0
 70
     1
  0
ATTRIB
  5
768D
330
7683
100
AcDbEntity
  8
0
100
AcDbText
 10
-66.30431003613182
 20
24.59999999999999
 30
0.01697433524218749
 40
0.2263244698958332
  1
-1.0
 50
270.0
 11
0.0
 21
0.0
 31
0.01697433524218749
100
AcDbAttribute
  2
SHADINGRATE
 70
     1
280
     0
100
AcDbXrecord
280
     0
 70
     1
  0
ATTRIB
  5
768E
330
7683
100
AcDbEntity
  8
0
100
AcDbText
 10
-66.30431003613182
 20
24.59999999999999
 30
0.01697433524218749
 40
0.2263244698958332
  1
("nulldisp" "")
 50
270.0
 11
0.0
 21
0.0
 31
0.01697433524218749
100
AcDbAttribute
  2
DISPLACEMENT
 70
     1
280
     0
100
AcDbXrecord
280
     0
 70
     1
  0
ATTRIB
  5
768F
330
7683
100
AcDbEntity
  8
0
100
AcDbText
 10
-66.30431003613182
 20
24.59999999999999
 30
0.01697433524218749
 40
0.2263244698958332
  1

 50
270.0
 11
0.0
 21
0.0
 31
0.01697433524218749
100
AcDbAttribute
  2
DISP1
 70
     1
280
     0
100
AcDbXrecord
280
     0
 70
     1
  0
ATTRIB
  5
7690
330
7683
100
AcDbEntity
  8
0
100
AcDbText
 10
-66.30431003613182
 20
24.59999999999999
 30
0.01697433524218749
 40
0.2263244698958332
  1

 50
270.0
 11
0.0
 21
0.0
 31
0.01697433524218749
100
AcDbAttribute
  2
DISP2
 70
     1
280
     0
100
AcDbXrecord
280
     0
 70
     1
  0
ATTRIB
  5
7691
330
7683
100
AcDbEntity
  8
0
100
AcDbText
 10
-66.30431003613182
 20
24.59999999999999
 30
0.01697433524218749
 40
0.2263244698958332
  1

 50
270.0
 11
0.0
 21
0.0
 31
0.01697433524218749
100
AcDbAttribute
  2
DISP3
 70
     1
280
     0
100
AcDbXrecord
280
     0
 70
     1
  0
ATTRIB
  5
7692
330
7683
100
AcDbEntity
  8
0
100
AcDbText
 10
-66.30431003613182
 20
24.59999999999999
 30
0.01697433524218749
 40
0.2263244698958332
  1

 50
270.0
 11
0.0
 21
0.0
 31
0.01697433524218749
100
AcDbAttribute
  2
DISP4
 70
     1
280
     0
100
AcDbXrecord
280
     0
 70
     1
  0
ATTRIB
  5
7693
330
7683
100
AcDbEntity
  8
0
100
AcDbText
 10
-66.30431003613182
 20
24.59999999999999
 30
0.01697433524218749
 40
0.2263244698958332
  1
0.0
 50
270.0
 11
0.0
 21
0.0
 31
0.01697433524218749
100
AcDbAttribute
  2
DBOUND
 70
     1
280
     0
100
AcDbXrecord
280
     0
 70
     1
  0
ATTRIB
  5
7694
330
7683
100
AcDbEntity
  8
0
100
AcDbText
 10
-66.30431003613182
 20
24.59999999999999
 30
0.01697433524218749
 40
0.2263244698958332
  1
0
 50
270.0
 11
0.0
 21
0.0
 31
0.01697433524218749
100
AcDbAttribute
  2
SMOOTH
 70
     1
280
     0
100
AcDbXrecord
280
     0
 70
     1
  0
ATTRIB
  5
7695
330
7683
100
AcDbEntity
  8
0
100
AcDbText
 10
-66.30431003613182
 20
24.59999999999999
 30
0.01697433524218749
 40
0.2263244698958332
  1
("" "")
 50
270.0
 11
0.0
 21
0.0
 31
0.01697433524218749
100
AcDbAttribute
  2
ATMOSHPERE
 70
     1
280
     0
100
AcDbXrecord
280
     0
 70
     1
  0
ATTRIB
  5
7696
330
7683
100
AcDbEntity
  8
0
100
AcDbText
 10
-66.30431003613182
 20
24.59999999999999
 30
0.01697433524218749
 40
0.2263244698958332
  1

 50
270.0
 11
0.0
 21
0.0
 31
0.01697433524218749
100
AcDbAttribute
  2
ATMO1
 70
     1
280
     0
100
AcDbXrecord
280
     0
 70
     1
  0
ATTRIB
  5
7697
330
7683
100
AcDbEntity
  8
0
100
AcDbText
 10
-66.30431003613182
 20
24.59999999999999
 30
0.01697433524218749
 40
0.2263244698958332
  1

 50
270.0
 11
0.0
 21
0.0
 31
0.01697433524218749
100
AcDbAttribute
  2
ATMO2
 70
     1
280
     0
100
AcDbXrecord
280
     0
 70
     1
  0
ATTRIB
  5
7698
330
7683
100
AcDbEntity
  8
0
100
AcDbText
 10
-66.30431003613182
 20
24.59999999999999
 30
0.01697433524218749
 40
0.2263244698958332
  1

 50
270.0
 11
0.0
 21
0.0
 31
0.01697433524218749
100
AcDbAttribute
  2
ATMO3
 70
     1
280
     0
100
AcDbXrecord
280
     0
 70
     1
  0
ATTRIB
  5
7699
330
7683
100
AcDbEntity
  8
0
100
AcDbText
 10
-66.30431003613182
 20
24.59999999999999
 30
0.01697433524218749
 40
0.2263244698958332
  1

 50
270.0
 11
0.0
 21
0.0
 31
0.01697433524218749
100
AcDbAttribute
  2
ATMO4
 70
     1
280
     0
100
AcDbXrecord
280
     0
 70
     1
  0
ATTRIB
  5
769A
330
7683
100
AcDbEntity
  8
0
100
AcDbText
 10
-66.30431003613182
 20
24.59999999999999
 30
0.01697433524218749
 40
0.2263244698958332
  1
0.0 0.0 1.0 0.0 0.0 1.0 1.0 1.0
 50
270.0
 11
0.0
 21
0.0
 31
0.01697433524218749
100
AcDbAttribute
  2
TCCORD
 70
     1
280
     0
100
AcDbXrecord
280
     0
 70
     1
  0
SEQEND
  5
769B
330
7683
100
AcDbEntity
  8
sink
  0
LINE
  5
E2C8
330
1F
100
AcDbEntity
  8
A_WALL
100
AcDbLine
 10
305.7575045697704
 20
-155.3014708540427
 30
0.0
 11
305.7575045697704
 21
-151.8014708540427
 31
0.0
  0
LINE
  5
E2C9
330
1F
100
AcDbEntity
  8
A_WALL
100
AcDbLine
 10
305.7575045697704
 20
-151.8014708540427
 30
0.0
 11
306.2325045697704
 21
-151.8014708540427
 31
0.0
  0
LINE
  5
E2CA
330
1F
100
AcDbEntity
  8
A_WALL
100
AcDbLine
 10
308.3075045697704
 20
-150.2614708540426
 30
0.0
 11
308.3075045697704
 21
-151.5614708540427
 31
0.0
  0
LINE
  5
E2CB
330
1F
100
AcDbEntity
  8
A_WALL
100
AcDbLine
 10
308.3075045697704
 20
-155.3014708540427
 30
0.0
 11
308.5475045697704
 21
-155.3014708540427
 31
0.0
  0
LINE
  5
E2CC
102
{ACAD_REACTORS
330
EECB
102
}
330
1F
100
AcDbEntity
  8
A_WALL
100
AcDbLine
 10
308.5475045697704
 20
-155.3014708540427
 30
0.0
 11
308.5475045697704
 21
-153.7014708540427
 31
0.0
  0
LINE
  5
E2CD
102
{ACAD_REACTORS
330
EE0F
102
}
330
1F
100
AcDbEntity
  8
A_WALL
100
AcDbLine
 10
308.5475045697704
 20
-153.7014708540427
 30
0.0
 11
310.5075045697704
 21
-153.7014708540427
 31
0.0
  0
LINE
  5
E2CE
102
{ACAD_REACTORS
330
EE0F
102
}
330
1F
100
AcDbEntity
  8
A_WALL
100
AcDbLine
 10
310.5075045697704
 20
-153.7014708540427
 30
0.0
 11
310.5075045697704
 21
-154.4014708540427
 31
0.0
  0
LINE
  5
E2CF
102
{ACAD_REACTORS
330
EE27
330
EE83
102
}
330
1F
100
AcDbEntity
  8
A_WALL
100
AcDbLine
 10
310.5075045697704
 20
-157.0514708540427
 30
0.0
 11
307.7175045697704
 21
-157.0514708540427
 31
0.0
  0
LINE
  5
E2D0
102
{ACAD_REACTORS
330
EE83
102
}
330
1F
100
AcDbEntity
  8
A_WALL
100
AcDbLine
 10
307.7175045697704
 20
-157.0514708540427
 30
0.0
 11
307.7175045697704
 21
-158.3814708540427
 31
0.0
  0
LINE
  5
E2D1
102
{ACAD_REACTORS
330
EE9B
102
}
330
1F
100
AcDbEntity
  8
A_WALL
100
AcDbLine
 10
307.7175045697704
 20
-158.3814708540427
 30
0.0
 11
307.4875045697703
 21
-158.3814708540427
 31
0.0
  0
LINE
  5
E2DD
330
1F
100
AcDbEntity
  8
A_WALL
100
AcDbLine
 10
310.7475045697704
 20
-153.7014708540427
 30
0.0
 11
310.7475045697705
 21
-154.4014708540427
 31
0.0
  0
LINE
  5
E2F8
330
1F
100
AcDbEntity
  8
A_WALL
100
AcDbLine
 10
310.7475045697704
 20
-157.0514708540427
 30
0.0
 11
311.3375045697703
 21
-157.0514708540427
 31
0.0
  0
LINE
  5
E2F9
102
{ACAD_REACTORS
330
EC2B
330
EC5B
102
}
330
1F
100
AcDbEntity
  8
A_WALL
100
AcDbLine
 10
313.0375045697704
 20
-157.3514708540426
 30
0.0
 11
313.0375045697703
 21
-160.9614708540427
 31
0.0
  0
LINE
  5
E2FB
102
{ACAD_REACTORS
330
EC43
102
}
330
1F
100
AcDbEntity
  8
A_WALL
100
AcDbLine
 10
317.2175045697704
 20
-160.9614708540427
 30
0.0
 11
317.2175045697704
 21
-155.6914708540428
 31
0.0
  0
LINE
  5
E2FD
330
1F
100
AcDbEntity
  8
A_WALL
100
AcDbLine
 10
311.3375045697703
 20
-157.3514708540427
 30
0.0
 11
311.8375045697704
 21
-157.3514708540427
 31
0.0
  0
LINE
  5
E2FE
330
1F
100
AcDbEntity
  8
A_WALL
100
AcDbLine
 10
311.3375045697703
 20
-157.0514708540427
 30
0.0
 11
311.3375045697703
 21
-157.3514708540427
 31
0.0
  0
LINE
  5
E2FF
102
{ACAD_REACTORS
330
EC43
330
EC5B
330
ED7F
102
}
330
1F
100
AcDbEntity
  8
A_WALL
100
AcDbLine
 10
310.7475045697704
 20
-155.6914708540426
 30
0.0
 11
317.2175045697704
 21
-155.6914708540428
 31
0.0
  0
LINE
  5
E30B
330
1F
100
AcDbEntity
  8
A_WALL
100
AcDbLine
 10
310.7475045697704
 20
-155.6914708540426
 30
0.0
 11
310.7475045697704
 21
-155.8214708540426
 31
0.0
  0
LINE
  5
E30C
330
1F
100
AcDbEntity
  8
A_WALL
100
AcDbLine
 10
308.3875045697704
 20
-158.9914708540427
 30
0.0
 11
309.7675045697703
 21
-158.9914708540427
 31
0.0
  0
LINE
  5
E30D
330
1F
100
AcDbEntity
  8
A_WALL
100
AcDbLine
 10
313.0375045697703
 20
-157.3514708540427
 30
0.0
 11
313.0375045697704
 21
-158.8414708540426
 31
0.0
  0
LINE
  5
E30E
330
1F
100
AcDbEntity
  8
A_WALL
100
AcDbLine
 10
308.3075045697704
 20
-150.2614708540426
 30
0.0
 11
309.0075045697704
 21
-150.2614708540426
 31
0.0
  0
LINE
  5
E311
330
1F
100
AcDbEntity
  8
A_WALL
100
AcDbLine
 10
317.4575045697704
 20
-150.2614708540426
 30
0.0
 11
317.4575045697704
 21
-151.6114708540427
 31
0.0
  0
LINE
  5
E31B
330
1F
100
AcDbEntity
  8
A_WALL
100
AcDbLine
 10
305.7575045697703
 20
-161.2014708540428
 30
0.0
 11
317.4575045697704
 21
-161.2014708540428
 31
0.0
  0
LINE
  5
E329
330
1F
100
AcDbEntity
  8
A_WALL
100
AcDbLine
 10
311.3375045697703
 20
-157.5014708540427
 30
0.0
 11
311.8375045697704
 21
-157.5014708540427
 31
0.0
  0
LINE
  5
E32A
330
1F
100
AcDbEntity
  8
A_WALL
100
AcDbLine
 10
312.8875045697704
 20
-157.5014708540427
 30
0.0
 11
312.8875045697703
 21
-160.9614708540427
 31
0.0
  0
LINE
  5
E32B
102
{ACAD_REACTORS
330
EBFB
102
}
330
1F
100
AcDbEntity
  8
A_WALL
100
AcDbLine
 10
309.9675045697704
 20
-158.9914708540427
 30
0.0
 11
309.9675045697703
 21
-160.9614708540427
 31
0.0
  0
LINE
  5
E32C
330
1F
100
AcDbEntity
  8
A_WALL
100
AcDbLine
 10
309.7675045697703
 20
-158.9914708540427
 30
0.0
 11
309.7675045697703
 21
-160.9614708540427
 31
0.0
  0
LINE
  5
E32D
330
1F
100
AcDbEntity
  8
A_WALL
100
AcDbLine
 10
309.9675045697704
 20
-158.9914708540427
 30
0.0
 11
311.3375045697704
 21
-158.9914708540428
 31
0.0
  0
LINE
  5
E32E
102
{ACAD_REACTORS
330
EBFB
330
EC13
102
}
330
1F
100
AcDbEntity
  8
A_WALL
100
AcDbLine
 10
309.9675045697703
 20
-160.9614708540427
 30
0.0
 11
312.8875045697703
 21
-160.9614708540427
 31
0.0
  0
LINE
  5
E338
102
{ACAD_REACTORS
330
EC2B
102
}
330
1F
100
AcDbEntity
  8
A_WALL
100
AcDbLine
 10
313.0375045697703
 20
-160.9614708540427
 30
0.0
 11
317.2175045697704
 21
-160.9614708540427
 31
0.0
  0
LINE
  5
E347
330
1F
100
AcDbEntity
  8
A_WALL
100
AcDbLine
 10
311.1875045697704
 20
-157.2514708540427
 30
0.0
 11
311.1875045697705
 21
-157.7164708540427
 31
0.0
  0
LINE
  5
E348
330
1F
100
AcDbEntity
  8
A_WALL
100
AcDbLine
 10
308.3875045697706
 20
-158.8414708540426
 30
0.0
 11
311.1875045697704
 21
-158.8414708540428
 31
0.0
  0
LINE
  5
E34A
330
1F
100
AcDbEntity
  8
A_WALL
100
AcDbLine
 10
311.1875045697704
 20
-157.2514708540427
 30
0.0
 11
309.3075045697706
 21
-157.2514708540427
 31
0.0
  0
LINE
  5
E34B
330
1F
100
AcDbEntity
  8
A_WALL
100
AcDbLine
 10
311.8375045697703
 20
-157.3514708540427
 30
0.0
 11
311.8375045697703
 21
-157.5014708540427
 31
0.0
  0
LINE
  5
E34C
330
1F
100
AcDbEntity
  8
A_WALL
100
AcDbLine
 10
312.6375045697704
 20
-157.3514708540427
 30
0.0
 11
312.6375045697704
 21
-157.5014708540427
 31
0.0
  0
LINE
  5
E34D
330
1F
100
AcDbEntity
  8
A_WALL
100
AcDbLine
 10
312.6375045697704
 20
-157.5014708540427
 30
0.0
 11
312.8875045697704
 21
-157.5014708540427
 31
0.0
  0
LINE
  5
E34E
330
1F
100
AcDbEntity
  8
A_WALL
100
AcDbLine
 10
312.6375045697704
 20
-157.3514708540427
 30
0.0
 11
313.0375045697703
 21
-157.3514708540427
 31
0.0
  0
LINE
  5
E34F
330
1F
100
AcDbEntity
  8
A_WALL
100
AcDbLine
 10
311.1875045697705
 20
-157.7164708540427
 30
0.0
 11
311.3375045697704
 21
-157.7164708540427
 31
0.0
  0
LINE
  5
E350
330
1F
100
AcDbEntity
  8
A_WALL
100
AcDbLine
 10
311.1875045697705
 20
-158.5164708540428
 30
0.0
 11
311.3375045697704
 21
-158.5164708540428
 31
0.0
  0
LINE
  5
E351
330
1F
100
AcDbEntity
  8
A_WALL
100
AcDbLine
 10
311.1875045697705
 20
-158.5164708540428
 30
0.0
 11
311.1875045697705
 21
-158.8414708540428
 31
0.0
  0
LINE
  5
E352
330
1F
100
AcDbEntity
  8
A_WALL
100
AcDbLine
 10
311.3375045697704
 20
-158.5164708540428
 30
0.0
 11
311.3375045697704
 21
-158.9914708540428
 31
0.0
  0
LINE
  5
E353
330
1F
100
AcDbEntity
  8
A_WALL
100
AcDbLine
 10
308.3875045697704
 20
-157.2514708540427
 30
0.0
 11
308.3875045697705
 21
-158.8414708540426
 31
0.0
  0
LINE
  5
E35D
330
1F
100
AcDbEntity
  8
A_WALL
100
AcDbLine
 10
308.1875045697706
 20
-158.5814708540427
 30
0.0
 11
307.4875045697704
 21
-158.5814708540427
 31
0.0
  0
LWPOLYLINE
  5
E368
102
{ACAD_REACTORS
330
ECDA
330
EDD7
102
}
330
1F
100
AcDbEntity
  8
A_WALL
100
AcDbPolyline
 90
        3
 70
     0
 43
0.0
 10
312.7075045697704
 20
-150.5014708540427
 10
312.7075045697704
 20
-153.4614708540427
 10
312.1975045697704
 20
-153.4614708540427
  0
LINE
  5
E373
330
1F
100
AcDbEntity
  8
A_WALL
100
AcDbLine
 10
310.7475045697704
 20
-153.7014708540427
 30
0.0
 11
311.3975045697704
 21
-153.7014708540427
 31
0.0
  0
LINE
  5
E374
102
{ACAD_REACTORS
330
ED0A
102
}
330
1F
100
AcDbEntity
  8
A_WALL
100
AcDbLine
 10
312.9475045697704
 20
-153.7014708540427
 30
0.0
 11
312.9475045697704
 21
-150.5014708540427
 31
0.0
  0
LINE
  5
E375
330
1F
100
AcDbEntity
  8
A_WALL
100
AcDbLine
 10
312.1975045697704
 20
-153.7014708540427
 30
0.0
 11
312.1975045697704
 21
-153.4614708540427
 31
0.0
  0
LINE
  5
E376
330
1F
100
AcDbEntity
  8
A_WALL
100
AcDbLine
 10
308.5275045697704
 20
-150.5014708540427
 30
0.0
 11
309.0075045697704
 21
-150.5014708540427
 31
0.0
  0
LINE
  5
E377
102
{ACAD_REACTORS
330
ECF2
102
}
330
1F
100
AcDbEntity
  8
A_WALL
100
AcDbLine
 10
317.0875045697704
 20
-150.5014708540427
 30
0.0
 11
317.0875045697704
 21
-151.6114708540427
 31
0.0
  0
LINE
  5
E378
102
{ACAD_REACTORS
330
ED22
330
EDB2
102
}
330
1F
100
AcDbEntity
  8
A_WALL
100
AcDbLine
 10
317.0875045697704
 20
-155.4514708540427
 30
0.0
 11
310.7475045697704
 21
-155.4514708540427
 31
0.0
  0
LINE
  5
E379
330
1F
100
AcDbEntity
  8
A_WALL
100
AcDbLine
 10
311.3975045697704
 20
-153.7014708540427
 30
0.0
 11
311.3975045697704
 21
-153.4614708540427
 31
0.0
  0
LINE
  5
E37D
102
{ACAD_REACTORS
330
ECF2
102
}
330
1F
100
AcDbEntity
  8
A_WALL
100
AcDbLine
 10
312.9475045697704
 20
-150.5014708540427
 30
0.0
 11
317.0875045697704
 21
-150.5014708540427
 31
0.0
  0
LINE
  5
E37F
330
1F
100
AcDbEntity
  8
A_WALL
100
AcDbLine
 10
312.1975045697704
 20
-153.7014708540427
 30
0.0
 11
312.9475045697704
 21
-153.7014708540427
 31
0.0
  0
LWPOLYLINE
  5
E380
102
{ACAD_REACTORS
330
ECDA
102
}
330
1F
100
AcDbEntity
  8
A_WALL
100
AcDbPolyline
 90
        2
 70
     0
 43
0.0
 10
310.2375045697704
 20
-150.5014708540427
 10
310.2375045697704
 20
-152.4614708540427
  0
LINE
  5
E382
102
{ACAD_REACTORS
330
EC80
102
}
330
1F
100
AcDbEntity
  8
A_WALL
100
AcDbLine
 10
310.0875045697704
 20
-150.5014708540427
 30
0.0
 11
310.0875045697704
 21
-152.4614708540427
 31
0.0
  0
LINE
  5
E383
330
1F
100
AcDbEntity
  8
A_WALL
100
AcDbLine
 10
311.3975045697704
 20
-153.4614708540427
 30
0.0
 11
310.2375045697704
 21
-153.4614708540427
 31
0.0
  0
LINE
  5
E384
330
1F
100
AcDbEntity
  8
A_WALL
100
AcDbLine
 10
308.5275045697704
 20
-153.4614708540427
 30
0.0
 11
308.5275045697704
 21
-151.4514708540427
 31
0.0
  0
LINE
  5
E385
330
1F
100
AcDbEntity
  8
A_WALL
100
AcDbLine
 10
308.3075045697704
 20
-151.5614708540427
 30
0.0
 11
307.8325045697704
 21
-151.5614708540427
 31
0.0
  0
LINE
  5
E386
330
1F
100
AcDbEntity
  8
A_WALL
100
AcDbLine
 10
308.3075045697704
 20
-151.8014708540427
 30
0.0
 11
308.3075045697704
 21
-155.3014708540427
 31
0.0
  0
LINE
  5
E387
330
1F
100
AcDbEntity
  8
A_WALL
100
AcDbLine
 10
310.0875045697704
 20
-153.4614708540427
 30
0.0
 11
308.5275045697704
 21
-153.4614708540427
 31
0.0
  0
LINE
  5
E388
330
1F
100
AcDbEntity
  8
A_WALL
100
AcDbLine
 10
310.2375045697704
 20
-150.5014708540427
 30
0.0
 11
312.7075045697704
 21
-150.5014708540427
 31
0.0
  0
LINE
  5
E392
330
1F
100
AcDbEntity
  8
A_WALL
100
AcDbLine
 10
310.2375045697704
 20
-153.2614708540427
 30
0.0
 11
310.0875045697704
 21
-153.2614708540427
 31
0.0
  0
LINE
  5
E393
330
1F
100
AcDbEntity
  8
A_WALL
100
AcDbLine
 10
310.2375045697704
 20
-152.4614708540427
 30
0.0
 11
310.0875045697704
 21
-152.4614708540427
 31
0.0
  0
LWPOLYLINE
  5
E394
330
1F
100
AcDbEntity
  8
A_WALL
100
AcDbPolyline
 90
        2
 70
     0
 43
0.0
 10
310.2375045697704
 20
-153.2614708540427
 10
310.2375045697704
 20
-153.4614708540427
  0
LINE
  5
E395
330
1F
100
AcDbEntity
  8
A_WALL
100
AcDbLine
 10
310.0875045697704
 20
-153.2614708540427
 30
0.0
 11
310.0875045697704
 21
-153.4614708540427
 31
0.0
  0
LINE
  5
E3AC
330
1F
100
AcDbEntity
  8
A_WALL
100
AcDbLine
 10
310.7475045697704
 20
-155.3214708540427
 30
0.0
 11
310.5075045697704
 21
-155.3214708540427
 31
0.0
  0
LINE
  5
E3AD
330
1F
100
AcDbEntity
  8
A_WALL
100
AcDbLine
 10
310.7475045697704
 20
-155.8214708540427
 30
0.0
 11
310.5075045697704
 21
-155.8214708540427
 31
0.0
  0
LINE
  5
E3AE
330
1F
100
AcDbEntity
  8
A_WALL
100
AcDbLine
 10
310.7475045697704
 20
-154.4014708540427
 30
0.0
 11
310.5075045697704
 21
-154.4014708540427
 31
0.0
  0
LINE
  5
E3AF
330
1F
100
AcDbEntity
  8
A_WALL
100
AcDbLine
 10
310.7475045697704
 20
-156.7414708540427
 30
0.0
 11
310.5075045697704
 21
-156.7414708540427
 31
0.0
  0
LINE
  5
E3B0
330
1F
100
AcDbEntity
  8
A_WALL
100
AcDbLine
 10
310.5075045697704
 20
-155.3214708540426
 30
0.0
 11
310.5075045697704
 21
-155.8214708540426
 31
0.0
  0
LINE
  5
E3B1
330
1F
100
AcDbEntity
  8
A_WALL
100
AcDbLine
 10
310.7475045697705
 20
-155.3214708540427
 30
0.0
 11
310.7475045697704
 21
-155.4514708540427
 31
0.0
  0
LINE
  5
E3B2
330
1F
100
AcDbEntity
  8
A_WALL
100
AcDbLine
 10
310.7475045697704
 20
-156.7414708540427
 30
0.0
 11
310.7475045697704
 21
-157.0514708540427
 31
0.0
  0
LINE
  5
E3B3
330
1F
100
AcDbEntity
  8
A_WALL
100
AcDbLine
 10
310.5075045697704
 20
-156.7414708540427
 30
0.0
 11
310.5075045697704
 21
-157.0514708540427
 31
0.0
  0
LINE
  5
E3D4
330
1F
100
AcDbEntity
  8
A_WALL
100
AcDbLine
 10
309.1875045697705
 20
-157.6514708540426
 30
0.0
 11
309.1875045697706
 21
-157.2514708540427
 31
0.0
  0
LINE
  5
E3D5
330
1F
100
AcDbEntity
  8
A_WALL
100
AcDbLine
 10
309.3075045697705
 20
-157.6514708540426
 30
0.0
 11
309.3075045697706
 21
-157.2514708540427
 31
0.0
  0
LINE
  5
E3D6
330
1F
100
AcDbEntity
  8
A_WALL
100
AcDbLine
 10
309.1875045697705
 20
-157.6514708540426
 30
0.0
 11
309.3075045697705
 21
-157.6514708540426
 31
0.0
  0
LINE
  5
E3D7
330
1F
100
AcDbEntity
  8
A_WALL
100
AcDbLine
 10
309.1875045697705
 20
-157.2514708540427
 30
0.0
 11
308.3875045697704
 21
-157.2514708540427
 31
0.0
  0
LINE
  5
E3E1
330
1F
100
AcDbEntity
  8
A_WALL
100
AcDbLine
 10
311.3375045697703
 20
-157.5014708540427
 30
0.0
 11
311.3375045697704
 21
-157.7164708540427
 31
0.0
  0
LINE
  5
E3F5
330
1F
100
AcDbEntity
  8
A_WALL
100
AcDbLine
 10
305.7575045697704
 20
-155.3014708540427
 30
0.0
 11
305.5275045697704
 21
-155.3014708540427
 31
0.0
  0
LINE
  5
E3F6
102
{ACAD_REACTORS
330
EE3F
102
}
330
1F
100
AcDbEntity
  8
A_WALL
100
AcDbLine
 10
305.5275045697704
 20
-155.3014708540427
 30
0.0
 11
305.5275045697704
 21
-151.8014708540426
 31
0.0
  0
LINE
  5
E3F7
330
1F
100
AcDbEntity
  8
A_WALL
100
AcDbLine
 10
305.5275045697704
 20
-151.8014708540426
 30
0.0
 11
305.3825045697704
 21
-151.8014708540426
 31
0.0
  0
LINE
  5
E3F8
330
1F
100
AcDbEntity
  8
A_WALL
100
AcDbLine
 10
304.2375045697704
 20
-151.8014708540426
 30
0.0
 11
304.2375045697704
 21
-155.0614708540426
 31
0.0
  0
LINE
  5
E3F9
330
1F
100
AcDbEntity
  8
A_WALL
100
AcDbLine
 10
304.2375045697704
 20
-155.0614708540426
 30
0.0
 11
304.4575045697704
 21
-155.0614708540426
 31
0.0
  0
LINE
  5
E3FA
102
{ACAD_REACTORS
330
EE57
102
}
330
1F
100
AcDbEntity
  8
A_WALL
100
AcDbLine
 10
304.4575045697704
 20
-155.0614708540426
 30
0.0
 11
304.4575045697704
 21
-155.9714708540427
 31
0.0
  0
LINE
  5
E3FB
330
1F
100
AcDbEntity
  8
A_WALL
100
AcDbLine
 10
303.9975045697703
 20
-150.8014708540427
 30
0.0
 11
303.9975045697703
 21
-151.7014708540427
 31
0.0
  0
LINE
  5
E3FC
102
{ACAD_REACTORS
330
EADB
102
}
330
1F
100
AcDbEntity
  8
A_WALL
100
AcDbLine
 10
303.9975045697703
 20
-150.8014708540427
 30
0.0
 11
303.6175045697704
 21
-150.8014708540427
 31
0.0
  0
LINE
  5
E3FE
102
{ACAD_REACTORS
330
EABF
330
EB3B
102
}
330
1F
100
AcDbEntity
  8
A_WALL
100
AcDbLine
 10
300.0875045697703
 20
-150.8014708540427
 30
0.0
 11
300.0875045697703
 21
-152.6164708540427
 31
0.0
  0
LINE
  5
E408
330
1F
100
AcDbEntity
  8
A_WALL
100
AcDbLine
 10
299.8475045697703
 20
-150.5614708540427
 30
0.0
 11
299.8475045697703
 21
-152.6164708540427
 31
0.0
  0
LINE
  5
E409
330
1F
100
AcDbEntity
  8
A_WALL
100
AcDbLine
 10
303.9975045697703
 20
-155.0614708540425
 30
0.0
 11
303.6175045697703
 21
-155.0614708540426
 31
0.0
  0
LINE
  5
E414
330
1F
100
AcDbEntity
  8
A_WALL
100
AcDbLine
 10
304.2175045697704
 20
-155.9714708540427
 30
0.0
 11
304.4575045697704
 21
-155.9714708540427
 31
0.0
  0
LINE
  5
E416
330
1F
100
AcDbEntity
  8
A_WALL
100
AcDbLine
 10
304.2175045697704
 20
-156.9114708540427
 30
0.0
 11
304.4575045697704
 21
-156.9114708540427
 31
0.0
  0
LINE
  5
E421
330
1F
100
AcDbEntity
  8
A_WALL
100
AcDbLine
 10
303.5175045697703
 20
-154.4314708540427
 30
0.0
 11
303.5175045697703
 21
-155.0614708540427
 31
0.0
  0
LINE
  5
E422
330
1F
100
AcDbEntity
  8
A_WALL
100
AcDbLine
 10
303.9975045697703
 20
-151.8014708540427
 30
0.0
 11
303.5175045697703
 21
-151.8014708540427
 31
0.0
  0
LINE
  5
E423
102
{ACAD_REACTORS
330
EB0B
330
EB23
102
}
330
1F
100
AcDbEntity
  8
A_WALL
100
AcDbLine
 10
303.9975045697703
 20
-154.4314708540427
 30
0.0
 11
303.5175045697703
 21
-154.4314708540427
 31
0.0
  0
LINE
  5
E424
102
{ACAD_REACTORS
330
EABF
330
EAF3
330
EB0B
102
}
330
1F
100
AcDbEntity
  8
A_WALL
100
AcDbLine
 10
303.5175045697703
 20
-151.8014708540427
 30
0.0
 11
303.5175045697703
 21
-150.8014708540427
 31
0.0
  0
LINE
  5
E425
330
1F
100
AcDbEntity
  8
A_WALL
100
AcDbLine
 10
304.2175045697704
 20
-157.4414708540427
 30
0.0
 11
304.4575045697704
 21
-157.4414708540427
 31
0.0
  0
LINE
  5
E42B
102
{ACAD_REACTORS
330
EEB3
102
}
330
1F
100
AcDbEntity
  8
A_WALL
100
AcDbLine
 10
304.4575045697704
 20
-156.9114708540427
 30
0.0
 11
304.4575045697704
 21
-157.4414708540427
 31
0.0
  0
LINE
  5
E436
330
1F
100
AcDbEntity
  8
A_WALL
100
AcDbLine
 10
304.2175045697704
 20
-157.0614708540427
 30
0.0
 11
302.5675045697704
 21
-157.0614708540427
 31
0.0
  0
LINE
  5
E437
102
{ACAD_REACTORS
330
EB83
102
}
330
1F
100
AcDbEntity
  8
A_WALL
100
AcDbLine
 10
304.2175045697704
 20
-157.2014708540427
 30
0.0
 11
300.1275045697703
 21
-157.2014708540427
 31
0.0
  0
LINE
  5
E439
330
1F
100
AcDbEntity
  8
A_WALL
100
AcDbLine
 10
304.2175045697704
 20
-155.3014708540427
 30
0.0
 11
303.5175045697703
 21
-155.3014708540427
 31
0.0
  0
LINE
  5
E43B
330
1F
100
AcDbEntity
  8
A_WALL
100
AcDbLine
 10
304.2175045697704
 20
-155.3014708540427
 30
0.0
 11
304.2175045697704
 21
-155.9714708540427
 31
0.0
  0
LINE
  5
E43C
330
1F
100
AcDbEntity
  8
A_WALL
100
AcDbLine
 10
304.2175045697704
 20
-156.9114708540427
 30
0.0
 11
304.2175045697704
 21
-157.0614708540427
 31
0.0
  0
LINE
  5
E43D
330
1F
100
AcDbEntity
  8
A_WALL
100
AcDbLine
 10
304.2175045697704
 20
-157.2014708540427
 30
0.0
 11
304.2175045697704
 21
-157.4414708540427
 31
0.0
  0
LINE
  5
E43E
330
1F
100
AcDbEntity
  8
A_WALL
100
AcDbLine
 10
304.2175045697704
 20
-158.3814708540427
 30
0.0
 11
304.2175045697704
 21
-158.6614708540427
 31
0.0
  0
LINE
  5
E440
330
1F
100
AcDbEntity
  8
A_WALL
100
AcDbLine
 10
304.2375045697704
 20
-150.5614708540427
 30
0.0
 11
299.8475045697703
 21
-150.5614708540427
 31
0.0
  0
LINE
  5
E441
330
1F
100
AcDbEntity
  8
A_WALL
100
AcDbLine
 10
304.2375045697704
 20
-151.5614708540427
 30
0.0
 11
304.2375045697704
 21
-150.5614708540427
 31
0.0
  0
LINE
  5
E44B
102
{ACAD_REACTORS
330
EB6B
102
}
330
1F
100
AcDbEntity
  8
A_WALL
100
AcDbLine
 10
300.1275045697703
 20
-155.3014708540427
 30
0.0
 11
300.1275045697703
 21
-157.0614708540427
 31
0.0
  0
LINE
  5
E44C
330
1F
100
AcDbEntity
  8
A_WALL
100
AcDbLine
 10
302.3275045697703
 20
-155.3014708540427
 30
0.0
 11
302.3275045697703
 21
-156.1614708540427
 31
0.0
  0
LINE
  5
E44D
330
1F
100
AcDbEntity
  8
A_WALL
100
AcDbLine
 10
302.5675045697703
 20
-155.0614708540428
 30
0.0
 11
302.5675045697704
 21
-156.1614708540427
 31
0.0
  0
LINE
  5
E44E
102
{ACAD_REACTORS
330
EB83
102
}
330
1F
100
AcDbEntity
  8
A_WALL
100
AcDbLine
 10
300.1275045697703
 20
-157.2014708540427
 30
0.0
 11
300.1275045697703
 21
-158.7814708540427
 31
0.0
  0
LINE
  5
E450
330
1F
100
AcDbEntity
  8
A_WALL
100
AcDbLine
 10
302.3275045697703
 20
-157.0614708540427
 30
0.0
 11
301.0775045697703
 21
-157.0614708540427
 31
0.0
  0
LINE
  5
E452
102
{ACAD_REACTORS
330
EB6B
102
}
330
1F
100
AcDbEntity
  8
A_WALL
100
AcDbLine
 10
302.3275045697703
 20
-155.3014708540427
 30
0.0
 11
300.1275045697703
 21
-155.3014708540426
 31
0.0
  0
LINE
  5
E453
330
1F
100
AcDbEntity
  8
A_DOOR
100
AcDbLine
 10
303.4675045697703
 20
-155.0614708540428
 30
0.0
 11
303.4675045697703
 21
-155.3014708540428
 31
0.0
  0
LINE
  5
E454
330
1F
100
AcDbEntity
  8
A_DOOR
100
AcDbLine
 10
302.6175045697703
 20
-155.0614708540428
 30
0.0
 11
302.6175045697704
 21
-155.3014708540428
 31
0.0
  0
LINE
  5
E455
330
1F
100
AcDbEntity
  8
A_DOOR
100
AcDbLine
 10
302.6175045697704
 20
-155.3014708540427
 30
0.0
 11
302.5675045697704
 21
-155.3014708540427
 31
0.0
  0
LINE
  5
E456
330
1F
100
AcDbEntity
  8
A_WALL
100
AcDbLine
 10
302.5675045697703
 20
-155.0614708540421
 30
0.0
 11
300.0875045697703
 21
-155.0614708540427
 31
0.0
  0
LINE
  5
E457
330
1F
100
AcDbEntity
  8
A_DOOR
100
AcDbLine
 10
302.5675045697703
 20
-155.0614708540428
 30
0.0
 11
302.5675045697704
 21
-155.3014708540428
 31
0.0
  0
LINE
  5
E458
102
{ACAD_REACTORS
330
EB23
102
}
330
1F
100
AcDbEntity
  8
A_WALL
100
AcDbLine
 10
303.5175045697703
 20
-155.0614708540428
 30
0.0
 11
303.5175045697703
 21
-155.3014708540428
 31
0.0
  0
LINE
  5
E459
330
1F
100
AcDbEntity
  8
A_DOOR
100
AcDbLine
 10
302.6175045697703
 20
-155.0614708540428
 30
0.0
 11
302.5675045697703
 21
-155.0614708540421
 31
0.0
  0
LINE
  5
E46D
330
1F
100
AcDbEntity
  8
A_WALL
100
AcDbLine
 10
301.0775045697703
 20
-156.6614708540427
 30
0.0
 11
301.0775045697703
 21
-157.0614708540427
 31
0.0
  0
LINE
  5
E46E
330
1F
100
AcDbEntity
  8
A_WALL
100
AcDbLine
 10
300.9275045697703
 20
-156.6614708540427
 30
0.0
 11
300.9275045697703
 21
-157.0614708540427
 31
0.0
  0
LINE
  5
E46F
330
1F
100
AcDbEntity
  8
A_WALL
100
AcDbLine
 10
301.0775045697703
 20
-156.6614708540427
 30
0.0
 11
300.9275045697703
 21
-156.6614708540427
 31
0.0
  0
LINE
  5
E470
330
1F
100
AcDbEntity
  8
A_WALL
100
AcDbLine
 10
300.9275045697703
 20
-157.0614708540427
 30
0.0
 11
300.1275045697703
 21
-157.0614708540427
 31
0.0
  0
LINE
  5
E471
330
1F
100
AcDbEntity
  8
A_WALL
100
AcDbLine
 10
302.5675045697704
 20
-156.9614708540427
 30
0.0
 11
302.3275045697703
 21
-156.9614708540427
 31
0.0
  0
LINE
  5
E472
330
1F
100
AcDbEntity
  8
A_WALL
100
AcDbLine
 10
302.5675045697704
 20
-156.1614708540427
 30
0.0
 11
302.3275045697703
 21
-156.1614708540427
 31
0.0
  0
LINE
  5
E473
330
1F
100
AcDbEntity
  8
A_WALL
100
AcDbLine
 10
302.3275045697703
 20
-156.9614708540427
 30
0.0
 11
302.3275045697703
 21
-157.0614708540427
 31
0.0
  0
LINE
  5
E474
330
1F
100
AcDbEntity
  8
A_WALL
100
AcDbLine
 10
302.5675045697704
 20
-156.9614708540427
 30
0.0
 11
302.5675045697704
 21
-157.0614708540427
 31
0.0
  0
LINE
  5
E488
330
1F
100
AcDbEntity
  8
A_WALL
100
AcDbLine
 10
300.0875045697703
 20
-152.6164708540427
 30
0.0
 11
299.8475045697703
 21
-152.6164708540427
 31
0.0
  0
LINE
  5
E489
330
1F
100
AcDbEntity
  8
A_WALL
100
AcDbLine
 10
300.0875045697703
 20
-153.6164708540426
 30
0.0
 11
299.8475045697703
 21
-153.6164708540427
 31
0.0
  0
LINE
  5
E48A
102
{ACAD_REACTORS
330
EB53
102
}
330
1F
100
AcDbEntity
  8
A_WALL
100
AcDbLine
 10
300.0875045697703
 20
-153.6164708540427
 30
0.0
 11
300.0875045697703
 21
-155.0614708540427
 31
0.0
  0
LINE
  5
E48B
330
1F
100
AcDbEntity
  8
A_WALL
100
AcDbLine
 10
299.8475045697703
 20
-153.6164708540427
 30
0.0
 11
299.8475045697703
 21
-158.7814708540427
 31
0.0
  0
LINE
  5
E48F
330
1F
100
AcDbEntity
  8
A_WALL
100
AcDbLine
 10
306.2325045697704
 20
-151.8014708540427
 30
0.0
 11
306.2325045697704
 21
-151.5614708540427
 31
0.0
  0
LINE
  5
E490
330
1F
100
AcDbEntity
  8
A_WALL
100
AcDbLine
 10
307.8325045697704
 20
-151.8014708540427
 30
0.0
 11
307.8325045697704
 21
-151.5614708540427
 31
0.0
  0
LINE
  5
E491
330
1F
100
AcDbEntity
  8
A_WALL
100
AcDbLine
 10
306.2325045697704
 20
-151.5614708540427
 30
0.0
 11
305.3825045697703
 21
-151.5614708540427
 31
0.0
  0
LINE
  5
E492
330
1F
100
AcDbEntity
  8
A_WALL
100
AcDbLine
 10
307.8325045697704
 20
-151.8014708540427
 30
0.0
 11
308.3075045697704
 21
-151.8014708540427
 31
0.0
  0
LINE
  5
E49E
330
1F
100
AcDbEntity
  8
A_WALL
100
AcDbLine
 10
309.0075045697704
 20
-150.5014708540427
 30
0.0
 11
309.0075045697704
 21
-150.2614708540426
 31
0.0
  0
LINE
  5
E49F
330
1F
100
AcDbEntity
  8
A_WALL
100
AcDbLine
 10
309.6075045697705
 20
-150.5014708540427
 30
0.0
 11
309.6075045697705
 21
-150.2614708540426
 31
0.0
  0
LINE
  5
E4A0
330
1F
100
AcDbEntity
  8
A_WALL
100
AcDbLine
 10
309.6075045697705
 20
-150.5014708540427
 30
0.0
 11
310.0875045697704
 21
-150.5014708540427
 31
0.0
  0
LINE
  5
E4A1
330
1F
100
AcDbEntity
  8
A_WALL
100
AcDbLine
 10
309.6075045697705
 20
-150.2614708540426
 30
0.0
 11
317.4575045697704
 21
-150.2614708540426
 31
0.0
  0
LINE
  5
E4AB
330
1F
100
AcDbEntity
  8
A_WALL
100
AcDbLine
 10
317.0875045697704
 20
-151.6114708540427
 30
0.0
 11
317.4575045697704
 21
-151.6114708540428
 31
0.0
  0
LINE
  5
E4AC
330
1F
100
AcDbEntity
  8
A_WALL
100
AcDbLine
 10
317.0875045697704
 20
-152.5014708540427
 30
0.0
 11
317.4575045697704
 21
-152.5014708540427
 31
0.0
  0
LINE
  5
E4AD
330
1F
100
AcDbEntity
  8
A_WALL
100
AcDbLine
 10
317.0875045697704
 20
-153.4514708540427
 30
0.0
 11
317.4575045697704
 21
-153.4514708540427
 31
0.0
  0
LINE
  5
E4AE
330
1F
100
AcDbEntity
  8
A_WALL
100
AcDbLine
 10
317.0875045697704
 20
-154.3414708540427
 30
0.0
 11
317.4575045697704
 21
-154.3414708540427
 31
0.0
  0
LINE
  5
E4AF
330
1F
100
AcDbEntity
  8
A_WALL
100
AcDbLine
 10
317.4575045697704
 20
-152.5014708540427
 30
0.0
 11
317.4575045697704
 21
-153.4514708540427
 31
0.0
  0
LINE
  5
E4B0
330
1F
100
AcDbEntity
  8
A_WALL
100
AcDbLine
 10
317.0875045697704
 20
-152.5014708540427
 30
0.0
 11
317.0875045697704
 21
-153.4514708540427
 31
0.0
  0
LINE
  5
E4B1
330
1F
100
AcDbEntity
  8
A_WALL
100
AcDbLine
 10
317.4575045697704
 20
-154.3414708540427
 30
0.0
 11
317.4575045697704
 21
-161.2014708540428
 31
0.0
  0
LINE
  5
E4B2
330
1F
100
AcDbEntity
  8
A_WALL
100
AcDbLine
 10
317.0875045697704
 20
-154.3414708540427
 30
0.0
 11
317.0875045697704
 21
-155.4514708540427
 31
0.0
  0
LINE
  5
E4C6
102
{ACAD_REACTORS
330
EB83
102
}
330
1F
100
AcDbEntity
  8
A_WALL
100
AcDbLine
 10
300.1275045697703
 20
-161.3614708540427
 30
0.0
 11
304.0675045697704
 21
-161.3614708540427
 31
0.0
  0
LINE
  5
E4C8
330
1F
100
AcDbEntity
  8
A_WALL
100
AcDbLine
 10
299.8475045697703
 20
-161.5914708540427
 30
0.0
 11
305.7575045697703
 21
-161.5914708540426
 31
0.0
  0
LINE
  5
E4CA
330
1F
100
AcDbEntity
  8
A_WALL
100
AcDbLine
 10
304.0675045697704
 20
-158.6614708540427
 30
0.0
 11
304.0675045697703
 21
-159.1314708540427
 31
0.0
  0
LINE
  5
E4CC
102
{ACAD_REACTORS
330
10116
102
}
330
1F
100
AcDbEntity
  8
A_WALL
100
AcDbLine
 10
304.0675045697704
 20
-158.6614708540427
 30
0.0
 11
304.2175045697704
 21
-158.6614708540427
 31
0.0
  0
LINE
  5
E4CE
102
{ACAD_REACTORS
330
100FE
102
}
330
1F
100
AcDbEntity
  8
A_WALL
100
AcDbLine
 10
304.2175045697704
 20
-158.9314708540427
 30
0.0
 11
304.2175045697704
 21
-159.1314708540427
 31
0.0
  0
LINE
  5
E4CF
102
{ACAD_REACTORS
330
EBE3
102
}
330
1F
100
AcDbEntity
  8
A_WALL
100
AcDbLine
 10
304.2175045697704
 20
-161.3614708540427
 30
0.0
 11
305.5575045697703
 21
-161.3614708540427
 31
0.0
  0
LINE
  5
E4D0
330
1F
100
AcDbEntity
  8
A_WALL
100
AcDbLine
 10
305.5575045697703
 20
-158.9314708540427
 30
0.0
 11
305.5575045697703
 21
-160.3714708540427
 31
0.0
  0
LINE
  5
E4D1
330
1F
100
AcDbEntity
  8
A_WALL
100
AcDbLine
 10
305.7575045697703
 20
-158.5814708540427
 30
0.0
 11
305.7575045697703
 21
-160.9614708540427
 31
0.0
  0
LINE
  5
E4D4
330
1F
100
AcDbEntity
  8
A_WALL
100
AcDbLine
 10
304.2175045697704
 20
-158.9314708540427
 30
0.0
 11
305.5575045697703
 21
-158.9314708540427
 31
0.0
  0
LINE
  5
E4D5
330
1F
100
AcDbEntity
  8
A_WALL
100
AcDbLine
 10
305.1575045697704
 20
-160.3714708540427
 30
0.0
 11
305.5575045697703
 21
-160.3714708540427
 31
0.0
  0
LINE
  5
E4D6
330
1F
100
AcDbEntity
  8
A_WALL
100
AcDbLine
 10
305.1575045697704
 20
-160.5214708540427
 30
0.0
 11
305.5575045697703
 21
-160.5214708540427
 31
0.0
  0
LINE
  5
E4D7
330
1F
100
AcDbEntity
  8
A_WALL
100
AcDbLine
 10
305.1575045697704
 20
-160.3714708540427
 30
0.0
 11
305.1575045697704
 21
-160.5214708540427
 31
0.0
  0
LINE
  5
E4D8
330
1F
100
AcDbEntity
  8
A_WALL
100
AcDbLine
 10
305.5575045697703
 20
-160.5214708540427
 30
0.0
 11
305.5575045697703
 21
-161.3614708540427
 31
0.0
  0
LINE
  5
E4DB
330
1F
100
AcDbEntity
  8
A_WALL
100
AcDbLine
 10
304.0675045697704
 20
-159.1314708540427
 30
0.0
 11
304.2175045697704
 21
-159.1314708540427
 31
0.0
  0
LINE
  5
E4DC
330
1F
100
AcDbEntity
  8
A_WALL
100
AcDbLine
 10
304.0675045697704
 20
-159.9314708540427
 30
0.0
 11
304.2175045697704
 21
-159.9314708540427
 31
0.0
  0
LINE
  5
E4DD
330
1F
100
AcDbEntity
  8
A_WALL
100
AcDbLine
 10
304.2175045697704
 20
-159.9314708540427
 30
0.0
 11
304.2175045697704
 21
-161.3614708540427
 31
0.0
  0
LINE
  5
E4DE
102
{ACAD_REACTORS
330
EB9B
102
}
330
1F
100
AcDbEntity
  8
A_WALL
100
AcDbLine
 10
304.0675045697704
 20
-159.9314708540427
 30
0.0
 11
304.0675045697704
 21
-161.3614708540427
 31
0.0
  0
LINE
  5
E4E9
330
1F
100
AcDbEntity
  8
A_WALL
100
AcDbLine
 10
300.1275045697703
 20
-159.7814708540427
 30
0.0
 11
299.8475045697702
 21
-159.7814708540427
 31
0.0
  0
LINE
  5
E4EA
330
1F
100
AcDbEntity
  8
A_WALL
100
AcDbLine
 10
300.1275045697703
 20
-158.7814708540427
 30
0.0
 11
299.8475045697703
 21
-158.7814708540427
 31
0.0
  0
LINE
  5
E4EB
330
1F
100
AcDbEntity
  8
A_WALL
100
AcDbLine
 10
299.8475045697703
 20
-159.7814708540427
 30
0.0
 11
299.8475045697703
 21
-161.5914708540427
 31
0.0
  0
LINE
  5
E4EC
330
1F
100
AcDbEntity
  8
A_WALL
100
AcDbLine
 10
300.1275045697703
 20
-159.7814708540427
 30
0.0
 11
300.1275045697703
 21
-161.3614708540427
 31
0.0
  0
LINE
  5
E508
330
1F
100
AcDbEntity
  8
A_WALL
100
AcDbLine
 10
307.4875045697703
 20
-158.3814708540427
 30
0.0
 11
307.4875045697704
 21
-158.5814708540427
 31
0.0
  0
LINE
  5
E509
330
1F
100
AcDbEntity
  8
A_WALL
100
AcDbLine
 10
306.6075045697704
 20
-158.3814708540427
 30
0.0
 11
306.6075045697704
 21
-158.5814708540427
 31
0.0
  0
LINE
  5
E50A
330
1F
100
AcDbEntity
  8
A_WALL
100
AcDbLine
 10
306.6075045697704
 20
-158.5814708540427
 30
0.0
 11
305.7575045697703
 21
-158.5814708540427
 31
0.0
  0
LINE
  5
E50B
330
1F
100
AcDbEntity
  8
A_WALL
100
AcDbLine
 10
306.6075045697704
 20
-158.3814708540427
 30
0.0
 11
304.2175045697713
 21
-158.3814708540427
 31
0.0
  0
LINE
  5
E50D
330
1F
100
AcDbEntity
  8
A_WALL
100
AcDbLine
 10
308.1875045697706
 20
-158.5814708540427
 30
0.0
 11
308.1875045697706
 21
-160.9614708540427
 31
0.0
  0
LINE
  5
E50E
330
1F
100
AcDbEntity
  8
A_WALL
100
AcDbLine
 10
308.3875045697704
 20
-158.9914708540427
 30
0.0
 11
308.3875045697708
 21
-160.9614708540426
 31
0.0
  0
LINE
  5
E50F
330
1F
100
AcDbEntity
  8
A_WALL
100
AcDbLine
 10
309.7675045697702
 20
-160.9614708540426
 30
0.0
 11
308.3875045697708
 21
-160.9614708540427
 31
0.0
  0
LINE
  5
E510
330
1F
100
AcDbEntity
  8
A_WALL
100
AcDbLine
 10
305.7575045697703
 20
-161.2014708540428
 30
0.0
 11
305.7575045697703
 21
-161.5914708540427
 31
0.0
  0
LINE
  5
E511
330
1F
100
AcDbEntity
  8
A_WALL
100
AcDbLine
 10
308.1875045697706
 20
-160.9614708540427
 30
0.0
 11
305.7575045697703
 21
-160.9614708540427
 31
0.0
  0
LINE
  5
E524
330
1F
100
AcDbEntity
  8
A_WINDOW
100
AcDbLine
 10
305.5275045697704
 20
-153.9214708540427
 30
0.0
 11
304.2375045697704
 21
-153.9214708540427
 31
0.0
  0
LINE
  5
E525
330
1F
100
AcDbEntity
  8
A_WINDOW
100
AcDbLine
 10
305.5275045697704
 20
-153.9014708540427
 30
0.0
 11
304.2375045697704
 21
-153.9014708540427
 31
0.0
  0
LINE
  5
E526
330
1F
100
AcDbEntity
  8
A_WALL
100
AcDbLine
 10
305.5275045697704
 20
-153.9414708540427
 30
0.0
 11
304.2375045697704
 21
-153.9414708540427
 31
0.0
  0
LINE
  5
E528
102
{ACAD_REACTORS
330
EC98
102
}
330
1F
100
AcDbEntity
  8
A_WALL
  6
HIDDEN
 62
     8
100
AcDbLine
 10
304.2375045697704
 20
-153.9014708540427
 30
0.0
 11
305.5275045697704
 21
-151.8014708540426
 31
0.0
  0
LINE
  5
E529
102
{ACAD_REACTORS
330
EC98
102
}
330
1F
100
AcDbEntity
  8
A_WALL
  6
HIDDEN
 62
     8
100
AcDbLine
 10
304.2375045697704
 20
-151.8014708540426
 30
0.0
 11
305.5275045697704
 21
-153.9014708540427
 31
0.0
  0
LINE
  5
E52B
330
1F
100
AcDbEntity
  8
A_WALL
100
AcDbLine
 10
304.3825045697704
 20
-151.8014708540426
 30
0.0
 11
304.3825045697704
 21
-151.5614708540427
 31
0.0
  0
LINE
  5
E52C
330
1F
100
AcDbEntity
  8
A_WALL
100
AcDbLine
 10
305.3825045697704
 20
-151.8014708540426
 30
0.0
 11
305.3825045697704
 21
-151.5614708540427
 31
0.0
  0
LINE
  5
E52D
330
1F
100
AcDbEntity
  8
A_WALL
100
AcDbLine
 10
304.3825045697704
 20
-151.8014708540427
 30
0.0
 11
304.2375045697704
 21
-151.8014708540426
 31
0.0
  0
LINE
  5
E52E
330
1F
100
AcDbEntity
  8
A_WALL
100
AcDbLine
 10
304.3825045697704
 20
-151.5614708540427
 30
0.0
 11
304.2375045697704
 21
-151.5614708540427
 31
0.0
  0
LINE
  5
E55C
102
{ACAD_REACTORS
330
EE57
102
}
330
1F
100
AcDbEntity
  8
A_WINDOW
100
AcDbLine
 10
304.3825045697704
 20
-151.8014708540427
 30
0.0
 11
305.3825045697704
 21
-151.8014708540426
 31
0.0
  0
LINE
  5
E55D
330
1F
100
AcDbEntity
  8
A_WINDOW
100
AcDbLine
 10
304.3825045697704
 20
-151.5614708540427
 30
0.0
 11
305.3825045697704
 21
-151.5614708540427
 31
0.0
  0
LINE
  5
E55E
330
1F
100
AcDbEntity
  8
A_WINDOW
100
AcDbLine
 10
305.3325045697704
 20
-151.8014708540426
 30
0.0
 11
305.3325045697704
 21
-151.5614708540427
 31
0.0
  0
LINE
  5
E55F
330
1F
100
AcDbEntity
  8
A_WINDOW
100
AcDbLine
 10
304.4325045697704
 20
-151.7514708540426
 30
0.0
 11
305.3325045697704
 21
-151.7514708540426
 31
0.0
  0
LINE
  5
E560
330
1F
100
AcDbEntity
  8
A_WINDOW
100
AcDbLine
 10
304.4325045697704
 20
-151.8014708540426
 30
0.0
 11
304.4325045697704
 21
-151.5614708540427
 31
0.0
  0
LINE
  5
E561
330
1F
100
AcDbEntity
  8
A_WINDOW
100
AcDbLine
 10
309.5575045697705
 20
-150.5014708540427
 30
0.0
 11
309.5575045697705
 21
-150.2614708540427
 31
0.0
  0
LINE
  5
E562
330
1F
100
AcDbEntity
  8
A_WINDOW
100
AcDbLine
 10
309.0575045697705
 20
-150.5014708540427
 30
0.0
 11
309.0575045697705
 21
-150.2614708540426
 31
0.0
  0
LINE
  5
E563
330
1F
100
AcDbEntity
  8
A_WINDOW
100
AcDbLine
 10
309.0075045697704
 20
-150.5014708540427
 30
0.0
 11
309.6075045697705
 21
-150.5014708540427
 31
0.0
  0
LINE
  5
E564
330
1F
100
AcDbEntity
  8
A_WINDOW
100
AcDbLine
 10
309.0575045697705
 20
-150.4514708540427
 30
0.0
 11
309.5575045697705
 21
-150.4514708540427
 31
0.0
  0
LINE
  5
E565
330
1F
100
AcDbEntity
  8
A_WINDOW
100
AcDbLine
 10
309.0075045697704
 20
-150.2614708540426
 30
0.0
 11
309.6075045697705
 21
-150.2614708540427
 31
0.0
  0
LINE
  5
E566
330
1F
100
AcDbEntity
  8
A_WINDOW
100
AcDbLine
 10
317.0875045697703
 20
-152.4514708540427
 30
0.0
 11
317.4575045697703
 21
-152.4514708540427
 31
0.0
  0
LINE
  5
E567
330
1F
100
AcDbEntity
  8
A_WINDOW
100
AcDbLine
 10
317.0875045697704
 20
-151.6614708540427
 30
0.0
 11
317.4575045697704
 21
-151.6614708540427
 31
0.0
  0
LINE
  5
E568
330
1F
100
AcDbEntity
  8
A_WINDOW
100
AcDbLine
 10
317.0875045697704
 20
-151.6114708540427
 30
0.0
 11
317.0875045697703
 21
-152.5014708540427
 31
0.0
  0
LINE
  5
E569
330
1F
100
AcDbEntity
  8
A_WINDOW
100
AcDbLine
 10
317.1375045697704
 20
-151.6614708540427
 30
0.0
 11
317.1375045697704
 21
-152.4514708540427
 31
0.0
  0
LINE
  5
E56A
330
1F
100
AcDbEntity
  8
A_WINDOW
100
AcDbLine
 10
317.4575045697704
 20
-151.6114708540427
 30
0.0
 11
317.4575045697702
 21
-152.5014708540427
 31
0.0
  0
LINE
  5
E56B
330
1F
100
AcDbEntity
  8
A_WINDOW
100
AcDbLine
 10
317.0875045697703
 20
-154.2914708540427
 30
0.0
 11
317.4575045697703
 21
-154.2914708540427
 31
0.0
  0
LINE
  5
E56C
330
1F
100
AcDbEntity
  8
A_WINDOW
100
AcDbLine
 10
317.0875045697704
 20
-153.5014708540427
 30
0.0
 11
317.4575045697704
 21
-153.5014708540427
 31
0.0
  0
LINE
  5
E56D
330
1F
100
AcDbEntity
  8
A_WINDOW
100
AcDbLine
 10
317.0875045697704
 20
-153.4514708540427
 30
0.0
 11
317.0875045697703
 21
-154.3414708540427
 31
0.0
  0
LINE
  5
E56E
330
1F
100
AcDbEntity
  8
A_WINDOW
100
AcDbLine
 10
317.1375045697704
 20
-153.5014708540427
 30
0.0
 11
317.1375045697704
 21
-154.2914708540427
 31
0.0
  0
LINE
  5
E56F
330
1F
100
AcDbEntity
  8
A_WINDOW
100
AcDbLine
 10
317.4575045697704
 20
-153.4514708540427
 30
0.0
 11
317.4575045697702
 21
-154.3414708540427
 31
0.0
  0
LINE
  5
E570
330
1F
100
AcDbEntity
  8
A_WINDOW
100
AcDbLine
 10
300.0875045697702
 20
-153.5664708540427
 30
0.0
 11
299.8475045697702
 21
-153.5664708540426
 31
0.0
  0
LINE
  5
E571
330
1F
100
AcDbEntity
  8
A_WINDOW
100
AcDbLine
 10
300.0875045697703
 20
-152.6664708540427
 30
0.0
 11
299.8475045697703
 21
-152.6664708540427
 31
0.0
  0
LINE
  5
E572
330
1F
100
AcDbEntity
  8
A_WINDOW
100
AcDbLine
 10
300.0875045697703
 20
-152.6164708540427
 30
0.0
 11
300.0875045697702
 21
-153.6164708540427
 31
0.0
  0
LINE
  5
E573
330
1F
100
AcDbEntity
  8
A_WINDOW
100
AcDbLine
 10
300.0375045697702
 20
-152.6664708540427
 30
0.0
 11
300.0375045697701
 21
-153.5664708540427
 31
0.0
  0
LINE
  5
E574
330
1F
100
AcDbEntity
  8
A_WINDOW
100
AcDbLine
 10
299.8475045697703
 20
-152.6164708540427
 30
0.0
 11
299.8475045697703
 21
-153.6164708540427
 31
0.0
  0
LINE
  5
E575
330
1F
100
AcDbEntity
  8
A_WINDOW
100
AcDbLine
 10
300.0875045697702
 20
-159.7314708540428
 30
0.0
 11
299.8475045697702
 21
-159.7314708540427
 31
0.0
  0
LINE
  5
E576
330
1F
100
AcDbEntity
  8
A_WINDOW
100
AcDbLine
 10
300.0875045697703
 20
-158.8314708540428
 30
0.0
 11
299.8475045697703
 21
-158.8314708540427
 31
0.0
  0
LINE
  5
E577
330
1F
100
AcDbEntity
  8
A_WINDOW
100
AcDbLine
 10
300.0875045697703
 20
-158.7814708540428
 30
0.0
 11
300.0875045697702
 21
-159.7814708540428
 31
0.0
  0
LINE
  5
E578
330
1F
100
AcDbEntity
  8
A_WINDOW
100
AcDbLine
 10
300.0375045697702
 20
-158.8314708540428
 30
0.0
 11
300.0375045697701
 21
-159.7314708540428
 31
0.0
  0
LINE
  5
E579
330
1F
100
AcDbEntity
  8
A_WINDOW
100
AcDbLine
 10
299.8475045697703
 20
-158.7814708540427
 30
0.0
 11
299.8475045697703
 21
-159.7814708540427
 31
0.0
  0
LINE
  5
E583
330
1F
100
AcDbEntity
  8
A_WINDOW
100
AcDbLine
 10
307.7825045697704
 20
-151.8014708540427
 30
0.0
 11
307.7825045697704
 21
-151.5614708540427
 31
0.0
  0
LINE
  5
E584
330
1F
100
AcDbEntity
  8
A_WINDOW
100
AcDbLine
 10
306.2825045697704
 20
-151.8014708540427
 30
0.0
 11
306.2825045697704
 21
-151.5614708540427
 31
0.0
  0
LINE
  5
E585
330
1F
100
AcDbEntity
  8
A_WINDOW
100
AcDbLine
 10
306.2325045697704
 20
-151.8014708540427
 30
0.0
 11
307.8325045697704
 21
-151.8014708540427
 31
0.0
  0
LINE
  5
E586
330
1F
100
AcDbEntity
  8
A_WINDOW
100
AcDbLine
 10
306.2825045697704
 20
-151.7514708540427
 30
0.0
 11
307.7825045697704
 21
-151.7514708540427
 31
0.0
  0
LINE
  5
E587
330
1F
100
AcDbEntity
  8
A_WINDOW
100
AcDbLine
 10
306.2325045697704
 20
-151.5614708540427
 30
0.0
 11
307.8325045697704
 21
-151.5614708540427
 31
0.0
  0
LINE
  5
E59B
330
1F
100
AcDbEntity
  8
A_WALL
100
AcDbLine
 10
303.9975045697703
 20
-154.5314708540427
 30
0.0
 11
303.6175045697704
 21
-154.5314708540427
 31
0.0
  0
LINE
  5
E59C
330
1F
100
AcDbEntity
  8
A_WALL
100
AcDbLine
 10
303.6175045697703
 20
-154.5314708540427
 30
0.0
 11
303.6175045697703
 21
-155.0614708540427
 31
0.0
  0
LINE
  5
E59D
330
1F
100
AcDbEntity
  8
A_WALL
100
AcDbLine
 10
303.9975045697703
 20
-151.7014708540427
 30
0.0
 11
303.6175045697703
 21
-151.7014708540427
 31
0.0
  0
LINE
  5
E59E
330
1F
100
AcDbEntity
  8
A_WALL
100
AcDbLine
 10
303.6175045697703
 20
-151.7014708540427
 30
0.0
 11
303.6175045697703
 21
-150.8014708540427
 31
0.0
  0
LINE
  5
E5C3
330
1F
100
AcDbEntity
  8
A_WALL
100
AcDbLine
 10
308.5275045697704
 20
-151.3014708540427
 30
0.0
 11
308.9275045697704
 21
-151.3014708540427
 31
0.0
  0
LINE
  5
E5C4
330
1F
100
AcDbEntity
  8
A_WALL
100
AcDbLine
 10
308.5275045697704
 20
-151.4514708540427
 30
0.0
 11
308.9275045697704
 21
-151.4514708540427
 31
0.0
  0
LINE
  5
E5C5
330
1F
100
AcDbEntity
  8
A_WALL
100
AcDbLine
 10
308.9275045697704
 20
-151.4514708540427
 30
0.0
 11
308.9275045697704
 21
-151.3014708540427
 31
0.0
  0
LINE
  5
E5C6
102
{ACAD_REACTORS
330
EC80
102
}
330
1F
100
AcDbEntity
  8
A_WALL
100
AcDbLine
 10
308.5275045697704
 20
-151.3014708540427
 30
0.0
 11
308.5275045697704
 21
-150.5014708540427
 31
0.0
  0
LINE
  5
E5EB
330
1F
100
AcDbEntity
  8
A_STAIR
100
AcDbLine
 10
306.9575045697704
 20
-155.3014708540427
 30
0.0
 11
306.9575045697704
 21
-152.9014708540426
 31
0.0
  0
LINE
  5
E5ED
330
1F
100
AcDbEntity
  8
A_STAIR
100
AcDbLine
 10
305.7575045697704
 20
-155.3014708540427
 30
0.0
 11
306.9075045697704
 21
-155.3014708540427
 31
0.0
  0
LINE
  5
E5EE
330
1F
100
AcDbEntity
  8
A_STAIR
100
AcDbLine
 10
307.1575045697704
 20
-155.3014708540427
 30
0.0
 11
308.3075045697704
 21
-155.3014708540427
 31
0.0
  0
LINE
  5
E5EF
330
1F
100
AcDbEntity
  8
A_STAIR
100
AcDbLine
 10
305.7575045697704
 20
-155.0014708540427
 30
0.0
 11
306.9075045697704
 21
-155.0014708540427
 31
0.0
  0
LINE
  5
E5F0
330
1F
100
AcDbEntity
  8
A_STAIR
100
AcDbLine
 10
305.7575045697704
 20
-154.7014708540427
 30
0.0
 11
306.9075045697704
 21
-154.7014708540427
 31
0.0
  0
LINE
  5
E5F1
330
1F
100
AcDbEntity
  8
A_STAIR
100
AcDbLine
 10
305.7575045697704
 20
-154.4014708540427
 30
0.0
 11
306.9075045697704
 21
-154.4014708540427
 31
0.0
  0
LINE
  5
E5F2
330
1F
100
AcDbEntity
  8
A_STAIR
100
AcDbLine
 10
305.7575045697704
 20
-154.1014708540426
 30
0.0
 11
306.9075045697704
 21
-154.1014708540426
 31
0.0
  0
LINE
  5
E5F3
330
1F
100
AcDbEntity
  8
A_STAIR
100
AcDbLine
 10
305.7575045697704
 20
-153.8014708540426
 30
0.0
 11
306.9075045697704
 21
-153.8014708540426
 31
0.0
  0
LINE
  5
E5F4
330
1F
100
AcDbEntity
  8
A_STAIR
100
AcDbLine
 10
305.7575045697704
 20
-153.5014708540426
 30
0.0
 11
306.9075045697704
 21
-153.5014708540426
 31
0.0
  0
LINE
  5
E5F5
330
1F
100
AcDbEntity
  8
A_STAIR
100
AcDbLine
 10
305.7575045697704
 20
-153.2014708540426
 30
0.0
 11
306.9075045697704
 21
-153.2014708540426
 31
0.0
  0
LINE
  5
E5F6
330
1F
100
AcDbEntity
  8
A_STAIR
100
AcDbLine
 10
305.7575045697704
 20
-152.9014708540426
 30
0.0
 11
306.9075045697704
 21
-152.9014708540426
 31
0.0
  0
LINE
  5
E5F7
102
{ACAD_REACTORS
330
ECB0
102
}
330
1F
100
AcDbEntity
  8
A_STAIR
100
AcDbLine
 10
305.7575045697704
 20
-151.8014708540427
 30
0.0
 11
306.9075045697704
 21
-152.8556375207093
 31
0.0
  0
LWPOLYLINE
  5
E5F8
330
1F
100
AcDbEntity
  8
A_STAIR
100
AcDbPolyline
 90
        4
 70
     0
 43
0.0
 10
306.9575045697704
 20
-155.3014708540427
 10
306.9575045697704
 20
-152.9014708540426
 10
307.1075045697704
 20
-152.9014708540426
 10
307.1075045697704
 20
-155.3014708540427
  0
LWPOLYLINE
  5
E5F9
330
1F
100
AcDbEntity
  8
A_STAIR
100
AcDbPolyline
 90
        4
 70
     1
 43
0.0
 10
306.9075045697704
 20
-155.3514708540427
 10
306.9075045697704
 20
-152.8514708540426
 10
307.1575045697704
 20
-152.8514708540426
 10
307.1575045697704
 20
-155.3514708540427
  0
LINE
  5
E5FA
330
1F
100
AcDbEntity
  8
A_STAIR
100
AcDbLine
 10
307.0325045697704
 20
-152.8514708540426
 30
0.0
 11
307.0325045697704
 21
-151.8014708540427
 31
0.0
  0
LINE
  5
E5FB
330
1F
100
AcDbEntity
  8
A_STAIR
100
AcDbLine
 10
307.1075045697704
 20
-152.9014708540426
 30
0.0
 11
307.1075045697704
 21
-155.3014708540427
 31
0.0
  0
LINE
  5
E5FD
330
1F
100
AcDbEntity
  8
A_STAIR
100
AcDbLine
 10
306.9575045697704
 20
-155.3014708540427
 30
0.0
 11
307.1075045697704
 21
-155.3014708540427
 31
0.0
  0
LINE
  5
E5FE
330
1F
100
AcDbEntity
  8
A_STAIR
100
AcDbLine
 10
308.3075045697703
 20
-155.3014708540427
 30
0.0
 11
307.1575045697704
 21
-155.3014708540427
 31
0.0
  0
LINE
  5
E5FF
330
1F
100
AcDbEntity
  8
A_STAIR
100
AcDbLine
 10
308.3075045697703
 20
-155.0014708540427
 30
0.0
 11
307.1575045697704
 21
-155.0014708540427
 31
0.0
  0
LINE
  5
E600
330
1F
100
AcDbEntity
  8
A_STAIR
100
AcDbLine
 10
308.3075045697703
 20
-154.7014708540427
 30
0.0
 11
307.1575045697704
 21
-154.7014708540427
 31
0.0
  0
LINE
  5
E601
330
1F
100
AcDbEntity
  8
A_STAIR
100
AcDbLine
 10
308.3075045697703
 20
-154.4014708540427
 30
0.0
 11
307.1575045697704
 21
-154.4014708540427
 31
0.0
  0
LINE
  5
E602
330
1F
100
AcDbEntity
  8
A_STAIR
100
AcDbLine
 10
308.3075045697703
 20
-154.1014708540426
 30
0.0
 11
307.1575045697704
 21
-154.1014708540426
 31
0.0
  0
LINE
  5
E603
330
1F
100
AcDbEntity
  8
A_STAIR
100
AcDbLine
 10
308.3075045697703
 20
-153.8014708540426
 30
0.0
 11
307.1575045697704
 21
-153.8014708540426
 31
0.0
  0
LINE
  5
E604
330
1F
100
AcDbEntity
  8
A_STAIR
100
AcDbLine
 10
308.3075045697703
 20
-153.5014708540426
 30
0.0
 11
307.1575045697704
 21
-153.5014708540426
 31
0.0
  0
LINE
  5
E605
330
1F
100
AcDbEntity
  8
A_STAIR
100
AcDbLine
 10
308.3075045697703
 20
-153.2014708540426
 30
0.0
 11
307.1575045697704
 21
-153.2014708540426
 31
0.0
  0
LINE
  5
E606
330
1F
100
AcDbEntity
  8
A_STAIR
100
AcDbLine
 10
308.3075045697703
 20
-152.9014708540426
 30
0.0
 11
307.1575045697704
 21
-152.9014708540426
 31
0.0
  0
LINE
  5
E607
330
1F
100
AcDbEntity
  8
A_STAIR
100
AcDbLine
 10
308.3075045697703
 20
-151.8014708540427
 30
0.0
 11
307.1575045697704
 21
-152.8556375207093
 31
0.0
  0
LWPOLYLINE
  5
E62C
330
1F
100
AcDbEntity
  8
A_STAIR
100
AcDbPolyline
 90
        6
 70
     0
 43
0.0
 10
307.4875045697704
 20
-158.6514708540427
 10
307.6975045697704
 20
-158.6514708540427
 10
307.6975045697704
 20
-159.7514708540427
 10
306.3975045697703
 20
-159.7514708540427
 10
306.3975045697703
 20
-158.6514708540427
 10
306.6075045697704
 20
-158.6514708540427
  0
LWPOLYLINE
  5
E62D
330
1F
100
AcDbEntity
  8
A_STAIR
100
AcDbPolyline
 90
        6
 70
     0
 43
0.0
 10
307.4875045697704
 20
-158.7014708540428
 10
307.6475045697704
 20
-158.7014708540428
 10
307.6475045697704
 20
-159.7014708540427
 10
306.4475045697703
 20
-159.7014708540427
 10
306.4475045697703
 20
-158.7014708540428
 10
306.6075045697704
 20
-158.7014708540428
  0
LINE
  5
E62E
330
1F
100
AcDbEntity
  8
A_STAIR
100
AcDbLine
 10
306.4475045697703
 20
-159.7014708540427
 30
0.0
 11
307.6475045697704
 21
-158.7014708540428
 31
0.0
  0
LWPOLYLINE
  5
E630
330
1F
100
AcDbEntity
  8
A_STAIR
100
AcDbPolyline
 90
        2
 70
     0
 43
0.0
 10
307.4875045697704
 20
-158.6514708540427
 10
307.4875045697704
 20
-158.7014708540428
  0
LWPOLYLINE
  5
E631
330
1F
100
AcDbEntity
  8
A_STAIR
100
AcDbPolyline
 90
        4
 70
     1
 43
0.0
 10
306.8575045697704
 20
-158.5914708540427
 10
306.8575045697704
 20
-158.6414708540427
 10
306.3575045697704
 20
-158.6414708540427
 10
306.3575045697704
 20
-158.5914708540427
  0
LINE
  5
E632
330
1F
100
AcDbEntity
  8
A_STAIR
100
AcDbLine
 10
306.6075045697704
 20
-158.6514708540427
 30
0.0
 11
306.6075045697704
 21
-158.7014708540428
 31
0.0
  0
LWPOLYLINE
  5
E633
330
1F
100
AcDbEntity
  8
A_STAIR
100
AcDbPolyline
 90
        4
 70
     1
 43
0.0
 10
307.2375045697703
 20
-158.5914708540427
 10
307.2375045697703
 20
-158.6414708540427
 10
307.7375045697703
 20
-158.6414708540427
 10
307.7375045697703
 20
-158.5914708540427
  0
LINE
  5
E634
330
1F
100
AcDbEntity
  8
A_STAIR
  6
HIDDEN
 48
0.5
100
AcDbLine
 10
306.6075045697704
 20
-158.3814708540427
 30
0.0
 11
307.4875045697703
 21
-158.3814708540425
 31
0.0
  0
LINE
  5
E63E
330
1F
100
AcDbEntity
  8
A_DOOR
  6
HIDDEN
 48
0.5
100
AcDbLine
 10
302.6175045697703
 20
-155.0614708540428
 30
0.0
 11
303.4675045697703
 21
-155.0614708540429
 31
0.0
  0
LINE
  5
E63F
330
1F
100
AcDbEntity
  8
A_DOOR
  6
HIDDEN
 48
0.5
100
AcDbLine
 10
302.6175045697705
 20
-155.3014708540427
 30
0.0
 11
303.4675045697704
 21
-155.3014708540427
 31
0.0
  0
LINE
  5
E640
330
1F
100
AcDbEntity
  8
A_DOOR
100
AcDbLine
 10
303.4675045697703
 20
-155.0614708540428
 30
0.0
 11
303.5175045697703
 21
-155.0614708540425
 31
0.0
  0
LINE
  5
E641
330
1F
100
AcDbEntity
  8
A_DOOR
100
AcDbLine
 10
303.4675045697703
 20
-155.3014708540428
 30
0.0
 11
303.5175045697703
 21
-155.3014708540428
 31
0.0
  0
LINE
  5
E642
330
1F
100
AcDbEntity
  8
A_WALL
100
AcDbLine
 10
303.5175045697703
 20
-155.0614708540425
 30
0.0
 11
303.5175045697703
 21
-155.0614708540425
 31
0.0
  0
LINE
  5
E643
330
1F
100
AcDbEntity
  8
A_WALL
100
AcDbLine
 10
303.9975045697703
 20
-154.5314708540427
 30
0.0
 11
303.9975045697703
 21
-155.0614708540425
 31
0.0
  0
LINE
  5
E644
102
{ACAD_REACTORS
330
EB3B
102
}
330
1F
100
AcDbEntity
  8
A_WALL
100
AcDbLine
 10
303.9975045697703
 20
-151.8014708540427
 30
0.0
 11
303.9975045697703
 21
-154.4314708540427
 31
0.0
  0
LINE
  5
E645
330
1F
100
AcDbEntity
  8
A_WALL
100
AcDbLine
 10
303.5175045697703
 20
-150.8014708540427
 30
0.0
 11
300.0875045697703
 21
-150.8014708540427
 31
0.0
  0
LINE
  5
E661
330
1F
100
AcDbEntity
  8
A_WALL
100
AcDbLine
 10
338.2034869028921
 20
-155.6608867920203
 30
0.0
 11
338.2034869028921
 21
-151.8014708540427
 31
0.0
  0
LINE
  5
E662
330
1F
100
AcDbEntity
  8
A_STAIR
100
AcDbLine
 10
339.4034869028921
 20
-155.9014708540427
 30
0.0
 11
339.4034869028921
 21
-155.9008867920203
 31
0.0
  0
LINE
  5
E663
330
1F
100
AcDbEntity
  8
A_STAIR
100
AcDbLine
 10
339.4784869028921
 20
-152.8514708540426
 30
0.0
 11
339.4784869028921
 21
-151.8014708540427
 31
0.0
  0
LINE
  5
E664
330
1F
100
AcDbEntity
  8
A_WALL
100
AcDbLine
 10
338.2034869028921
 20
-151.8014708540427
 30
0.0
 11
338.6784869028921
 21
-151.8014708540427
 31
0.0
  0
LINE
  5
E665
330
1F
100
AcDbEntity
  8
A_WALL
100
AcDbLine
 10
340.2784869028921
 20
-151.8014708540427
 30
0.0
 11
340.7534869028921
 21
-151.8014708540427
 31
0.0
  0
LINE
  5
E667
102
{ACAD_REACTORS
330
FFE5
330
FFFD
102
}
330
1F
100
AcDbEntity
  8
A_WALL
100
AcDbLine
 10
340.7534869028921
 20
-151.8014708540427
 30
0.0
 11
340.7534869028921
 21
-155.9014708540427
 31
0.0
  0
LINE
  5
E668
102
{ACAD_REACTORS
330
F108
102
}
330
1F
100
AcDbEntity
  8
A_STAIR
100
AcDbLine
 10
339.5534869028921
 20
-152.9014708540426
 30
0.0
 11
339.5534869028921
 21
-155.9014708540427
 31
0.0
  0
LINE
  5
E669
102
{ACAD_REACTORS
330
F120
102
}
330
1F
100
AcDbEntity
  8
A_WALL
100
AcDbLine
 10
340.7534869028921
 20
-155.9014708540427
 30
0.0
 11
341.3434869028922
 21
-155.9014708540427
 31
0.0
  0
LINE
  5
E66A
330
1F
100
AcDbEntity
  8
A_WALL
100
AcDbLine
 10
340.9934869028921
 20
-155.7176470447585
 30
0.0
 11
340.9934869028921
 21
-153.5514708540427
 31
0.0
  0
LINE
  5
E67A
330
1F
100
AcDbEntity
  8
A_WALL
100
AcDbLine
 10
340.9534869028918
 20
-157.5814708540427
 30
0.0
 11
340.9534869028923
 21
-161.3514708540427
 31
0.0
  0
LINE
  5
E67B
330
1F
100
AcDbEntity
  8
A_WALL
100
AcDbLine
 10
340.7534869028921
 20
-157.3414708540427
 30
0.0
 11
340.7534869028921
 21
-158.3814708540426
 31
0.0
  0
LINE
  5
E68A
330
1F
100
AcDbEntity
  8
A_WALL
100
AcDbLine
 10
337.9734869028921
 20
-151.8014708540426
 30
0.0
 11
336.4434869028921
 21
-151.8014708540426
 31
0.0
  0
LINE
  5
E690
330
1F
100
AcDbEntity
  8
A_WALL
100
AcDbLine
 10
336.4434869028921
 20
-150.8014708540427
 30
0.0
 11
336.4434869028921
 21
-151.8014708540426
 31
0.0
  0
LINE
  5
E6B9
330
1F
100
AcDbEntity
  8
A_WALL
100
AcDbLine
 10
348.577607399918
 20
-152.4214708540427
 30
0.0
 11
348.827607399918
 21
-152.4214708540427
 31
0.0
  0
LINE
  5
E6BA
330
1F
100
AcDbEntity
  8
A_WALL
100
AcDbLine
 10
348.577607399918
 20
-153.3114708540427
 30
0.0
 11
348.827607399918
 21
-153.3114708540427
 31
0.0
  0
LINE
  5
E6BB
330
1F
100
AcDbEntity
  8
A_WALL
100
AcDbLine
 10
348.577607399918
 20
-154.2614708540427
 30
0.0
 11
348.827607399918
 21
-154.2614708540427
 31
0.0
  0
LINE
  5
E6BC
330
1F
100
AcDbEntity
  8
A_WALL
100
AcDbLine
 10
348.577607399918
 20
-155.1514708540427
 30
0.0
 11
348.827607399918
 21
-155.1514708540427
 31
0.0
  0
LINE
  5
E6BE
330
1F
100
AcDbEntity
  8
A_WALL
100
AcDbLine
 10
348.577607399918
 20
-153.3114708540427
 30
0.0
 11
348.577607399918
 21
-154.2614708540427
 31
0.0
  0
LINE
  5
E6C3
330
1F
100
AcDbEntity
  8
A_WALL
100
AcDbLine
 10
348.827607399918
 20
-151.5614708540427
 30
0.0
 11
348.827607399918
 21
-152.4214708540427
 31
0.0
  0
LINE
  5
E6C4
330
1F
100
AcDbEntity
  8
A_WALL
100
AcDbLine
 10
348.827607399918
 20
-153.3114708540427
 30
0.0
 11
348.827607399918
 21
-154.2614708540427
 31
0.0
  0
LINE
  5
E6C5
330
1F
100
AcDbEntity
  8
A_WALL
100
AcDbLine
 10
349.9034869028921
 20
-157.2114708540427
 30
0.0
 11
349.9034869028921
 21
-158.5514708540427
 31
0.0
  0
LINE
  5
E6E3
330
1F
100
AcDbEntity
  8
A_WALL
100
AcDbLine
 10
348.827607399918
 20
-151.5614708540427
 30
0.0
 11
347.457607399918
 21
-151.5614708540427
 31
0.0
  0
LINE
  5
E6E4
330
1F
100
AcDbEntity
  8
A_WALL
100
AcDbLine
 10
338.6784869028921
 20
-151.5614708540427
 30
0.0
 11
336.6834869028921
 21
-151.5614708540427
 31
0.0
  0
LINE
  5
E6F0
330
1F
100
AcDbEntity
  8
A_WALL
100
AcDbLine
 10
336.4434869028921
 20
-150.8014708540427
 30
0.0
 11
332.533486902892
 21
-150.8014708540427
 31
0.0
  0
LINE
  5
E6F1
330
1F
100
AcDbEntity
  8
A_WALL
100
AcDbLine
 10
336.6834869028921
 20
-150.5614708540427
 30
0.0
 11
332.293486902892
 21
-150.5614708540427
 31
0.0
  0
LINE
  5
E6FC
330
1F
100
AcDbEntity
  8
A_WALL
100
AcDbLine
 10
332.533486902892
 20
-150.8014708540427
 30
0.0
 11
332.533486902892
 21
-161.3514708540427
 31
0.0
  0
LINE
  5
E6FE
330
1F
100
AcDbEntity
  8
A_WALL
100
AcDbLine
 10
332.293486902892
 20
-150.5614708540427
 30
0.0
 11
332.293486902892
 21
-161.5914708540427
 31
0.0
  0
LINE
  5
E70C
330
1F
100
AcDbEntity
  8
A_WALL
100
AcDbLine
 10
336.6834869028921
 20
-151.5614708540427
 30
0.0
 11
336.6834869028921
 21
-150.5614708540427
 31
0.0
  0
LINE
  5
E717
330
1F
100
AcDbEntity
  8
A_WALL
100
AcDbLine
 10
340.2784869028921
 20
-151.8014708540427
 30
0.0
 11
340.2784869028922
 21
-151.5614708540427
 31
0.0
  0
LINE
  5
E718
330
1F
100
AcDbEntity
  8
A_WALL
100
AcDbLine
 10
338.6784869028921
 20
-151.8014708540427
 30
0.0
 11
338.6784869028921
 21
-151.5614708540427
 31
0.0
  0
LINE
  5
E71B
330
1F
100
AcDbEntity
  8
A_WALL
100
AcDbLine
 10
332.533486902892
 20
-161.3514708540427
 30
0.0
 11
338.0034869028921
 21
-161.3514708540427
 31
0.0
  0
LINE
  5
E720
330
1F
100
AcDbEntity
  8
A_WALL
100
AcDbLine
 10
332.293486902892
 20
-161.5914708540427
 30
0.0
 11
349.9034869028922
 21
-161.5914708540427
 31
0.0
  0
LINE
  5
E738
330
1F
100
AcDbEntity
  8
A_WINDOW
100
AcDbLine
 10
348.5776073999179
 20
-153.2614708540427
 30
0.0
 11
348.8276073999178
 21
-153.2614708540426
 31
0.0
  0
LINE
  5
E739
330
1F
100
AcDbEntity
  8
A_WINDOW
100
AcDbLine
 10
348.577607399918
 20
-152.4714708540427
 30
0.0
 11
348.827607399918
 21
-152.4714708540427
 31
0.0
  0
LINE
  5
E73A
330
1F
100
AcDbEntity
  8
A_WINDOW
100
AcDbLine
 10
348.577607399918
 20
-152.4214708540427
 30
0.0
 11
348.5776073999179
 21
-153.3114708540427
 31
0.0
  0
LINE
  5
E73B
330
1F
100
AcDbEntity
  8
A_WINDOW
100
AcDbLine
 10
348.627607399918
 20
-152.4714708540427
 30
0.0
 11
348.627607399918
 21
-153.2614708540427
 31
0.0
  0
LINE
  5
E73C
330
1F
100
AcDbEntity
  8
A_WINDOW
100
AcDbLine
 10
348.827607399918
 20
-152.4214708540427
 30
0.0
 11
348.8276073999178
 21
-153.3114708540427
 31
0.0
  0
LINE
  5
E73D
330
1F
100
AcDbEntity
  8
A_WINDOW
100
AcDbLine
 10
348.5776073999179
 20
-155.1014708540427
 30
0.0
 11
348.8276073999178
 21
-155.1014708540426
 31
0.0
  0
LINE
  5
E73E
330
1F
100
AcDbEntity
  8
A_WINDOW
100
AcDbLine
 10
348.577607399918
 20
-154.3114708540427
 30
0.0
 11
348.827607399918
 21
-154.3114708540427
 31
0.0
  0
LINE
  5
E73F
330
1F
100
AcDbEntity
  8
A_WINDOW
100
AcDbLine
 10
348.577607399918
 20
-154.2614708540427
 30
0.0
 11
348.5776073999179
 21
-155.1514708540427
 31
0.0
  0
LINE
  5
E740
330
1F
100
AcDbEntity
  8
A_WINDOW
100
AcDbLine
 10
348.627607399918
 20
-154.3114708540427
 30
0.0
 11
348.627607399918
 21
-155.1014708540427
 31
0.0
  0
LINE
  5
E741
330
1F
100
AcDbEntity
  8
A_WINDOW
100
AcDbLine
 10
348.827607399918
 20
-154.2614708540427
 30
0.0
 11
348.8276073999178
 21
-155.1514708540427
 31
0.0
  0
LINE
  5
E74C
330
1F
100
AcDbEntity
  8
A_WINDOW
100
AcDbLine
 10
340.2284869028921
 20
-151.8014708540427
 30
0.0
 11
340.2284869028921
 21
-151.5614708540427
 31
0.0
  0
LINE
  5
E74D
330
1F
100
AcDbEntity
  8
A_WINDOW
100
AcDbLine
 10
338.7284869028921
 20
-151.8014708540427
 30
0.0
 11
338.7284869028921
 21
-151.5614708540427
 31
0.0
  0
LINE
  5
E74E
330
1F
100
AcDbEntity
  8
A_WINDOW
100
AcDbLine
 10
338.6784869028921
 20
-151.8014708540427
 30
0.0
 11
340.2784869028922
 21
-151.8014708540427
 31
0.0
  0
LINE
  5
E74F
330
1F
100
AcDbEntity
  8
A_WINDOW
100
AcDbLine
 10
338.7284869028921
 20
-151.7514708540427
 30
0.0
 11
340.2284869028921
 21
-151.7514708540427
 31
0.0
  0
LINE
  5
E750
330
1F
100
AcDbEntity
  8
A_WINDOW
100
AcDbLine
 10
338.6784869028921
 20
-151.5614708540427
 30
0.0
 11
340.2784869028922
 21
-151.5614708540427
 31
0.0
  0
LINE
  5
E751
330
1F
100
AcDbEntity
  8
A_STAIR
100
AcDbLine
 10
338.2034869028921
 20
-155.3014708540427
 30
0.0
 11
339.3534869028921
 21
-155.3014708540427
 31
0.0
  0
LINE
  5
E752
330
1F
100
AcDbEntity
  8
A_STAIR
100
AcDbLine
 10
338.2034869028921
 20
-155.0014708540427
 30
0.0
 11
339.3534869028921
 21
-155.0014708540427
 31
0.0
  0
LINE
  5
E753
330
1F
100
AcDbEntity
  8
A_STAIR
100
AcDbLine
 10
338.2034869028921
 20
-154.7014708540427
 30
0.0
 11
339.3534869028921
 21
-154.7014708540427
 31
0.0
  0
LINE
  5
E754
330
1F
100
AcDbEntity
  8
A_STAIR
100
AcDbLine
 10
338.2034869028921
 20
-154.4014708540427
 30
0.0
 11
339.3534869028921
 21
-154.4014708540427
 31
0.0
  0
LINE
  5
E755
330
1F
100
AcDbEntity
  8
A_STAIR
100
AcDbLine
 10
338.2034869028921
 20
-154.1014708540426
 30
0.0
 11
339.3534869028921
 21
-154.1014708540426
 31
0.0
  0
LINE
  5
E756
330
1F
100
AcDbEntity
  8
A_STAIR
100
AcDbLine
 10
338.2034869028921
 20
-153.8014708540426
 30
0.0
 11
339.3534869028921
 21
-153.8014708540426
 31
0.0
  0
LINE
  5
E757
330
1F
100
AcDbEntity
  8
A_STAIR
100
AcDbLine
 10
338.2034869028921
 20
-153.5014708540426
 30
0.0
 11
339.3534869028921
 21
-153.5014708540426
 31
0.0
  0
LINE
  5
E758
330
1F
100
AcDbEntity
  8
A_STAIR
100
AcDbLine
 10
338.2034869028921
 20
-153.2014708540426
 30
0.0
 11
339.3534869028921
 21
-153.2014708540426
 31
0.0
  0
LINE
  5
E759
330
1F
100
AcDbEntity
  8
A_STAIR
100
AcDbLine
 10
338.2034869028921
 20
-152.9014708540426
 30
0.0
 11
339.3534869028921
 21
-152.9014708540426
 31
0.0
  0
LINE
  5
E75B
102
{ACAD_REACTORS
330
FFFD
102
}
330
1F
100
AcDbEntity
  8
A_STAIR
100
AcDbLine
 10
338.2034869028921
 20
-151.8014708540427
 30
0.0
 11
339.3534869028921
 21
-152.8556375207093
 31
0.0
  0
LWPOLYLINE
  5
E75C
330
1F
100
AcDbEntity
  8
A_STAIR
100
AcDbPolyline
 90
        2
 70
     0
 43
0.0
 10
339.4034869028921
 20
-155.9014708540427
 10
339.4034869028921
 20
-155.9008867920203
  0
LWPOLYLINE
  5
E75D
330
1F
100
AcDbEntity
  8
A_STAIR
100
AcDbPolyline
 90
        5
 70
     0
 43
0.0
 10
339.3534869028921
 20
-155.6608867920203
 10
339.3534869028921
 20
-152.8514708540426
 10
339.6034869028921
 20
-152.8514708540426
 10
339.6034869028921
 20
-155.9514708540427
 10
339.5534869028921
 20
-155.9514708540427
  0
LINE
  5
E75F
330
1F
100
AcDbEntity
  8
A_STAIR
100
AcDbLine
 10
340.7534869028921
 20
-155.3014708540427
 30
0.0
 11
339.6034869028921
 21
-155.3014708540427
 31
0.0
  0
LINE
  5
E760
330
1F
100
AcDbEntity
  8
A_STAIR
100
AcDbLine
 10
340.7534869028921
 20
-155.0014708540427
 30
0.0
 11
339.6034869028921
 21
-155.0014708540427
 31
0.0
  0
LINE
  5
E761
330
1F
100
AcDbEntity
  8
A_STAIR
100
AcDbLine
 10
340.7534869028921
 20
-154.7014708540427
 30
0.0
 11
339.6034869028921
 21
-154.7014708540427
 31
0.0
  0
LINE
  5
E762
330
1F
100
AcDbEntity
  8
A_STAIR
100
AcDbLine
 10
340.7534869028921
 20
-154.4014708540427
 30
0.0
 11
339.6034869028921
 21
-154.4014708540427
 31
0.0
  0
LINE
  5
E763
330
1F
100
AcDbEntity
  8
A_STAIR
100
AcDbLine
 10
340.7534869028921
 20
-154.1014708540426
 30
0.0
 11
339.6034869028921
 21
-154.1014708540426
 31
0.0
  0
LINE
  5
E764
330
1F
100
AcDbEntity
  8
A_STAIR
100
AcDbLine
 10
340.7534869028921
 20
-153.8014708540426
 30
0.0
 11
339.6034869028921
 21
-153.8014708540426
 31
0.0
  0
LINE
  5
E765
330
1F
100
AcDbEntity
  8
A_STAIR
100
AcDbLine
 10
340.7534869028921
 20
-153.5014708540426
 30
0.0
 11
339.6034869028921
 21
-153.5014708540426
 31
0.0
  0
LINE
  5
E766
330
1F
100
AcDbEntity
  8
A_STAIR
100
AcDbLine
 10
340.7534869028921
 20
-153.2014708540426
 30
0.0
 11
339.6034869028921
 21
-153.2014708540426
 31
0.0
  0
LINE
  5
E767
330
1F
100
AcDbEntity
  8
A_STAIR
100
AcDbLine
 10
340.7534869028921
 20
-152.9014708540426
 30
0.0
 11
339.6034869028921
 21
-152.9014708540426
 31
0.0
  0
LINE
  5
E768
102
{ACAD_REACTORS
330
FFE5
102
}
330
1F
100
AcDbEntity
  8
A_STAIR
100
AcDbLine
 10
340.7534869028921
 20
-151.8014708540427
 30
0.0
 11
339.6034869028921
 21
-152.8556375207093
 31
0.0
  0
LINE
  5
E777
330
1F
100
AcDbEntity
  8
A_STAIR
100
AcDbLine
 10
340.7534869028921
 20
-155.6014708540427
 30
0.0
 11
339.6034869028921
 21
-155.6014708540427
 31
0.0
  0
LINE
  5
E778
330
1F
100
AcDbEntity
  8
A_STAIR
100
AcDbLine
 10
340.7534869028921
 20
-155.9014708540427
 30
0.0
 11
339.6034869028921
 21
-155.9014708540427
 31
0.0
  0
ARC
  5
E780
102
{ACAD_REACTORS
330
F13C
102
}
330
1F
100
AcDbEntity
  8
A_STAIR
100
AcDbCircle
 10
339.6034869028921
 20
-155.9014708540427
 30
0.0
 40
1.149999999999977
100
AcDbArc
 50
345.2196056953908
 51
0.0
  0
LWPOLYLINE
  5
E782
330
1F
100
AcDbEntity
  8
A_STAIR
100
AcDbPolyline
 90
        3
 70
     0
 43
0.0
 10
339.5534869028921
 20
-155.9514708540427
 10
339.5534869028921
 20
-155.9927752018688
 10
340.7154342555426
 20
-156.1948530023298
  0
LWPOLYLINE
  5
E783
102
{ACAD_REACTORS
330
F108
102
}
330
1F
100
AcDbEntity
  8
A_WALL
100
AcDbPolyline
 90
        3
 70
     0
 43
0.0
 10
339.5534869028921
 20
-155.9008867920203
 10
337.9734869028921
 20
-155.9008867920203
 10
337.9734869028921
 20
-151.8014708540426
  0
LWPOLYLINE
  5
E785
330
1F
100
AcDbEntity
  8
A_STAIR
100
AcDbPolyline
 90
        4
 70
     0
 43
0.0
 10
339.4034869028921
 20
-155.6608867920203
 10
339.4034869028921
 20
-152.9014708540426
 10
339.5534869028921
 20
-152.9014708540426
 10
339.5534869028921
 20
-155.9514708540427
  0
LINE
  5
E786
330
1F
100
AcDbEntity
  8
A_STAIR
100
AcDbLine
 10
339.4034869028921
 20
-155.6608867920203
 30
0.0
 11
339.4034869028921
 21
-152.9014708540426
 31
0.0
  0
LINE
  5
E787
330
1F
100
AcDbEntity
  8
A_WALL
100
AcDbLine
 10
339.5534869028921
 20
-155.6608867920203
 30
0.0
 11
339.5534869028921
 21
-155.9008867920203
 31
0.0
  0
LINE
  5
E788
330
1F
100
AcDbEntity
  8
A_WALL
100
AcDbLine
 10
339.5534869028921
 20
-155.6608867920203
 30
0.0
 11
338.2034869028921
 21
-155.6608867920203
 31
0.0
  0
LINE
  5
E795
102
{ACAD_REACTORS
330
F13C
102
}
330
1F
100
AcDbEntity
  8
A_WALL
100
AcDbLine
 10
341.3434869028922
 20
-155.9014708540427
 30
0.0
 11
341.3434869028922
 21
-156.1014708540427
 31
0.0
  0
LINE
  5
E797
330
1F
100
AcDbEntity
  8
A_WALL
100
AcDbLine
 10
340.7534869028921
 20
-157.3414708540427
 30
0.0
 11
341.3434869028922
 21
-157.3414708540427
 31
0.0
  0
LINE
  5
E798
330
1F
100
AcDbEntity
  8
A_WALL
100
AcDbLine
 10
340.9534869028918
 20
-157.5814708540427
 30
0.0
 11
343.3134869028921
 21
-157.5814708540427
 31
0.0
  0
LINE
  5
E799
102
{ACAD_REACTORS
330
F0E7
102
}
330
1F
100
AcDbEntity
  8
A_WALL
100
AcDbLine
 10
341.6234869028921
 20
-155.9014708540427
 30
0.0
 11
341.6234869028921
 21
-156.1014708540427
 31
0.0
  0
LINE
  5
E7A3
102
{ACAD_REACTORS
330
10015
102
}
330
1F
100
AcDbEntity
  8
A_WALL
100
AcDbLine
 10
343.2834869028922
 20
-151.8014708540427
 30
0.0
 11
343.2834869028921
 21
-153.4014708540427
 31
0.0
  0
LINE
  5
E7A4
330
1F
100
AcDbEntity
  8
A_WALL
100
AcDbLine
 10
343.5534869028922
 20
-155.7964708540427
 30
0.0
 11
343.5534869028922
 21
-156.1014708540426
 31
0.0
  0
LINE
  5
E7B7
330
1F
100
AcDbEntity
  8
A_WALL
100
AcDbLine
 10
341.6234869028921
 20
-155.9014708540427
 30
0.0
 11
341.9234869028922
 21
-155.9014708540427
 31
0.0
  0
LINE
  5
E7B8
102
{ACAD_REACTORS
330
F0CF
102
}
330
1F
100
AcDbEntity
  8
A_WALL
100
AcDbLine
 10
341.6234869028921
 20
-157.3414708540427
 30
0.0
 11
343.2834869028922
 21
-157.3414708540427
 31
0.0
  0
LINE
  5
E7C5
102
{ACAD_REACTORS
330
F096
102
}
330
1F
100
AcDbEntity
  8
A_WALL
100
AcDbLine
 10
343.2534869028922
 20
-157.0914708540427
 30
0.0
 11
343.5834869028922
 21
-157.0914708540427
 31
0.0
  0
LINE
  5
E7C6
330
1F
100
AcDbEntity
  8
A_WALL
100
AcDbLine
 10
343.2534869028922
 20
-156.1514708540427
 30
0.0
 11
343.5834869028922
 21
-156.1514708540427
 31
0.0
  0
LINE
  5
E7C7
330
1F
100
AcDbEntity
  8
A_WALL
100
AcDbLine
 10
343.5534869028921
 20
-157.1414708540427
 30
0.0
 11
343.5534869028921
 21
-157.5814708540427
 31
0.0
  0
LINE
  5
E7C8
330
1F
100
AcDbEntity
  8
A_WALL
100
AcDbLine
 10
343.2834869028922
 20
-157.1414708540427
 30
0.0
 11
343.2834869028922
 21
-157.3414708540427
 31
0.0
  0
LINE
  5
E7C9
330
1F
100
AcDbEntity
  8
A_WALL
100
AcDbLine
 10
343.2834869028922
 20
-156.1014708540427
 30
0.0
 11
343.5834869028922
 21
-156.1014708540427
 31
0.0
  0
LWPOLYLINE
  5
E7CA
330
1F
100
AcDbEntity
  8
A_DOOR
100
AcDbPolyline
 90
        4
 70
     1
 43
0.0
 10
343.2534869028922
 20
-156.1014708540427
 10
343.5834869028922
 20
-156.1014708540427
 10
343.5834869028922
 20
-156.1514708540427
 10
343.2534869028922
 20
-156.1514708540427
  0
LWPOLYLINE
  5
E7CB
330
1F
100
AcDbEntity
  8
A_DOOR
100
AcDbPolyline
 90
        4
 70
     1
 43
0.0
 10
343.2534869028922
 20
-157.0914708540427
 10
343.5834869028922
 20
-157.0914708540427
 10
343.5834869028922
 20
-157.1414708540427
 10
343.2534869028922
 20
-157.1414708540427
  0
LINE
  5
E7D0
102
{ACAD_REACTORS
330
EFAD
102
}
330
1F
100
AcDbEntity
  8
A_WALL
100
AcDbLine
 10
343.5534869028921
 20
-157.5814708540427
 30
0.0
 11
343.5534869028921
 21
-159.3914708540427
 31
0.0
  0
LINE
  5
E7D1
102
{ACAD_REACTORS
330
F096
102
}
330
1F
100
AcDbEntity
  8
A_WALL
100
AcDbLine
 10
343.5534869028921
 20
-159.3914708540427
 30
0.0
 11
342.6134869028921
 21
-159.3914708540427
 31
0.0
  0
LINE
  5
E7D2
102
{ACAD_REACTORS
330
EF7D
330
EF95
102
}
330
1F
100
AcDbEntity
  8
A_WALL
100
AcDbLine
 10
342.6134869028921
 20
-159.3914708540427
 30
0.0
 11
342.6134869028921
 21
-161.3514708540427
 31
0.0
  0
LINE
  5
E7F2
330
1F
100
AcDbEntity
  8
A_WALL
100
AcDbLine
 10
341.6234869028922
 20
-157.1414708540427
 30
0.0
 11
341.6234869028921
 21
-157.3414708540427
 31
0.0
  0
LINE
  5
E7F3
330
1F
100
AcDbEntity
  8
A_WALL
100
AcDbLine
 10
341.3434869028922
 20
-157.1414708540427
 30
0.0
 11
341.3434869028922
 21
-157.3414708540427
 31
0.0
  0
LWPOLYLINE
  5
E7F4
330
1F
100
AcDbEntity
  8
A_DOOR
100
AcDbPolyline
 90
        4
 70
     1
 43
0.0
 10
341.3434869028922
 20
-156.1014708540427
 10
341.6234869028922
 20
-156.1014708540427
 10
341.6234869028922
 20
-156.1514708540427
 10
341.3434869028922
 20
-156.1514708540427
  0
LWPOLYLINE
  5
E7F5
330
1F
100
AcDbEntity
  8
A_DOOR
100
AcDbPolyline
 90
        4
 70
     1
 43
0.0
 10
341.3434869028922
 20
-157.0914708540427
 10
341.6234869028922
 20
-157.0914708540427
 10
341.6234869028922
 20
-157.1414708540427
 10
341.3434869028922
 20
-157.1414708540427
  0
LINE
  5
E7F6
330
1F
100
AcDbEntity
  8
A_DOOR
  6
HIDDEN
 48
0.5
100
AcDbLine
 10
341.3434869028922
 20
-156.1514708540427
 30
0.0
 11
341.3434869028922
 21
-157.0914708540427
 31
0.0
  0
LINE
  5
E7F7
330
1F
100
AcDbEntity
  8
A_DOOR
  6
HIDDEN
 48
0.5
100
AcDbLine
 10
341.6234869028922
 20
-156.1514708540427
 30
0.0
 11
341.6234869028922
 21
-157.0914708540427
 31
0.0
  0
LINE
  5
E7F8
330
1F
100
AcDbEntity
  8
A_DOOR
  6
HIDDEN
 48
0.5
100
AcDbLine
 10
343.2534869028922
 20
-156.1514708540427
 30
0.0
 11
343.2534869028922
 21
-157.0914708540427
 31
0.0
  0
LINE
  5
E7F9
102
{ACAD_REACTORS
330
F0AE
102
}
330
1F
100
AcDbEntity
  8
A_DOOR
  6
HIDDEN
 48
0.5
100
AcDbLine
 10
343.5834869028922
 20
-156.1514708540427
 30
0.0
 11
343.5834869028922
 21
-157.0914708540427
 31
0.0
  0
LINE
  5
E805
102
{ACAD_REACTORS
330
EF7D
102
}
330
1F
100
AcDbEntity
  8
A_WALL
100
AcDbLine
 10
349.6234869028921
 20
-161.3514708540427
 30
0.0
 11
349.6234869028921
 21
-161.0914708540427
 31
0.0
  0
LINE
  5
E807
330
1F
100
AcDbEntity
  8
A_WALL
100
AcDbLine
 10
343.3134869028921
 20
-159.1514708540427
 30
0.0
 11
342.3734869028921
 21
-159.1514708540427
 31
0.0
  0
LINE
  5
E808
330
1F
100
AcDbEntity
  8
A_WALL
100
AcDbLine
 10
343.3134869028921
 20
-157.5814708540427
 30
0.0
 11
343.3134869028921
 21
-159.1514708540427
 31
0.0
  0
LINE
  5
E809
330
1F
100
AcDbEntity
  8
A_WALL
100
AcDbLine
 10
342.3734869028921
 20
-159.1514708540427
 30
0.0
 11
342.3734869028921
 21
-161.3514708540427
 31
0.0
  0
LINE
  5
E817
102
{ACAD_REACTORS
330
EF1D
102
}
330
1F
100
AcDbEntity
  8
A_WALL
100
AcDbLine
 10
348.577607399918
 20
-151.8014708540427
 30
0.0
 11
348.577607399918
 21
-152.4214708540427
 31
0.0
  0
LINE
  5
E818
330
1F
100
AcDbEntity
  8
A_WALL
100
AcDbLine
 10
340.9934869028921
 20
-151.8014708540427
 30
0.0
 11
341.8384869028922
 21
-151.8014708540427
 31
0.0
  0
LWPOLYLINE
  5
E822
102
{ACAD_REACTORS
330
EF1D
330
F020
330
F038
330
F054
330
F06C
102
}
330
1F
100
AcDbEntity
  8
A_WALL
100
AcDbPolyline
 90
        9
 70
     0
 43
0.0
 10
343.557607399918
 20
-151.8014708540427
 10
343.557607399918
 20
-154.1614708540427
 10
344.162607399918
 20
-154.1614708540427
 10
344.162607399918
 20
-154.2964708540427
 10
343.557607399918
 20
-154.2964708540427
 10
343.557607399918
 20
-155.6664708540427
 10
344.162607399918
 20
-155.6664708540427
 10
344.162607399918
 20
-155.7964708540427
 10
343.5534869028922
 20
-155.7964708540427
  0
LINE
  5
E823
330
1F
100
AcDbEntity
  8
A_WALL
100
AcDbLine
 10
340.9934869028921
 20
-155.7176470447585
 30
0.0
 11
341.9234869028921
 21
-155.7176470447585
 31
0.0
  0
LINE
  5
E824
330
1F
100
AcDbEntity
  8
A_WALL
100
AcDbLine
 10
343.2834869028922
 20
-155.9014708540427
 30
0.0
 11
343.2834869028922
 21
-156.1014708540427
 31
0.0
  0
LINE
  5
E825
102
{ACAD_REACTORS
330
F004
102
}
330
1F
100
AcDbEntity
  8
A_WALL
100
AcDbLine
 10
343.557607399918
 20
-151.8014708540427
 30
0.0
 11
344.677607399918
 21
-151.8014708540427
 31
0.0
  0
LINE
  5
E826
330
1F
100
AcDbEntity
  8
A_WALL
100
AcDbLine
 10
341.9234869028921
 20
-155.7176470447585
 30
0.0
 11
341.9234869028922
 21
-155.9014708540427
 31
0.0
  0
LINE
  5
E827
330
1F
100
AcDbEntity
  8
A_WALL
100
AcDbLine
 10
342.8834869028921
 20
-155.7176470447585
 30
0.0
 11
342.8834869028921
 21
-155.9014708540427
 31
0.0
  0
LINE
  5
E828
330
1F
100
AcDbEntity
  8
A_WALL
100
AcDbLine
 10
342.8834869028921
 20
-155.9014708540427
 30
0.0
 11
343.2834869028922
 21
-155.9014708540427
 31
0.0
  0
LINE
  5
E829
330
1F
100
AcDbEntity
  8
A_WALL
100
AcDbLine
 10
342.8834869028921
 20
-155.7176470447585
 30
0.0
 11
343.2834869028922
 21
-155.7176470447585
 31
0.0
  0
LINE
  5
E82B
330
1F
100
AcDbEntity
  8
A_WALL
100
AcDbLine
 10
341.8384869028922
 20
-151.8014708540427
 30
0.0
 11
341.8384869028922
 21
-151.5614708540427
 31
0.0
  0
LINE
  5
E82C
330
1F
100
AcDbEntity
  8
A_WALL
100
AcDbLine
 10
342.4384869028922
 20
-151.8014708540427
 30
0.0
 11
342.4384869028922
 21
-151.5614708540427
 31
0.0
  0
LINE
  5
E82D
330
1F
100
AcDbEntity
  8
A_WALL
100
AcDbLine
 10
341.8384869028922
 20
-151.5614708540427
 30
0.0
 11
340.2784869028922
 21
-151.5614708540427
 31
0.0
  0
LINE
  5
E82E
330
1F
100
AcDbEntity
  8
A_WALL
100
AcDbLine
 10
342.4384869028922
 20
-151.8014708540427
 30
0.0
 11
343.2834869028922
 21
-151.8014708540427
 31
0.0
  0
LINE
  5
E82F
330
1F
100
AcDbEntity
  8
A_WINDOW
100
AcDbLine
 10
342.3884869028922
 20
-151.8014708540427
 30
0.0
 11
342.3884869028922
 21
-151.5614708540427
 31
0.0
  0
LINE
  5
E830
330
1F
100
AcDbEntity
  8
A_WINDOW
100
AcDbLine
 10
341.8884869028922
 20
-151.8014708540427
 30
0.0
 11
341.8884869028922
 21
-151.5614708540427
 31
0.0
  0
LINE
  5
E831
330
1F
100
AcDbEntity
  8
A_WINDOW
100
AcDbLine
 10
341.8384869028922
 20
-151.8014708540427
 30
0.0
 11
342.4384869028922
 21
-151.8014708540427
 31
0.0
  0
LINE
  5
E832
330
1F
100
AcDbEntity
  8
A_WINDOW
100
AcDbLine
 10
341.8884869028922
 20
-151.7514708540427
 30
0.0
 11
342.3884869028922
 21
-151.7514708540427
 31
0.0
  0
LINE
  5
E833
330
1F
100
AcDbEntity
  8
A_WINDOW
100
AcDbLine
 10
341.8384869028922
 20
-151.5614708540427
 30
0.0
 11
342.4384869028922
 21
-151.5614708540427
 31
0.0
  0
LINE
  5
E866
330
1F
100
AcDbEntity
  8
A_WALL
100
AcDbLine
 10
340.9534869028924
 20
-161.3514708540427
 30
0.0
 11
342.3734869028921
 21
-161.3514708540426
 31
0.0
  0
LINE
  5
E867
102
{ACAD_REACTORS
330
EF65
330
F004
102
}
330
1F
100
AcDbEntity
  8
A_WALL
100
AcDbLine
 10
342.6134869028921
 20
-161.3514708540427
 30
0.0
 11
349.6234869028921
 21
-161.3514708540427
 31
0.0
  0
LINE
  5
E86B
102
{ACAD_REACTORS
330
EF65
102
}
330
1F
100
AcDbEntity
  8
A_WALL
100
AcDbLine
 10
347.4834869028923
 20
-157.4514708540427
 30
0.0
 11
349.6234869028921
 21
-157.4514708540427
 31
0.0
  0
LINE
  5
E86C
102
{ACAD_REACTORS
330
EF4D
102
}
330
1F
100
AcDbEntity
  8
A_WALL
100
AcDbLine
 10
347.4834869028923
 20
-157.3274708540427
 30
0.0
 11
349.6234869028911
 21
-157.3274708540426
 31
0.0
  0
LINE
  5
E86E
102
{ACAD_REACTORS
330
10156
102
}
330
1F
100
AcDbEntity
  8
A_WALL
100
AcDbLine
 10
347.4834869028922
 20
-157.4514708540427
 30
0.0
 11
347.4834869028922
 21
-157.3274708540426
 31
0.0
  0
LINE
  5
E872
330
1F
100
AcDbEntity
  8
A_WALL
100
AcDbLine
 10
349.6234869028921
 20
-157.4514708540427
 30
0.0
 11
349.6234869028921
 21
-158.5514708540427
 31
0.0
  0
LINE
  5
E879
330
1F
100
AcDbEntity
  8
A_WALL
100
AcDbLine
 10
349.6234869028911
 20
-157.2114708540426
 30
0.0
 11
349.9034869028921
 21
-157.2114708540427
 31
0.0
  0
LINE
  5
E880
330
1F
100
AcDbEntity
  8
A_WALL
100
AcDbLine
 10
349.6234869028911
 20
-157.2114708540426
 30
0.0
 11
349.623486902891
 21
-157.3274708540426
 31
0.0
  0
LINE
  5
E88A
330
1F
100
AcDbEntity
  8
A_WALL
100
AcDbLine
 10
349.623486902891
 20
-156.0064708540426
 30
0.0
 11
349.9034869028912
 21
-156.0064708540426
 31
0.0
  0
LINE
  5
E88B
330
1F
100
AcDbEntity
  8
A_WALL
100
AcDbLine
 10
349.6234869028911
 20
-157.2114708540426
 30
0.0
 11
349.9034869028912
 21
-157.2114708540426
 31
0.0
  0
LINE
  5
E8BF
330
1F
100
AcDbEntity
  8
A_WALL
100
AcDbLine
 10
349.623486902892
 20
-158.5514708540427
 30
0.0
 11
349.9034869028921
 21
-158.5514708540427
 31
0.0
  0
LINE
  5
E8C0
330
1F
100
AcDbEntity
  8
A_WALL
100
AcDbLine
 10
349.6234869028921
 20
-159.4414708540427
 30
0.0
 11
349.9034869028922
 21
-159.4414708540427
 31
0.0
  0
LINE
  5
E8C1
330
1F
100
AcDbEntity
  8
A_WALL
100
AcDbLine
 10
349.6234869028922
 20
-160.2014708540426
 30
0.0
 11
349.9034869028921
 21
-160.2014708540426
 31
0.0
  0
LINE
  5
E8C2
330
1F
100
AcDbEntity
  8
A_WALL
100
AcDbLine
 10
349.6234869028921
 20
-161.0914708540426
 30
0.0
 11
349.9034869028922
 21
-161.0914708540426
 31
0.0
  0
LINE
  5
E8C3
330
1F
100
AcDbEntity
  8
A_WALL
100
AcDbLine
 10
349.9034869028922
 20
-161.0914708540426
 30
0.0
 11
349.9034869028922
 21
-161.5914708540427
 31
0.0
  0
LINE
  5
E8C4
330
1F
100
AcDbEntity
  8
A_WALL
100
AcDbLine
 10
349.6234869028921
 20
-160.2014708540427
 30
0.0
 11
349.6234869028921
 21
-159.4414708540426
 31
0.0
  0
LINE
  5
E8C5
102
{ACAD_REACTORS
330
10156
102
}
330
1F
100
AcDbEntity
  8
A_WALL
100
AcDbLine
 10
349.6234869028921
 20
-158.5514708540427
 30
0.0
 11
349.6234869028921
 21
-157.4514708540427
 31
0.0
  0
LINE
  5
E8C6
330
1F
100
AcDbEntity
  8
A_WALL
100
AcDbLine
 10
349.6234869028921
 20
-159.4414708540427
 30
0.0
 11
349.6234869028921
 21
-160.2014708540426
 31
0.0
  0
LINE
  5
E8C7
330
1F
100
AcDbEntity
  8
A_WALL
100
AcDbLine
 10
349.9034869028922
 20
-159.4414708540426
 30
0.0
 11
349.9034869028922
 21
-160.2014708540427
 31
0.0
  0
LINE
  5
E8C8
330
1F
100
AcDbEntity
  8
A_WINDOW
100
AcDbLine
 10
349.6234869028921
 20
-159.3914708540427
 30
0.0
 11
349.903486902892
 21
-159.3914708540426
 31
0.0
  0
LINE
  5
E8C9
330
1F
100
AcDbEntity
  8
A_WINDOW
100
AcDbLine
 10
349.6234869028922
 20
-158.6014708540427
 30
0.0
 11
349.9034869028921
 21
-158.6014708540427
 31
0.0
  0
LINE
  5
E8CA
330
1F
100
AcDbEntity
  8
A_WINDOW
100
AcDbLine
 10
349.6234869028921
 20
-158.5514708540427
 30
0.0
 11
349.6234869028921
 21
-159.4414708540427
 31
0.0
  0
LINE
  5
E8CB
330
1F
100
AcDbEntity
  8
A_WINDOW
100
AcDbLine
 10
349.6734869028922
 20
-158.6014708540427
 30
0.0
 11
349.6734869028921
 21
-159.3914708540427
 31
0.0
  0
LINE
  5
E8CC
330
1F
100
AcDbEntity
  8
A_WINDOW
100
AcDbLine
 10
349.9034869028921
 20
-158.5514708540427
 30
0.0
 11
349.9034869028919
 21
-159.4414708540426
 31
0.0
  0
LINE
  5
E8CD
330
1F
100
AcDbEntity
  8
A_WINDOW
100
AcDbLine
 10
349.6234869028921
 20
-161.0414708540426
 30
0.0
 11
349.903486902892
 21
-161.0414708540426
 31
0.0
  0
LINE
  5
E8CE
330
1F
100
AcDbEntity
  8
A_WINDOW
100
AcDbLine
 10
349.6234869028922
 20
-160.2514708540427
 30
0.0
 11
349.9034869028922
 21
-160.2514708540426
 31
0.0
  0
LINE
  5
E8CF
330
1F
100
AcDbEntity
  8
A_WINDOW
100
AcDbLine
 10
349.6234869028922
 20
-160.2014708540426
 30
0.0
 11
349.6234869028921
 21
-161.0914708540426
 31
0.0
  0
LINE
  5
E8D0
330
1F
100
AcDbEntity
  8
A_WINDOW
100
AcDbLine
 10
349.6734869028923
 20
-160.2514708540427
 30
0.0
 11
349.6734869028922
 21
-161.0414708540426
 31
0.0
  0
LINE
  5
E8D1
330
1F
100
AcDbEntity
  8
A_WINDOW
100
AcDbLine
 10
349.9034869028922
 20
-160.2014708540426
 30
0.0
 11
349.903486902892
 21
-161.0914708540426
 31
0.0
  0
LWPOLYLINE
  5
E900
330
1F
100
AcDbEntity
  8
A_WALL
  6
HIDDEN
 62
     2
100
AcDbPolyline
 90
        4
 70
     0
 43
0.0
 10
340.7534869028921
 20
-151.5614708540427
 10
340.7534869028921
 20
-150.2614708540426
 10
349.9034869028921
 20
-150.2614708540426
 10
349.9034869028921
 20
-157.2114708540427
  0
LINE
  5
E91E
330
1F
100
AcDbEntity
  8
A_WALL
100
AcDbLine
 10
340.9934869028921
 20
-153.4014708540427
 30
0.0
 11
341.9834869028921
 21
-153.4014708540427
 31
0.0
  0
LINE
  5
E91F
330
1F
100
AcDbEntity
  8
A_WALL
100
AcDbLine
 10
340.9934869028921
 20
-153.5514708540427
 30
0.0
 11
341.9834869028921
 21
-153.5514708540427
 31
0.0
  0
LINE
  5
E920
102
{ACAD_REACTORS
330
10015
102
}
330
1F
100
AcDbEntity
  8
A_WALL
100
AcDbLine
 10
340.9934869028921
 20
-153.4014708540427
 30
0.0
 11
340.9934869028921
 21
-151.8014708540427
 31
0.0
  0
LINE
  5
E921
330
1F
100
AcDbEntity
  8
A_WALL
100
AcDbLine
 10
343.2834869028921
 20
-153.5514708540427
 30
0.0
 11
343.2834869028921
 21
-155.7176470447585
 31
0.0
  0
LINE
  5
E922
330
1F
100
AcDbEntity
  8
A-FIXTURES
100
AcDbLine
 10
341.5934869028922
 20
-155.7176470447584
 30
0.0
 11
341.5934869028921
 21
-153.5514708540426
 31
0.0
  0
LINE
  5
E92D
330
1F
100
AcDbEntity
  8
A_WALL
100
AcDbLine
 10
342.8834869028922
 20
-153.5514708540427
 30
0.0
 11
342.8834869028921
 21
-153.4014708540427
 31
0.0
  0
LINE
  5
E92E
330
1F
100
AcDbEntity
  8
A_WALL
100
AcDbLine
 10
341.9834869028921
 20
-153.5514708540427
 30
0.0
 11
341.9834869028921
 21
-153.4014708540427
 31
0.0
  0
LINE
  5
E92F
330
1F
100
AcDbEntity
  8
A_WALL
100
AcDbLine
 10
342.8834869028921
 20
-153.5514708540427
 30
0.0
 11
343.2834869028922
 21
-153.5514708540427
 31
0.0
  0
LINE
  5
E930
330
1F
100
AcDbEntity
  8
A_WALL
100
AcDbLine
 10
342.8834869028921
 20
-153.4014708540427
 30
0.0
 11
343.2834869028922
 21
-153.4014708540427
 31
0.0
  0
LINE
  5
E944
330
1F
100
AcDbEntity
  8
A_WALL
100
AcDbLine
 10
345.567607399918
 20
-151.8014708540427
 30
0.0
 11
345.567607399918
 21
-151.5614708540427
 31
0.0
  0
LINE
  5
E945
330
1F
100
AcDbEntity
  8
A_WALL
100
AcDbLine
 10
346.567607399918
 20
-151.8014708540427
 30
0.0
 11
346.567607399918
 21
-151.5614708540427
 31
0.0
  0
LINE
  5
E946
330
1F
100
AcDbEntity
  8
A_WALL
100
AcDbLine
 10
347.4576073999179
 20
-151.8014708540427
 30
0.0
 11
347.457607399918
 21
-151.5614708540427
 31
0.0
  0
LINE
  5
E947
330
1F
100
AcDbEntity
  8
A_WALL
100
AcDbLine
 10
344.677607399918
 20
-151.8014708540427
 30
0.0
 11
344.677607399918
 21
-151.5614708540427
 31
0.0
  0
LINE
  5
E948
330
1F
100
AcDbEntity
  8
A_WALL
100
AcDbLine
 10
344.677607399918
 20
-151.5614708540427
 30
0.0
 11
342.4384869028922
 21
-151.5614708540427
 31
0.0
  0
LINE
  5
E949
330
1F
100
AcDbEntity
  8
A_WALL
100
AcDbLine
 10
345.567607399918
 20
-151.8014708540427
 30
0.0
 11
346.567607399918
 21
-151.8014708540427
 31
0.0
  0
LINE
  5
E94A
330
1F
100
AcDbEntity
  8
A_WALL
100
AcDbLine
 10
346.567607399918
 20
-151.5614708540427
 30
0.0
 11
345.567607399918
 21
-151.5614708540427
 31
0.0
  0
LINE
  5
E94B
330
1F
100
AcDbEntity
  8
A_WALL
100
AcDbLine
 10
347.4576073999179
 20
-151.8014708540427
 30
0.0
 11
348.577607399918
 21
-151.8014708540427
 31
0.0
  0
LINE
  5
E94C
330
1F
100
AcDbEntity
  8
A_WINDOW
100
AcDbLine
 10
345.5176073999179
 20
-151.8014708540427
 30
0.0
 11
345.5176073999179
 21
-151.5614708540427
 31
0.0
  0
LINE
  5
E94D
330
1F
100
AcDbEntity
  8
A_WINDOW
100
AcDbLine
 10
344.727607399918
 20
-151.8014708540434
 30
0.0
 11
344.727607399918
 21
-151.5614708540434
 31
0.0
  0
LINE
  5
E94E
330
1F
100
AcDbEntity
  8
A_WINDOW
100
AcDbLine
 10
344.677607399918
 20
-151.8014708540434
 30
0.0
 11
345.567607399918
 21
-151.8014708540427
 31
0.0
  0
LINE
  5
E94F
330
1F
100
AcDbEntity
  8
A_WINDOW
100
AcDbLine
 10
344.727607399918
 20
-151.7514708540434
 30
0.0
 11
345.5176073999179
 21
-151.7514708540427
 31
0.0
  0
LINE
  5
E950
330
1F
100
AcDbEntity
  8
A_WINDOW
100
AcDbLine
 10
344.677607399918
 20
-151.5614708540434
 30
0.0
 11
345.567607399918
 21
-151.5614708540427
 31
0.0
  0
LINE
  5
E951
330
1F
100
AcDbEntity
  8
A_WINDOW
100
AcDbLine
 10
347.4076073999179
 20
-151.8014708540427
 30
0.0
 11
347.4076073999179
 21
-151.5614708540427
 31
0.0
  0
LINE
  5
E952
330
1F
100
AcDbEntity
  8
A_WINDOW
100
AcDbLine
 10
346.617607399918
 20
-151.8014708540434
 30
0.0
 11
346.617607399918
 21
-151.5614708540434
 31
0.0
  0
LINE
  5
E953
330
1F
100
AcDbEntity
  8
A_WINDOW
100
AcDbLine
 10
346.567607399918
 20
-151.8014708540434
 30
0.0
 11
347.4576073999179
 21
-151.8014708540427
 31
0.0
  0
LINE
  5
E954
330
1F
100
AcDbEntity
  8
A_WINDOW
100
AcDbLine
 10
346.617607399918
 20
-151.7514708540434
 30
0.0
 11
347.4076073999179
 21
-151.7514708540427
 31
0.0
  0
LINE
  5
E955
330
1F
100
AcDbEntity
  8
A_WINDOW
100
AcDbLine
 10
346.567607399918
 20
-151.5614708540434
 30
0.0
 11
347.4576073999179
 21
-151.5614708540427
 31
0.0
  0
INSERT
  5
E964
330
1F
100
AcDbEntity
  8
A_fixtures
100
AcDbBlockReference
  2
EVAKUO2
 10
340.9934869028921
 20
-152.6014708540427
 30
0.0
 41
0.001
 42
0.001
 43
0.001
 50
90.0
  0
INSERT
  5
E965
102
{ACAD_XDICTIONARY
360
E966
102
}
330
1F
100
AcDbEntity
  8
0
 62
     4
100
AcDbBlockReference
  2
*U401
 10
308.9275045697703
 20
-151.4514708540418
 30
0.0
 41
0.001
 42
0.001
 43
0.001
 50
180.0
  0
INSERT
  5
E972
330
1F
100
AcDbEntity
  8
A-FIXTURES
100
AcDbBlockReference
  2
JED-15018-A01-A-FP-TYP$0$lavator1
 10
341.2403619028909
 20
-155.0345589494005
 30
0.0
 41
0.02500000000011639
 42
0.02500000000011639
 43
0.02500000000011639
 50
90.0
1001
AEC_XDATA_BOUND_SPACE
1070
   100
1070
     1
  0
INSERT
  5
E973
330
1F
100
AcDbEntity
  8
A-FIXTURES
100
AcDbBlockReference
  2
JED-15018-A01-A-FP-TYP$0$lavator1
 10
341.2403619028909
 20
-154.2345589494005
 30
0.0
 41
0.02500000000011639
 42
0.02500000000011639
 43
0.02500000000011639
 50
90.0
1001
AEC_XDATA_BOUND_SPACE
1070
   100
1070
     1
  0
INSERT
  5
E982
330
1F
100
AcDbEntity
  8
A_WALL
100
AcDbBlockReference
  2
A$C1c79727f
 10
342.8609869028921
 20
-151.8014708540427
 30
0.0
 50
270.0
  0
INSERT
  5
E996
330
1F
100
AcDbEntity
  8
A_WALL
100
AcDbBlockReference
  2
A$Cc001395e
 10
308.8275045697704
 20
-150.9014708540427
 30
0.0
 50
90.0
  0
INSERT
  5
E9B7
330
1F
100
AcDbEntity
  8
A_fixtures
100
AcDbBlockReference
  2
EVAKUO2
 10
308.5275045697704
 20
-152.0514708540427
 30
0.0
 41
0.001
 42
0.001
 43
0.001
 50
90.0
  0
INSERT
  5
E9B8
330
1F
100
AcDbEntity
  8
A_WALL
100
AcDbBlockReference
  2
A$C1c79727f
 10
308.5275045697704
 20
-152.9614708540427
 30
0.0
  0
INSERT
  5
E9C2
330
1F
100
AcDbEntity
  8
A_WALL
100
AcDbBlockReference
  2
A$Cc001395e
 10
300.5275045697704
 20
-156.7614708540427
 30
0.0
 50
180.0
  0
INSERT
  5
E9C3
102
{ACAD_XDICTIONARY
360
E9C4
102
}
330
1F
100
AcDbEntity
  8
0
 62
     4
100
AcDbBlockReference
  2
*U402
 10
300.9395045697704
 20
-156.6614708540428
 30
0.0
 41
0.001
 42
0.001
 43
0.001
 50
270.0
  0
INSERT
  5
E9DC
330
1F
100
AcDbEntity
  8
A_fixtures
100
AcDbBlockReference
  2
EVAKUO2
 10
301.3395045697755
 20
-155.3014708540426
 30
0.0
 41
0.001
 42
0.001
 43
0.001
  0
INSERT
  5
E9DD
330
1F
100
AcDbEntity
  8
A_WALL
100
AcDbBlockReference
  2
A$C1c79727f
 10
301.9275045697703
 20
-155.3014708540427
 30
0.0
 50
270.0
  0
INSERT
  5
EA0B
102
{ACAD_XDICTIONARY
360
EA0C
102
}
330
1F
100
AcDbEntity
  8
0
 62
     4
100
AcDbBlockReference
  2
*U403
 10
309.307504569766
 20
-158.8414708540428
 30
0.0
 41
0.001
 42
0.001
 43
0.001
 50
270.0
  0
INSERT
  5
EA24
330
1F
100
AcDbEntity
  8
A_fixtures
100
AcDbBlockReference
  2
EVAKUO2
 10
309.8075045697706
 20
-157.2514708540427
 30
0.0
 41
0.001
 42
0.001
 43
0.001
  0
INSERT
  5
EA25
330
1F
100
AcDbEntity
  8
A_WALL
100
AcDbBlockReference
  2
A$C1c79727f
 10
310.5875045697704
 20
-157.2514708540427
 30
0.0
 50
270.0
  0
INSERT
  5
EA2F
330
1F
100
AcDbEntity
  8
A_WALL
100
AcDbBlockReference
  2
A$Cc001395e
 10
308.7875045697705
 20
-157.5514708540427
 30
0.0
  0
INSERT
  5
EA4C
330
1F
100
AcDbEntity
  8
A_fixtures
100
AcDbBlockReference
  2
EVAKUO2
 10
305.5575045697703
 20
-159.3314708540427
 30
0.0
 41
0.001
 42
0.001
 43
0.001
 50
270.0
  0
INSERT
  5
EA4D
330
1F
100
AcDbEntity
  8
A_WALL
100
AcDbBlockReference
  2
A$C1c79727f
 10
305.5575045697703
 20
-159.9714708540427
 30
0.0
 50
180.0
  0
LWPOLYLINE
  5
EA59
330
1F
100
AcDbEntity
  8
A_DOOR
100
AcDbPolyline
 90
        4
 70
     1
 43
0.0
 10
349.623486902892
 20
-156.0864708540425
 10
349.623486902892
 20
-156.0364708540425
 10
348.5284869028919
 20
-156.0364708540425
 10
348.5284869028919
 20
-156.0864708540425
  0
LWPOLYLINE
  5
EA5A
330
1F
100
AcDbEntity
  8
A_DOOR
100
AcDbPolyline
 90
        6
 70
     1
 43
0.0
 10
349.6234869028911
 20
-156.0064708540426
 10
349.6234869028911
 20
-156.0364708540426
 10
349.6734869028911
 20
-156.0364708540426
 10
349.6734869028911
 20
-156.0564708540427
 10
349.9034869028912
 20
-156.0564708540427
 10
349.9034869028912
 20
-156.0064708540426
  0
LWPOLYLINE
  5
EA5B
330
1F
100
AcDbEntity
  8
A_DOOR
100
AcDbPolyline
 90
        6
 70
     1
 43
0.0
 10
349.623486902892
 20
-157.2114708540426
 10
349.623486902892
 20
-157.1814708540426
 10
349.673486902892
 20
-157.1814708540426
 10
349.673486902892
 20
-157.1614708540426
 10
349.9034869028921
 20
-157.1614708540426
 10
349.9034869028921
 20
-157.2114708540426
  0
ARC
  5
EA5D
330
1F
100
AcDbEntity
  8
A_DOOR
100
AcDbCircle
 10
349.623486902892
 20
-156.0864708540425
 30
-5.210918073435406E-29
 40
1.095000000000141
100
AcDbArc
 50
180.0000000000014
 51
270.0
  0
LWPOLYLINE
  5
EA85
330
1F
100
AcDbEntity
  8
A_WALL
100
AcDbPolyline
 90
        3
 70
     0
 43
0.0
 10
349.6234869028911
 20
-156.0064708540426
 10
349.6234869028911
 20
-155.8774708540427
 10
348.577607399918
 20
-155.8774708540427
  0
LWPOLYLINE
  5
EA86
330
1F
100
AcDbEntity
  8
A_WALL
100
AcDbPolyline
 90
        4
 70
     0
 43
0.0
 10
349.9034869028912
 20
-156.0064708540426
 10
349.9034869028925
 20
-155.6374708540426
 10
348.827607399918
 20
-155.6374708540426
 10
348.8276073999179
 20
-155.1514708540427
  0
LWPOLYLINE
  5
EA91
102
{ACAD_REACTORS
330
EF35
330
EF4D
102
}
330
1F
100
AcDbEntity
  8
A_WALL
100
AcDbPolyline
 90
        4
 70
     0
 43
0.0
 10
348.577607399918
 20
-155.8774708540427
 10
347.9776073999179
 20
-155.8774708540427
 10
347.9776073999179
 20
-155.7534708540427
 10
348.577607399918
 20
-155.7534708540426
  0
LWPOLYLINE
  5
EA95
330
1F
100
AcDbEntity
  8
A_WALL
100
AcDbPolyline
 90
        2
 70
     0
 43
0.0
 10
348.577607399918
 20
-155.7534708540426
 10
348.5776073999179
 20
-155.1514708540427
  0
DIMENSION
  5
EAA8
102
{ACAD_REACTORS
330
EABF
102
}
102
{ACAD_XDICTIONARY
360
EAB5
102
}
330
1F
100
AcDbEntity
  8
A_DIM
100
AcDbDimension
280
     0
  2
*D404
 10
303.5175045697703
 20
-149.9230325645534
 30
0.0
 11
301.8025045697703
 21
-149.7963954567771
 31
0.0
 70
    32
  1

 71
     5
 42
3.430000000000007
 73
     0
 74
     0
 75
     0
  3
DIM VILLA
100
AcDbAlignedDimension
 13
300.0875045697703
 23
-150.8014708540427
 33
0.0
 14
303.5175045697703
 24
-150.8014708540427
 34
0.0
 52
0.0
100
AcDbRotatedDimension
  0
DIMENSION
  5
EAC0
102
{ACAD_REACTORS
330
EADB
102
}
102
{ACAD_XDICTIONARY
360
EACF
102
}
330
1F
100
AcDbEntity
  8
A_DIM
100
AcDbDimension
280
     0
  2
*D405
 10
303.9975045697703
 20
-149.9230325645534
 30
0.0
 11
303.7575045697703
 21
-149.7964466163951
 31
0.0
 70
    32
  1

 71
     5
 42
0.4800000000000182
 73
     0
 74
     0
 75
     0
  3
DIM VILLA
100
AcDbAlignedDimension
 13
303.5175045697703
 23
-150.8014708540427
 33
0.0
 14
303.9975045697703
 24
-150.8014708540427
 34
0.0
 52
0.0
100
AcDbRotatedDimension
  0
DIMENSION
  5
EADC
102
{ACAD_REACTORS
330
EAF3
102
}
102
{ACAD_XDICTIONARY
360
EAE9
102
}
330
1F
100
AcDbEntity
  8
A_DIM
100
AcDbDimension
280
     0
  2
*D406
 10
303.0891722520504
 20
-151.8014708540427
 30
0.0
 11
302.962586303892
 21
-151.3014708540428
 31
0.0
 70
    32
  1

 71
     5
 42
1.0
 73
     0
 74
     0
 75
     0
  3
DIM VILLA
100
AcDbAlignedDimension
 13
303.5175045697703
 23
-150.8014708540427
 33
0.0
 14
303.5175045697703
 24
-151.8014708540427
 34
0.0
 52
0.0
 50
90.0
100
AcDbRotatedDimension
  0
DIMENSION
  5
EAF4
102
{ACAD_REACTORS
330
EB0B
102
}
102
{ACAD_XDICTIONARY
360
EB01
102
}
330
1F
100
AcDbEntity
  8
A_DIM
100
AcDbDimension
280
     0
  2
*D407
 10
303.0891722520506
 20
-154.4314708540427
 30
0.0
 11
302.9625351442742
 21
-153.1164708540428
 31
0.0
 70
    32
  1

 71
     5
 42
2.629999999999995
 73
     0
 74
     0
 75
     0
  3
DIM VILLA
100
AcDbAlignedDimension
 13
303.5175045697703
 23
-151.8014708540427
 33
0.0
 14
303.5175045697703
 24
-154.4314708540427
 34
0.0
 52
0.0
 50
90.0
100
AcDbRotatedDimension
  0
DIMENSION
  5
EB0C
102
{ACAD_REACTORS
330
EB23
102
}
102
{ACAD_XDICTIONARY
360
EB19
102
}
330
1F
100
AcDbEntity
  8
A_DIM
100
AcDbDimension
280
     0
  2
*D408
 10
303.0891722520508
 20
-155.0614708540428
 30
0.0
 11
302.9625351442745
 21
-154.7464708540428
 31
0.0
 70
    32
  1

 71
     5
 42
0.6300000000001091
 73
     0
 74
     0
 75
     0
  3
DIM VILLA
100
AcDbAlignedDimension
 13
303.5175045697703
 23
-154.4314708540427
 33
0.0
 14
303.5175045697703
 24
-155.0614708540428
 34
0.0
 52
0.0
 50
90.0
100
AcDbRotatedDimension
  0
DIMENSION
  5
EB24
102
{ACAD_REACTORS
330
EB3B
102
}
102
{ACAD_XDICTIONARY
360
EB31
102
}
330
1F
100
AcDbEntity
  8
A_DIM
100
AcDbDimension
280
     0
  2
*D409
 10
303.9975045697703
 20
-152.1750568478466
 30
0.0
 11
302.0425045697704
 21
-152.0484197400703
 31
0.0
 70
    32
  1

 71
     5
 42
3.910000000000025
 73
     0
 74
     0
 75
     0
  3
DIM VILLA
100
AcDbAlignedDimension
 13
300.0875045697703
 23
-152.2211371549195
 33
0.0
 14
303.9975045697703
 24
-152.2211371549195
 34
0.0
 52
0.0
100
AcDbRotatedDimension
  0
DIMENSION
  5
EB3C
102
{ACAD_REACTORS
330
EB53
102
}
102
{ACAD_XDICTIONARY
360
EB49
102
}
330
1F
100
AcDbEntity
  8
A_DIM
100
AcDbDimension
280
     0
  2
*D410
 10
299.4293193684751
 20
-155.0614708540427
 30
0.0
 11
299.3027334203168
 21
-152.9314708540428
 31
0.0
 70
    32
  1

 71
     5
 42
4.259999999999991
 73
     0
 74
     0
 75
     0
  3
DIM VILLA
100
AcDbAlignedDimension
 13
300.0875045697703
 23
-150.8014708540427
 33
0.0
 14
300.0875045697703
 24
-155.0614708540427
 34
0.0
 52
0.0
 50
90.0
100
AcDbRotatedDimension
  0
DIMENSION
  5
EB54
102
{ACAD_REACTORS
330
EB6B
102
}
102
{ACAD_XDICTIONARY
360
EB61
102
}
330
1F
100
AcDbEntity
  8
A_DIM
100
AcDbDimension
280
     0
  2
*D411
 10
299.4293193684754
 20
-157.0614708540427
 30
0.0
 11
299.302733420317
 21
-156.1814708540428
 31
0.0
 70
    32
  1

 71
     5
 42
1.760000000000019
 73
     0
 74
     0
 75
     0
  3
DIM VILLA
100
AcDbAlignedDimension
 13
300.1275045697703
 23
-155.3014708540426
 33
0.0
 14
300.1275045697703
 24
-157.0614708540427
 34
0.0
 52
0.0
 50
90.0
100
AcDbRotatedDimension
  0
DIMENSION
  5
EB6C
102
{ACAD_REACTORS
330
EB83
102
}
102
{ACAD_XDICTIONARY
360
EB79
102
}
330
1F
100
AcDbEntity
  8
A_DIM
100
AcDbDimension
280
     0
  2
*D412
 10
299.4293193684758
 20
-161.3614708540428
 30
0.0
 11
299.3027334203175
 21
-159.2814708540428
 31
0.0
 70
    32
  1

 71
     5
 42
4.160000000000025
 73
     0
 74
     0
 75
     0
  3
DIM VILLA
100
AcDbAlignedDimension
 13
300.1275045697703
 23
-157.2014708540427
 33
0.0
 14
300.1275045697703
 24
-161.3614708540427
 34
0.0
 52
0.0
 50
90.0
100
AcDbRotatedDimension
  0
DIMENSION
  5
EB84
102
{ACAD_REACTORS
330
EB9B
102
}
102
{ACAD_XDICTIONARY
360
EB91
102
}
330
1F
100
AcDbEntity
  8
A_DIM
100
AcDbDimension
280
     0
  2
*D413
 10
304.0675045697704
 20
-162.2547625845782
 30
0.0
 11
302.0975045697704
 21
-162.1281254768019
 31
0.0
 70
    32
  1

 71
     5
 42
3.940000000000055
 73
     0
 74
     0
 75
     0
  3
DIM VILLA
100
AcDbAlignedDimension
 13
300.1275045697703
 23
-161.3614708540428
 33
0.0
 14
304.0675045697704
 24
-161.3614708540429
 34
0.0
 52
0.0
100
AcDbRotatedDimension
  0
LWPOLYLINE
  5
EB9C
330
1F
100
AcDbEntity
  8
A_WALL
  6
HIDDEN
 48
0.3
 62
     8
100
AcDbPolyline
 90
        4
 70
     1
 43
0.0
 10
305.2575045697703
 20
-160.9914708540427
 10
305.2575045697703
 20
-160.8914708540427
 10
305.3575045697704
 20
-160.8914708540427
 10
305.3575045697704
 20
-160.9914708540427
  0
LWPOLYLINE
  5
EB9D
330
1F
100
AcDbEntity
  8
A_WALL
  6
HIDDEN
 48
0.3
 62
     8
100
AcDbPolyline
 90
        2
 70
     0
 43
0.0
 10
305.3575045697704
 20
-160.8914708540427
 10
305.5075045697703
 20
-160.6414708540427
  0
LINE
  5
EB9E
330
1F
100
AcDbEntity
  8
A_WALL
  6
HIDDEN
 48
0.3
 62
     8
100
AcDbLine
 10
305.2575045697703
 20
-160.8914708540427
 30
0.0
 11
304.3075045697703
 21
-160.6414708540427
 31
0.0
  0
LWPOLYLINE
  5
EB9F
330
1F
100
AcDbEntity
  8
A_WALL
  6
HIDDEN
 48
0.3
 62
     8
100
AcDbPolyline
 90
        2
 70
     0
 43
0.0
 10
305.3575045697704
 20
-160.9914708540427
 10
305.5075045697703
 20
-161.2414708540427
  0
LINE
  5
EBA0
330
1F
100
AcDbEntity
  8
A_WALL
  6
HIDDEN
 48
0.3
 62
     8
100
AcDbLine
 10
305.2575045697703
 20
-160.9914708540427
 30
0.0
 11
304.3075045697703
 21
-161.2414708540427
 31
0.0
  0
INSERT
  5
EBA1
102
{ACAD_XDICTIONARY
360
EBA2
102
}
330
1F
100
AcDbEntity
  8
0
 62
     4
100
AcDbBlockReference
  2
*U414
 10
304.2175045697704
 20
-160.3834708540422
 30
0.0
 41
0.001
 42
0.001
 43
0.001
 50
180.0
  0
DIMENSION
  5
EBCC
102
{ACAD_REACTORS
330
EBE3
102
}
102
{ACAD_XDICTIONARY
360
EBD9
102
}
330
1F
100
AcDbEntity
  8
A_DIM
100
AcDbDimension
280
     0
  2
*D415
 10
305.5575045697703
 20
-162.2547625845782
 30
0.0
 11
304.8875045697704
 21
-162.1281254768019
 31
0.0
 70
    32
  1

 71
     5
 42
1.339999999999975
 73
     0
 74
     0
 75
     0
  3
DIM VILLA
100
AcDbAlignedDimension
 13
304.2175045697704
 23
-161.3614708540427
 33
0.0
 14
305.5575045697703
 24
-161.3614708540427
 34
0.0
 52
0.0
100
AcDbRotatedDimension
  0
DIMENSION
  5
EBE4
102
{ACAD_REACTORS
330
EBFB
102
}
102
{ACAD_XDICTIONARY
360
EBF1
102
}
330
1F
100
AcDbEntity
  8
A_DIM
100
AcDbDimension
280
     0
  2
*D416
 10
309.4340927352702
 20
-160.9614708540428
 30
0.0
 11
309.3075067871118
 21
-159.9764708540428
 31
0.0
 70
    32
  1

 71
     5
 42
1.969999999999999
 73
     0
 74
     0
 75
     0
  3
DIM VILLA
100
AcDbAlignedDimension
 13
309.9675045697704
 23
-158.9914708540427
 33
0.0
 14
309.9675045697704
 24
-160.9614708540427
 34
0.0
 52
0.0
 50
90.0
100
AcDbRotatedDimension
  0
DIMENSION
  5
EBFC
102
{ACAD_REACTORS
330
EC13
102
}
102
{ACAD_XDICTIONARY
360
EC09
102
}
330
1F
100
AcDbEntity
  8
A_DIM
100
AcDbDimension
280
     0
  2
*D417
 10
312.8875045697703
 20
-162.3047625845782
 30
0.0
 11
311.4275045697703
 21
-162.1781766364199
 31
0.0
 70
    32
  1

 71
     5
 42
2.919999999999902
 73
     0
 74
     0
 75
     0
  3
DIM VILLA
100
AcDbAlignedDimension
 13
309.9675045697704
 23
-160.9614708540427
 33
0.0
 14
312.8875045697703
 24
-160.9614708540427
 34
0.0
 52
0.0
100
AcDbRotatedDimension
  0
DIMENSION
  5
EC14
102
{ACAD_REACTORS
330
EC2B
102
}
102
{ACAD_XDICTIONARY
360
EC21
102
}
330
1F
100
AcDbEntity
  8
A_DIM
100
AcDbDimension
280
     0
  2
*D418
 10
317.2175045697704
 20
-162.3047625845782
 30
0.0
 11
315.1275045697703
 21
-162.1781766364199
 31
0.0
 70
    32
  1

 71
     5
 42
4.180000000000064
 73
     0
 74
     0
 75
     0
  3
DIM VILLA
100
AcDbAlignedDimension
 13
313.0375045697703
 23
-160.9614708540427
 33
0.0
 14
317.2175045697704
 24
-160.9614708540427
 34
0.0
 52
0.0
100
AcDbRotatedDimension
  0
DIMENSION
  5
EC2C
102
{ACAD_REACTORS
330
EC43
102
}
102
{ACAD_XDICTIONARY
360
EC39
102
}
330
1F
100
AcDbEntity
  8
A_DIM
100
AcDbDimension
280
     0
  2
*D419
 10
318.1449448916297
 20
-160.9614708540428
 30
0.0
 11
318.0183589434714
 21
-158.3264708540429
 31
0.0
 70
    32
  1

 71
     5
 42
5.269999999999897
 73
     0
 74
     0
 75
     0
  3
DIM VILLA
100
AcDbAlignedDimension
 13
317.2175045697704
 23
-155.6914708540428
 33
0.0
 14
317.2175045697704
 24
-160.9614708540427
 34
0.0
 52
0.0
 50
90.0
100
AcDbRotatedDimension
  0
DIMENSION
  5
EC44
102
{ACAD_REACTORS
330
EC5B
102
}
102
{ACAD_XDICTIONARY
360
EC51
102
}
330
1F
100
AcDbEntity
  8
A_DIM
100
AcDbDimension
280
     0
  2
*D420
 10
313.5571329953847
 20
-155.6914708540428
 30
0.0
 11
313.4305470472263
 21
-156.5214708540428
 31
0.0
 70
    32
  1

 71
     5
 42
1.659999999999911
 73
     0
 74
     0
 75
     0
  3
DIM VILLA
100
AcDbAlignedDimension
 13
313.0375045697704
 23
-157.3514708540426
 33
0.0
 14
313.0375045697704
 24
-155.6914708540427
 34
0.0
 52
0.0
 50
90.0
100
AcDbRotatedDimension
  0
DIMENSION
  5
EC5C
330
1F
100
AcDbEntity
  8
A_DIM
100
AcDbDimension
280
     0
  2
*D421
 10
313.5571329953848
 20
-160.9614708540428
 30
0.0
 11
313.4304958876084
 21
-159.1564708540428
 31
0.0
 70
    32
  1

 71
     5
 42
3.610000000000099
 73
     0
 74
     0
 75
     0
  3
DIM VILLA
100
AcDbAlignedDimension
 13
313.0375045697704
 23
-157.3514708540426
 33
0.0
 14
313.0375045697703
 24
-160.9614708540427
 34
0.0
 52
0.0
 50
90.0
100
AcDbRotatedDimension
  0
DIMENSION
  5
EC69
102
{ACAD_REACTORS
330
EC80
102
}
102
{ACAD_XDICTIONARY
360
EC76
102
}
330
1F
100
AcDbEntity
  8
A_DIM
100
AcDbDimension
280
     0
  2
*D422
 10
310.0875045697704
 20
-149.9230325645534
 30
0.0
 11
309.3075045697705
 21
-149.7964466163951
 31
0.0
 70
    32
  1

 71
     5
 42
1.560000000000002
 73
     0
 74
     0
 75
     0
  3
DIM VILLA
100
AcDbAlignedDimension
 13
308.5275045697704
 23
-150.5014708540427
 33
0.0
 14
310.0875045697704
 24
-150.5014708540427
 34
0.0
 52
0.0
100
AcDbRotatedDimension
  0
DIMENSION
  5
EC81
102
{ACAD_REACTORS
330
EC98
102
}
102
{ACAD_XDICTIONARY
360
EC8E
102
}
330
1F
100
AcDbEntity
  8
A_DIM
100
AcDbDimension
280
     0
  2
*D423
 10
305.5275045697704
 20
-149.9230325645534
 30
0.0
 11
304.8825045697704
 21
-149.7964466163951
 31
0.0
 70
    32
  1

 71
     5
 42
1.29000000000002
 73
     0
 74
     0
 75
     0
  3
DIM VILLA
100
AcDbAlignedDimension
 13
304.2375045697704
 23
-151.8014708540426
 33
0.0
 14
305.5275045697704
 24
-151.8014708540426
 34
0.0
 52
0.0
100
AcDbRotatedDimension
  0
DIMENSION
  5
EC99
102
{ACAD_REACTORS
330
ECB0
102
}
102
{ACAD_XDICTIONARY
360
ECA6
102
}
330
1F
100
AcDbEntity
  8
A_DIM
100
AcDbDimension
280
     0
  2
*D424
 10
308.3075045697704
 20
-149.9230325645534
 30
0.0
 11
307.0325045697704
 21
-149.7964466163951
 31
0.0
 70
    32
  1

 71
     5
 42
2.550000000000011
 73
     0
 74
     0
 75
     0
  3
DIM VILLA
100
AcDbAlignedDimension
 13
305.7575045697704
 23
-151.8014708540427
 33
0.0
 14
308.3075045697704
 24
-150.2614708540426
 34
0.0
 52
0.0
100
AcDbRotatedDimension
  0
DIMENSION
  5
ECC3
102
{ACAD_REACTORS
330
ECDA
102
}
102
{ACAD_XDICTIONARY
360
ECD0
102
}
330
1F
100
AcDbEntity
  8
A_DIM
100
AcDbDimension
280
     0
  2
*D425
 10
312.7075045697704
 20
-149.9230325645534
 30
0.0
 11
311.4725045697704
 21
-149.7977256068453
 31
0.0
 70
    32
  1

 71
     5
 42
2.470000000000027
 73
     0
 74
     0
 75
     0
  3
DIM VILLA
100
AcDbAlignedDimension
 13
310.2375045697704
 23
-150.5014708540427
 33
0.0
 14
312.7075045697704
 24
-150.5014708540427
 34
0.0
 52
0.0
100
AcDbRotatedDimension
  0
DIMENSION
  5
ECDB
102
{ACAD_REACTORS
330
ECF2
102
}
102
{ACAD_XDICTIONARY
360
ECE8
102
}
330
1F
100
AcDbEntity
  8
A_DIM
100
AcDbDimension
280
     0
  2
*D426
 10
317.0875045697704
 20
-149.9230325645534
 30
0.0
 11
315.0175045697704
 21
-149.7977256068453
 31
0.0
 70
    32
  1

 71
     5
 42
4.139999999999986
 73
     0
 74
     0
 75
     0
  3
DIM VILLA
100
AcDbAlignedDimension
 13
312.9475045697704
 23
-150.5014708540427
 33
0.0
 14
317.0875045697704
 24
-150.5014708540427
 34
0.0
 52
0.0
100
AcDbRotatedDimension
  0
DIMENSION
  5
ECF3
102
{ACAD_REACTORS
330
ED0A
102
}
102
{ACAD_XDICTIONARY
360
ED00
102
}
330
1F
100
AcDbEntity
  8
A_DIM
100
AcDbDimension
280
     0
  2
*D427
 10
313.4671163754939
 20
-153.7014708540428
 30
0.0
 11
313.3404792677175
 21
-152.1014708540428
 31
0.0
 70
    32
  1

 71
     5
 42
3.199999999999989
 73
     0
 74
     0
 75
     0
  3
DIM VILLA
100
AcDbAlignedDimension
 13
312.9475045697704
 23
-150.5014708540427
 33
0.0
 14
312.9475045697704
 24
-153.7014708540427
 34
0.0
 52
0.0
 50
90.0
100
AcDbRotatedDimension
  0
DIMENSION
  5
ED0B
102
{ACAD_REACTORS
330
ED22
102
}
102
{ACAD_XDICTIONARY
360
ED18
102
}
330
1F
100
AcDbEntity
  8
A_DIM
100
AcDbDimension
280
     0
  2
*D428
 10
313.4671163754942
 20
-155.4514708540428
 30
0.0
 11
313.3405304273359
 21
-154.5764708540428
 31
0.0
 70
    32
  1

 71
     5
 42
1.749999999999943
 73
     0
 74
     0
 75
     0
  3
DIM VILLA
100
AcDbAlignedDimension
 13
312.9475045697704
 23
-153.7014708540428
 33
0.0
 14
312.9066376967054
 24
-155.4514708540427
 34
0.0
 52
0.0
 50
90.0
100
AcDbRotatedDimension
  0
DIMENSION
  5
ED68
102
{ACAD_REACTORS
330
ED7F
102
}
102
{ACAD_XDICTIONARY
360
ED75
102
}
330
1F
100
AcDbEntity
  8
A_DIM
100
AcDbDimension
280
     0
  2
*D429
 10
317.2175045697704
 20
-156.08586699348
 30
0.0
 11
313.9825045697704
 21
-155.9592810453217
 31
0.0
 70
    32
  1

 71
     5
 42
6.46999999999997
 73
     0
 74
     0
 75
     0
  3
DIM VILLA
100
AcDbAlignedDimension
 13
310.7475045697704
 23
-155.6914708540426
 33
0.0
 14
317.2175045697704
 24
-155.6914708540429
 34
0.0
 52
0.0
100
AcDbRotatedDimension
  0
DIMENSION
  5
ED9B
102
{ACAD_REACTORS
330
EDB2
102
}
102
{ACAD_XDICTIONARY
360
EDA8
102
}
330
1F
100
AcDbEntity
  8
A_DIM
100
AcDbDimension
280
     0
  2
*D430
 10
317.0875045697704
 20
-155.1513274169045
 30
0.0
 11
313.9175045697704
 21
-155.0246903091282
 31
0.0
 70
    32
  1

 71
     5
 42
6.339999999999975
 73
     0
 74
     0
 75
     0
  3
DIM VILLA
100
AcDbAlignedDimension
 13
310.7475045697704
 23
-155.4514708540427
 33
0.0
 14
317.0875045697704
 24
-155.4514708540427
 34
0.0
 52
0.0
100
AcDbRotatedDimension
  0
DIMENSION
  5
EDB3
330
1F
100
AcDbEntity
  8
A_DIM
100
AcDbDimension
280
     0
  2
*D431
 10
316.7548347241595
 20
-150.5014708540428
 30
0.0
 11
316.6282487760012
 21
-152.9764708540428
 31
0.0
 70
    32
  1

 71
     5
 42
4.949999999999989
 73
     0
 74
     0
 75
     0
  3
DIM VILLA
100
AcDbAlignedDimension
 13
317.0875045697704
 23
-155.4514708540427
 33
0.0
 14
317.0875045697704
 24
-150.5014708540427
 34
0.0
 52
0.0
 50
90.0
100
AcDbRotatedDimension
  0
DIMENSION
  5
EDC0
102
{ACAD_REACTORS
330
EDD7
102
}
102
{ACAD_XDICTIONARY
360
EDCD
102
}
330
1F
100
AcDbEntity
  8
A_DIM
100
AcDbDimension
280
     0
  2
*D432
 10
312.4294618820705
 20
-153.4614708540427
 30
0.0
 11
312.3028759339122
 21
-151.9814708540428
 31
0.0
 70
    32
  1

 71
     5
 42
2.95999999999998
 73
     0
 74
     0
 75
     0
  3
DIM VILLA
100
AcDbAlignedDimension
 13
312.7075045697704
 23
-150.5014708540427
 33
0.0
 14
312.7075045697704
 24
-153.4614708540427
 34
0.0
 52
0.0
 50
90.0
100
AcDbRotatedDimension
  0
DIMENSION
  5
EDD8
330
1F
100
AcDbEntity
  8
A_DIM
100
AcDbDimension
280
     0
  2
*D433
 10
312.7075045697704
 20
-150.7630659997972
 30
0.0
 11
311.4725045697704
 21
-150.6377590420891
 31
0.0
 70
    32
  1

 71
     5
 42
2.470000000000027
 73
     0
 74
     0
 75
     0
  3
DIM VILLA
100
AcDbAlignedDimension
 13
310.2375045697704
 23
-150.5014708540427
 33
0.0
 14
312.7075045697704
 24
-150.5014708540428
 34
0.0
 52
0.0
100
AcDbRotatedDimension
  0
LINE
  5
EDF7
330
1F
100
AcDbEntity
  8
A-FIXTURES
100
AcDbLine
 10
308.5475045697704
 20
-154.3014708540427
 30
0.0
 11
310.5075045697704
 21
-154.3014708540427
 31
0.0
  0
DIMENSION
  5
EDF8
102
{ACAD_REACTORS
330
EE0F
102
}
102
{ACAD_XDICTIONARY
360
EE05
102
}
330
1F
100
AcDbEntity
  8
A_DIM
100
AcDbDimension
280
     0
  2
*D434
 10
310.5075045697704
 20
-153.9731442478501
 30
0.0
 11
309.5275045697704
 21
-153.8465582996918
 31
0.0
 70
    32
  1

 71
     5
 42
1.95999999999998
 73
     0
 74
     0
 75
     0
  3
DIM VILLA
100
AcDbAlignedDimension
 13
308.5475045697704
 23
-153.7014708540427
 33
0.0
 14
310.5075045697704
 24
-153.7014708540427
 34
0.0
 52
0.0
100
AcDbRotatedDimension
  0
DIMENSION
  5
EE10
102
{ACAD_REACTORS
330
EE27
102
}
102
{ACAD_XDICTIONARY
360
EE1D
102
}
330
1F
100
AcDbEntity
  8
A_DIM
100
AcDbDimension
280
     0
  2
*D435
 10
309.130861334707
 20
-157.0514708540427
 30
0.0
 11
309.0042242269306
 21
-155.3764708540428
 31
0.0
 70
    32
  1

 71
     5
 42
3.349999999999994
 73
     0
 74
     0
 75
     0
  3
DIM VILLA
100
AcDbAlignedDimension
 13
308.5475045697704
 23
-153.7014708540427
 33
0.0
 14
308.5475045697704
 24
-157.0514708540427
 34
0.0
 52
0.0
 50
90.0
100
AcDbRotatedDimension
  0
DIMENSION
  5
EE28
102
{ACAD_REACTORS
330
EE3F
102
}
102
{ACAD_XDICTIONARY
360
EE35
102
}
330
1F
100
AcDbEntity
  8
A_DIM
100
AcDbDimension
280
     0
  2
*D436
 10
305.3652315345363
 20
-151.8014708540427
 30
0.0
 11
305.2385944267599
 21
-153.5514708540428
 31
0.0
 70
    32
  1

 71
     5
 42
3.500000000000057
 73
     0
 74
     0
 75
     0
  3
DIM VILLA
100
AcDbAlignedDimension
 13
305.5275045697704
 23
-155.3014708540427
 33
0.0
 14
305.5275045697704
 24
-151.8014708540426
 34
0.0
 52
0.0
 50
90.0
100
AcDbRotatedDimension
  0
DIMENSION
  5
EE40
102
{ACAD_REACTORS
330
EE57
102
}
102
{ACAD_XDICTIONARY
360
EE4D
102
}
330
1F
100
AcDbEntity
  8
A_DIM
100
AcDbDimension
280
     0
  2
*D437
 10
304.5942937832062
 20
-151.8014708540427
 30
0.0
 11
304.4676566754299
 21
-153.4314708540428
 31
0.0
 70
    32
  1

 71
     5
 42
3.259999999999962
 73
     0
 74
     0
 75
     0
  3
DIM VILLA
100
AcDbAlignedDimension
 13
304.4575045697704
 23
-155.0614708540426
 33
0.0
 14
304.4575045697703
 24
-151.8014708540427
 34
0.0
 52
0.0
 50
90.0
100
AcDbRotatedDimension
  0
DIMENSION
  5
EE6C
102
{ACAD_REACTORS
330
EE83
102
}
102
{ACAD_XDICTIONARY
360
EE79
102
}
330
1F
100
AcDbEntity
  8
A_DIM
100
AcDbDimension
280
     0
  2
*D438
 10
310.5075045697704
 20
-156.8355472093217
 30
0.0
 11
309.1125045697704
 21
-156.7089612611634
 31
0.0
 70
    32
  1

 71
     5
 42
2.79000000000002
 73
     0
 74
     0
 75
     0
  3
DIM VILLA
100
AcDbAlignedDimension
 13
307.7175045697704
 23
-157.0514708540427
 33
0.0
 14
310.5075045697704
 24
-157.0514708540427
 34
0.0
 52
0.0
100
AcDbRotatedDimension
  0
DIMENSION
  5
EE84
102
{ACAD_REACTORS
330
EE9B
102
}
102
{ACAD_XDICTIONARY
360
EE91
102
}
330
1F
100
AcDbEntity
  8
A_DIM
100
AcDbDimension
280
     0
  2
*D439
 10
307.4379350035439
 20
-158.3814708540428
 30
0.0
 11
307.3112978957675
 21
-157.7164708540428
 31
0.0
 70
    32
  1

 71
     5
 42
1.330000000000013
 73
     0
 74
     0
 75
     0
  3
DIM VILLA
100
AcDbAlignedDimension
 13
307.7175045697704
 23
-157.0514708540427
 33
0.0
 14
307.7175045697705
 24
-158.3814708540427
 34
0.0
 52
0.0
 50
90.0
100
AcDbRotatedDimension
  0
DIMENSION
  5
EE9C
102
{ACAD_REACTORS
330
EEB3
102
}
102
{ACAD_XDICTIONARY
360
EEA9
102
}
330
1F
100
AcDbEntity
  8
A_DIM
100
AcDbDimension
280
     0
  2
*D440
 10
304.4575045697704
 20
-156.8355472093217
 30
0.0
 11
306.0875045697704
 21
-156.7089101015454
 31
0.0
 70
    32
  1

 71
     5
 42
3.259999999999991
 73
     0
 74
     0
 75
     0
  3
DIM VILLA
100
AcDbAlignedDimension
 13
307.7175045697704
 23
-157.0514708540427
 33
0.0
 14
304.4575045697704
 24
-157.0514708540427
 34
0.0
 52
0.0
100
AcDbRotatedDimension
  0
DIMENSION
  5
EEB4
102
{ACAD_REACTORS
330
EECB
102
}
102
{ACAD_XDICTIONARY
360
EEC1
102
}
330
1F
100
AcDbEntity
  8
A_DIM
100
AcDbDimension
280
     0
  2
*D441
 10
308.4138950243229
 20
-157.0514708540427
 30
0.0
 11
308.2873090761645
 21
-156.1764708540428
 31
0.0
 70
    32
  1

 71
     5
 42
1.75
 73
     0
 74
     0
 75
     0
  3
DIM VILLA
100
AcDbAlignedDimension
 13
308.5475045697704
 23
-155.3014708540427
 33
0.0
 14
308.5475045697704
 24
-157.0514708540427
 34
0.0
 52
0.0
 50
90.0
100
AcDbRotatedDimension
  0
LWPOLYLINE
  5
EED6
330
1F
100
AcDbEntity
  8
A_WALL
100
AcDbPolyline
 90
        4
 70
     1
 43
0.0
 10
304.4175045697704
 20
-158.5814708540427
 10
305.5575045697703
 20
-158.5814708540427
 10
305.5575045697703
 20
-158.7314708540427
 10
304.4175045697704
 20
-158.7314708540427
  0
LWPOLYLINE
  5
EEEA
330
1F
100
AcDbEntity
  8
A_WALL
100
AcDbPolyline
 90
        4
 70
     1
 43
0.0
 10
307.9175045697704
 20
-157.2514708540427
 10
308.1875045697705
 20
-157.2514708540427
 10
308.1875045697705
 20
-158.3814708540427
 10
307.9175045697704
 20
-158.3814708540427
  0
DIMENSION
  5
EF06
102
{ACAD_REACTORS
330
EF1D
102
}
102
{ACAD_XDICTIONARY
360
EF13
102
}
330
1F
100
AcDbEntity
  8
A_DIM
100
AcDbDimension
280
     0
  2
*D442
 10
348.577607399918
 20
-151.0213895670943
 30
0.0
 11
346.067607399918
 21
-150.894803618936
 31
0.0
 70
    32
  1

 71
     5
 42
5.020000000000039
 73
     0
 74
     0
 75
     0
  3
DIM VILLA
100
AcDbAlignedDimension
 13
343.557607399918
 23
-151.8014708540427
 33
0.0
 14
348.577607399918
 24
-151.8014708540427
 34
0.0
 52
0.0
100
AcDbRotatedDimension
  0
DIMENSION
  5
EF1E
102
{ACAD_REACTORS
330
EF35
102
}
102
{ACAD_XDICTIONARY
360
EF2B
102
}
330
1F
100
AcDbEntity
  8
A_DIM
100
AcDbDimension
280
     0
  2
*D443
 10
347.6044370393154
 20
-155.7534708540427
 30
0.0
 11
347.477799931539
 21
-153.7774708540428
 31
0.0
 70
    32
  1

 71
     5
 42
3.951999999999998
 73
     0
 74
     0
 75
     0
  3
DIM VILLA
100
AcDbAlignedDimension
 13
348.577607399918
 23
-151.8014708540427
 33
0.0
 14
347.9776073999179
 24
-155.7534708540427
 34
0.0
 52
0.0
 50
90.0
100
AcDbRotatedDimension
  0
DIMENSION
  5
EF36
102
{ACAD_REACTORS
330
EF4D
102
}
102
{ACAD_XDICTIONARY
360
EF43
102
}
330
1F
100
AcDbEntity
  8
A_DIM
100
AcDbDimension
280
     0
  2
*D444
 10
347.6044370393156
 20
-157.3274708540427
 30
0.0
 11
347.4778510911572
 21
-156.6024708540428
 31
0.0
 70
    32
  1

 71
     5
 42
1.450000000000017
 73
     0
 74
     0
 75
     0
  3
DIM VILLA
100
AcDbAlignedDimension
 13
347.9776073999179
 23
-155.8774708540427
 33
0.0
 14
347.977607399918
 24
-157.3274708540427
 34
0.0
 52
0.0
 50
90.0
100
AcDbRotatedDimension
  0
DIMENSION
  5
EF4E
102
{ACAD_REACTORS
330
EF65
102
}
102
{ACAD_XDICTIONARY
360
EF5B
102
}
330
1F
100
AcDbEntity
  8
A_DIM
100
AcDbDimension
280
     0
  2
*D445
 10
347.5744370393161
 20
-161.3514708540427
 30
0.0
 11
347.4477999315397
 21
-159.4014708540428
 31
0.0
 70
    32
  1

 71
     5
 42
3.900000000000006
 73
     0
 74
     0
 75
     0
  3
DIM VILLA
100
AcDbAlignedDimension
 13
347.9308262410109
 23
-157.4514708540427
 33
0.0
 14
347.9308262410109
 24
-161.3514708540427
 34
0.0
 52
0.0
 50
90.0
100
AcDbRotatedDimension
  0
DIMENSION
  5
EF66
102
{ACAD_REACTORS
330
EF7D
102
}
102
{ACAD_XDICTIONARY
360
EF73
102
}
330
1F
100
AcDbEntity
  8
A_DIM
100
AcDbDimension
280
     0
  2
*D446
 10
349.6234869028921
 20
-162.193767576097
 30
0.0
 11
346.1184869028921
 21
-162.0671816279387
 31
0.0
 70
    32
  1

 71
     5
 42
7.009999999999991
 73
     0
 74
     0
 75
     0
  3
DIM VILLA
100
AcDbAlignedDimension
 13
342.6134869028921
 23
-161.3514708540427
 33
0.0
 14
349.6234869028921
 24
-161.3514708540427
 34
0.0
 52
0.0
100
AcDbRotatedDimension
  0
DIMENSION
  5
EF7E
102
{ACAD_REACTORS
330
EF95
102
}
102
{ACAD_XDICTIONARY
360
EF8B
102
}
330
1F
100
AcDbEntity
  8
A_DIM
100
AcDbDimension
280
     0
  2
*D447
 10
343.0100543001653
 20
-161.3514708540427
 30
0.0
 11
342.8834683520069
 21
-160.3714708540428
 31
0.0
 70
    32
  1

 71
     5
 42
1.960000000000008
 73
     0
 74
     0
 75
     0
  3
DIM VILLA
100
AcDbAlignedDimension
 13
342.6134869028921
 23
-159.3914708540427
 33
0.0
 14
342.6134869028921
 24
-161.3514708540427
 34
0.0
 52
0.0
 50
90.0
100
AcDbRotatedDimension
  0
DIMENSION
  5
EF96
102
{ACAD_REACTORS
330
EFAD
102
}
102
{ACAD_XDICTIONARY
360
EFA3
102
}
330
1F
100
AcDbEntity
  8
A_DIM
100
AcDbDimension
280
     0
  2
*D448
 10
343.5534869028921
 20
-159.7454440535536
 30
0.0
 11
343.0834869028921
 21
-159.6188581053953
 31
0.0
 70
    32
  1

 71
     5
 42
0.9399999999999977
 73
     0
 74
     0
 75
     0
  3
DIM VILLA
100
AcDbAlignedDimension
 13
342.6134869028921
 23
-159.3914708540427
 33
0.0
 14
343.5534869028921
 24
-159.3914708540427
 34
0.0
 52
0.0
100
AcDbRotatedDimension
  0
DIMENSION
  5
EFED
102
{ACAD_REACTORS
330
F004
102
}
102
{ACAD_XDICTIONARY
360
EFFA
102
}
330
1F
100
AcDbEntity
  8
A_DIM
100
AcDbDimension
280
     0
  2
*D449
 10
344.6203204376104
 20
-161.3514708540427
 30
0.0
 11
344.493734489452
 21
-156.5764708540428
 31
0.0
 70
    32
  1

 71
     5
 42
9.549999999999983
 73
     0
 74
     0
 75
     0
  3
DIM VILLA
100
AcDbAlignedDimension
 13
344.321591177347
 23
-151.8014708540427
 33
0.0
 14
344.3215911773471
 24
-161.3514708540427
 34
0.0
 52
0.0
 50
90.0
100
AcDbRotatedDimension
  0
DIMENSION
  5
F005
102
{ACAD_REACTORS
330
F020
102
}
102
{ACAD_XDICTIONARY
360
F014
102
}
330
1F
100
AcDbEntity
  8
A_DIM
100
AcDbDimension
280
     0
  2
*D450
 10
345.1606633136828
 20
-155.6664708540428
 30
0.0
 11
345.0340262059064
 21
-155.7314708540428
 31
0.0
 70
    32
  1

 71
     5
 42
0.1299999999999955
 73
     0
 74
     0
 75
     0
  3
DIM VILLA
100
AcDbAlignedDimension
 13
344.162607399918
 23
-155.7964708540427
 33
0.0
 14
344.162607399918
 24
-155.6664708540427
 34
0.0
 52
0.0
 50
90.0
100
AcDbRotatedDimension
  0
DIMENSION
  5
F021
102
{ACAD_REACTORS
330
F038
102
}
102
{ACAD_XDICTIONARY
360
F02E
102
}
330
1F
100
AcDbEntity
  8
A_DIM
100
AcDbDimension
280
     0
  2
*D451
 10
345.160663313683
 20
-154.2964708540428
 30
0.0
 11
345.0340262059066
 21
-154.9814708540428
 31
0.0
 70
    32
  1

 71
     5
 42
1.370000000000005
 73
     0
 74
     0
 75
     0
  3
DIM VILLA
100
AcDbAlignedDimension
 13
344.162607399918
 23
-155.6664708540427
 33
0.0
 14
344.162607399918
 24
-154.2964708540427
 34
0.0
 52
0.0
 50
90.0
100
AcDbRotatedDimension
  0
DIMENSION
  5
F039
102
{ACAD_REACTORS
330
F054
102
}
102
{ACAD_XDICTIONARY
360
F048
102
}
330
1F
100
AcDbEntity
  8
A_DIM
100
AcDbDimension
280
     0
  2
*D452
 10
345.1606633136832
 20
-154.1614708540428
 30
0.0
 11
345.0340773655249
 21
-154.2289708540428
 31
0.0
 70
    32
  1

 71
     5
 42
0.1349999999999909
 73
     0
 74
     0
 75
     0
  3
DIM VILLA
100
AcDbAlignedDimension
 13
344.162607399918
 23
-154.2964708540427
 33
0.0
 14
344.162607399918
 24
-154.1614708540427
 34
0.0
 52
0.0
 50
90.0
100
AcDbRotatedDimension
  0
DIMENSION
  5
F055
102
{ACAD_REACTORS
330
F06C
102
}
102
{ACAD_XDICTIONARY
360
F062
102
}
330
1F
100
AcDbEntity
  8
A_DIM
100
AcDbDimension
280
     0
  2
*D453
 10
345.1606633136835
 20
-151.8014708540427
 30
0.0
 11
345.0340262059071
 21
-152.9814708540428
 31
0.0
 70
    32
  1

 71
     5
 42
2.360000000000014
 73
     0
 74
     0
 75
     0
  3
DIM VILLA
100
AcDbAlignedDimension
 13
344.162607399918
 23
-154.1614708540427
 33
0.0
 14
344.321591177347
 24
-151.8014708540427
 34
0.0
 52
0.0
 50
90.0
100
AcDbRotatedDimension
  0
DIMENSION
  5
F07F
102
{ACAD_REACTORS
330
F096
102
}
102
{ACAD_XDICTIONARY
360
F08C
102
}
330
1F
100
AcDbEntity
  8
A_DIM
100
AcDbDimension
280
     0
  2
*D454
 10
344.0263390582634
 20
-157.0914708540427
 30
0.0
 11
343.899701950487
 21
-158.2414708540428
 31
0.0
 70
    32
  1

 71
     5
 42
2.299999999999983
 73
     0
 74
     0
 75
     0
  3
DIM VILLA
100
AcDbAlignedDimension
 13
343.5534869028921
 23
-159.3914708540427
 33
0.0
 14
343.5534869028921
 24
-157.0914708540427
 34
0.0
 52
0.0
 50
90.0
100
AcDbRotatedDimension
  0
DIMENSION
  5
F097
102
{ACAD_REACTORS
330
F0AE
102
}
102
{ACAD_XDICTIONARY
360
F0A4
102
}
330
1F
100
AcDbEntity
  8
A_DIM
100
AcDbDimension
280
     0
  2
*D455
 10
344.0263390582636
 20
-156.1514708540427
 30
0.0
 11
343.8997531101052
 21
-156.6214708540428
 31
0.0
 70
    32
  1

 71
     5
 42
0.9399999999999977
 73
     0
 74
     0
 75
     0
  3
DIM VILLA
100
AcDbAlignedDimension
 13
343.5834869028922
 23
-157.0914708540427
 33
0.0
 14
343.5834869028922
 24
-156.1514708540427
 34
0.0
 52
0.0
 50
90.0
100
AcDbRotatedDimension
  0
DIMENSION
  5
F0B8
102
{ACAD_REACTORS
330
F0CF
102
}
102
{ACAD_XDICTIONARY
360
F0C5
102
}
330
1F
100
AcDbEntity
  8
A_DIM
100
AcDbDimension
280
     0
  2
*D456
 10
343.2834869028922
 20
-157.9544662611577
 30
0.0
 11
342.4534869028921
 21
-157.8278803129994
 31
0.0
 70
    32
  1

 71
     5
 42
1.660000000000025
 73
     0
 74
     0
 75
     0
  3
DIM VILLA
100
AcDbAlignedDimension
 13
341.6234869028921
 23
-157.3414708540427
 33
0.0
 14
343.2834869028922
 24
-157.3414708540427
 34
0.0
 52
0.0
100
AcDbRotatedDimension
  0
DIMENSION
  5
F0D0
102
{ACAD_REACTORS
330
F0E7
102
}
102
{ACAD_XDICTIONARY
360
F0DD
102
}
330
1F
100
AcDbEntity
  8
A_DIM
100
AcDbDimension
280
     0
  2
*D457
 10
342.0127320258064
 20
-157.3414708540428
 30
0.0
 11
341.8874250680982
 21
-156.6214708540429
 31
0.0
 70
    32
  1

 71
     5
 42
1.439999999999998
 73
     0
 74
     0
 75
     0
  3
DIM VILLA
100
AcDbAlignedDimension
 13
341.6234869028921
 23
-155.9014708540427
 33
0.0
 14
341.6234869028921
 24
-157.3414708540427
 34
0.0
 52
0.0
 50
90.0
100
AcDbRotatedDimension
  0
DIMENSION
  5
F0F1
102
{ACAD_REACTORS
330
F108
102
}
102
{ACAD_XDICTIONARY
360
F0FE
102
}
330
1F
100
AcDbEntity
  8
A_DIM
100
AcDbDimension
280
     0
  2
*D458
 10
337.9734869028921
 20
-156.3351448934798
 30
0.0
 11
338.7634869028921
 21
-156.2085589453215
 31
0.0
 70
    32
  1

 71
     5
 42
1.580000000000041
 73
     0
 74
     0
 75
     0
  3
DIM VILLA
100
AcDbAlignedDimension
 13
339.5534869028921
 23
-155.9014708540427
 33
0.0
 14
337.9734869028921
 24
-155.9014708540427
 34
0.0
 52
0.0
100
AcDbRotatedDimension
  0
DIMENSION
  5
F109
102
{ACAD_REACTORS
330
F120
102
}
102
{ACAD_XDICTIONARY
360
F116
102
}
330
1F
100
AcDbEntity
  8
A_DIM
100
AcDbDimension
280
     0
  2
*D459
 10
340.7534869028921
 20
-156.3351448934798
 30
0.0
 11
340.1534869028922
 21
-156.2085589453215
 31
0.0
 70
    32
  1

 71
     5
 42
1.199999999999989
 73
     0
 74
     0
 75
     0
  3
DIM VILLA
100
AcDbAlignedDimension
 13
339.5534869028921
 23
-155.9014708540427
 33
0.0
 14
340.7534869028921
 24
-155.9014708540427
 34
0.0
 52
0.0
100
AcDbRotatedDimension
  0
DIMENSION
  5
F121
102
{ACAD_REACTORS
330
F13C
102
}
102
{ACAD_XDICTIONARY
360
F130
102
}
330
1F
100
AcDbEntity
  8
A_DIM
100
AcDbDimension
280
     0
  2
*D460
 10
341.3434869028922
 20
-156.3351448934798
 30
0.0
 11
341.0484869028921
 21
-156.2085589453215
 31
0.0
 70
    32
  1

 71
     5
 42
0.5900000000000887
 73
     0
 74
     0
 75
     0
  3
DIM VILLA
100
AcDbAlignedDimension
 13
340.7534869028921
 23
-155.9014708540427
 33
0.0
 14
341.3434869028922
 24
-155.9014708540427
 34
0.0
 52
0.0
100
AcDbRotatedDimension
  0
DIMENSION
  5
FFCE
102
{ACAD_REACTORS
330
FFE5
102
}
102
{ACAD_XDICTIONARY
360
FFDB
102
}
330
1F
100
AcDbEntity
  8
A_DIM
100
AcDbDimension
280
     0
  2
*D461
 10
340.5428683227107
 20
-151.8014708540427
 30
0.0
 11
340.4162823745523
 21
-153.8514708540428
 31
0.0
 70
    32
  1

 71
     5
 42
4.10000000000008
 73
     0
 74
     0
 75
     0
  3
DIM VILLA
100
AcDbAlignedDimension
 13
340.7534869028921
 23
-155.9014708540427
 33
0.0
 14
340.7534869028921
 24
-151.8014708540426
 34
0.0
 52
0.0
 50
90.0
100
AcDbRotatedDimension
  0
DIMENSION
  5
FFE6
102
{ACAD_REACTORS
330
FFFD
102
}
102
{ACAD_XDICTIONARY
360
FFF3
102
}
330
1F
100
AcDbEntity
  8
A_DIM
100
AcDbDimension
280
     0
  2
*D462
 10
340.7534869028921
 20
-151.0213895670943
 30
0.0
 11
339.4784869028921
 21
-150.894803618936
 31
0.0
 70
    32
  1

 71
     5
 42
2.550000000000011
 73
     0
 74
     0
 75
     0
  3
DIM VILLA
100
AcDbAlignedDimension
 13
338.2034869028921
 23
-151.8014708540427
 33
0.0
 14
340.7534869028921
 24
-151.8014708540427
 34
0.0
 52
0.0
100
AcDbRotatedDimension
  0
DIMENSION
  5
FFFE
102
{ACAD_REACTORS
330
10015
102
}
102
{ACAD_XDICTIONARY
360
1000B
102
}
330
1F
100
AcDbEntity
  8
A_DIM
100
AcDbDimension
280
     0
  2
*D463
 10
343.2834869028922
 20
-151.0213895670943
 30
0.0
 11
342.1384869028922
 21
-150.894803618936
 31
0.0
 70
    32
  1

 71
     5
 42
2.29000000000002
 73
     0
 74
     0
 75
     0
  3
DIM VILLA
100
AcDbAlignedDimension
 13
340.9934869028921
 23
-151.8014708540427
 33
0.0
 14
343.2834869028922
 24
-151.8014708540427
 34
0.0
 52
0.0
100
AcDbRotatedDimension
  0
LWPOLYLINE
  5
1003D
330
1F
100
AcDbEntity
  8
A_DOOR
100
AcDbPolyline
 90
        4
 70
     1
 43
0.0
 10
310.7475045697695
 20
-155.2414708540428
 10
310.7475045697695
 20
-155.2914708540428
 10
311.5575045697697
 20
-155.2914708540428
 10
311.5575045697697
 20
-155.2414708540428
  0
LWPOLYLINE
  5
1003E
330
1F
100
AcDbEntity
  8
A_DOOR
100
AcDbPolyline
 90
        6
 70
     1
 43
0.0
 10
310.7475045697705
 20
-155.3214708540427
 10
310.7475045697705
 20
-155.2914708540427
 10
310.6975045697704
 20
-155.2914708540427
 10
310.6975045697704
 20
-155.2714708540427
 10
310.5075045697704
 20
-155.2714708540427
 10
310.5075045697704
 20
-155.3214708540427
  0
LWPOLYLINE
  5
1003F
330
1F
100
AcDbEntity
  8
A_DOOR
100
AcDbPolyline
 90
        6
 70
     1
 43
0.0
 10
310.7475045697695
 20
-154.4014708540427
 10
310.7475045697695
 20
-154.4314708540427
 10
310.6975045697695
 20
-154.4314708540427
 10
310.6975045697695
 20
-154.4514708540427
 10
310.5075045697695
 20
-154.4514708540427
 10
310.5075045697695
 20
-154.4014708540427
  0
ARC
  5
10041
330
1F
100
AcDbEntity
  8
A_DOOR
100
AcDbCircle
 10
310.7475045697695
 20
-155.2414708540428
 30
-5.210918073435406E-29
 40
0.8100000000001867
100
AcDbArc
 50
0.0
 51
90.0
  0
LWPOLYLINE
  5
10042
330
1F
100
AcDbEntity
  8
A_DOOR
100
AcDbPolyline
 90
        4
 70
     1
 43
0.0
 10
310.7475045697695
 20
-155.9014708540425
 10
310.7475045697695
 20
-155.8514708540425
 10
311.5575045697697
 20
-155.8514708540425
 10
311.5575045697697
 20
-155.9014708540425
  0
LWPOLYLINE
  5
10043
330
1F
100
AcDbEntity
  8
A_DOOR
100
AcDbPolyline
 90
        6
 70
     1
 43
0.0
 10
310.7475045697705
 20
-155.8214708540426
 10
310.7475045697705
 20
-155.8514708540426
 10
310.6975045697704
 20
-155.8514708540426
 10
310.6975045697704
 20
-155.8714708540426
 10
310.5075045697704
 20
-155.8714708540426
 10
310.5075045697704
 20
-155.8214708540426
  0
LWPOLYLINE
  5
10044
330
1F
100
AcDbEntity
  8
A_DOOR
100
AcDbPolyline
 90
        6
 70
     1
 43
0.0
 10
310.7475045697695
 20
-156.7414708540426
 10
310.7475045697695
 20
-156.7114708540426
 10
310.6975045697695
 20
-156.7114708540426
 10
310.6975045697695
 20
-156.6914708540426
 10
310.5075045697695
 20
-156.6914708540426
 10
310.5075045697695
 20
-156.7414708540426
  0
ARC
  5
10045
330
1F
100
AcDbEntity
  8
A_DOOR
100
AcDbCircle
 10
310.7475045697695
 20
-155.9014708540425
 30
-5.210918073435406E-29
 40
0.8100000000001867
100
AcDbArc
 50
270.0
 51
0.0
  0
LWPOLYLINE
  5
1004F
330
1F
100
AcDbEntity
  8
A_DOOR
100
AcDbPolyline
 90
        4
 70
     1
 43
0.0
 10
312.1175045697705
 20
-153.4614708540436
 10
312.1675045697705
 20
-153.4614708540436
 10
312.1675045697705
 20
-152.7714708540435
 10
312.1175045697705
 20
-152.7714708540435
  0
LWPOLYLINE
  5
10050
330
1F
100
AcDbEntity
  8
A_DOOR
100
AcDbPolyline
 90
        6
 70
     1
 43
0.0
 10
312.1975045697704
 20
-153.4614708540427
 10
312.1675045697704
 20
-153.4614708540427
 10
312.1675045697704
 20
-153.5114708540427
 10
312.1475045697704
 20
-153.5114708540427
 10
312.1475045697704
 20
-153.7014708540428
 10
312.1975045697704
 20
-153.7014708540428
  0
LWPOLYLINE
  5
10051
330
1F
100
AcDbEntity
  8
A_DOOR
100
AcDbPolyline
 90
        6
 70
     1
 43
0.0
 10
311.3975045697704
 20
-153.4614708540436
 10
311.4275045697704
 20
-153.4614708540436
 10
311.4275045697704
 20
-153.5114708540436
 10
311.4475045697704
 20
-153.5114708540436
 10
311.4475045697704
 20
-153.7014708540437
 10
311.3975045697704
 20
-153.7014708540437
  0
LWPOLYLINE
  5
10053
330
1F
100
AcDbEntity
  8
A_DOOR
100
AcDbPolyline
 90
        4
 70
     1
 43
0.0
 10
310.0875045697713
 20
-153.1814708540428
 10
310.0875045697713
 20
-153.2314708540428
 10
309.3975045697711
 20
-153.2314708540428
 10
309.3975045697711
 20
-153.1814708540428
  0
LWPOLYLINE
  5
10054
330
1F
100
AcDbEntity
  8
A_DOOR
100
AcDbPolyline
 90
        6
 70
     1
 43
0.0
 10
310.0875045697704
 20
-153.2614708540427
 10
310.0875045697704
 20
-153.2314708540427
 10
310.1375045697704
 20
-153.2314708540427
 10
310.1375045697704
 20
-153.2114708540427
 10
310.2375045697704
 20
-153.2114708540427
 10
310.2375045697704
 20
-153.2614708540427
  0
LWPOLYLINE
  5
10055
330
1F
100
AcDbEntity
  8
A_DOOR
100
AcDbPolyline
 90
        6
 70
     1
 43
0.0
 10
310.0875045697713
 20
-152.4614708540427
 10
310.0875045697713
 20
-152.4914708540427
 10
310.1375045697713
 20
-152.4914708540427
 10
310.1375045697713
 20
-152.5114708540427
 10
310.2375045697713
 20
-152.5114708540427
 10
310.2375045697713
 20
-152.4614708540427
  0
ARC
  5
10057
330
1F
100
AcDbEntity
  8
A_DOOR
100
AcDbCircle
 10
310.0875045697713
 20
-153.1814708540428
 30
-5.210918073435406E-29
 40
0.6900000000001537
100
AcDbArc
 50
90.0
 51
180.0
  0
ARC
  5
10061
330
1F
100
AcDbEntity
  8
A_DOOR
100
AcDbCircle
 10
312.1175045697705
 20
-153.4614708540436
 30
-5.210918073435406E-29
 40
0.6900000000001253
100
AcDbArc
 50
90.0
 51
180.0
  0
LWPOLYLINE
  5
10062
330
1F
100
AcDbEntity
  8
A_DOOR
100
AcDbPolyline
 90
        4
 70
     1
 43
0.0
 10
311.1875045697714
 20
-158.4364708540429
 10
311.1875045697714
 20
-158.4864708540429
 10
310.4975045697712
 20
-158.4864708540429
 10
310.4975045697712
 20
-158.4364708540429
  0
LWPOLYLINE
  5
10063
330
1F
100
AcDbEntity
  8
A_DOOR
100
AcDbPolyline
 90
        6
 70
     1
 43
0.0
 10
311.1875045697705
 20
-158.5164708540428
 10
311.1875045697705
 20
-158.4864708540428
 10
311.2375045697705
 20
-158.4864708540428
 10
311.2375045697705
 20
-158.4664708540427
 10
311.3375045697704
 20
-158.4664708540427
 10
311.3375045697704
 20
-158.5164708540428
  0
LWPOLYLINE
  5
10064
330
1F
100
AcDbEntity
  8
A_DOOR
100
AcDbPolyline
 90
        6
 70
     1
 43
0.0
 10
311.1875045697714
 20
-157.7164708540427
 10
311.1875045697714
 20
-157.7464708540427
 10
311.2375045697714
 20
-157.7464708540427
 10
311.2375045697714
 20
-157.7664708540428
 10
311.3375045697713
 20
-157.7664708540428
 10
311.3375045697713
 20
-157.7164708540427
  0
ARC
  5
10065
330
1F
100
AcDbEntity
  8
A_DOOR
100
AcDbCircle
 10
311.1875045697714
 20
-158.4364708540429
 30
-5.210918073435406E-29
 40
0.6900000000001537
100
AcDbArc
 50
90.0
 51
180.0
  0
LWPOLYLINE
  5
1006F
330
1F
100
AcDbEntity
  8
A_DOOR
100
AcDbPolyline
 90
        4
 70
     1
 43
0.0
 10
312.5575045697706
 20
-157.5014708540418
 10
312.6075045697705
 20
-157.5014708540418
 10
312.6075045697705
 20
-158.191470854042
 10
312.5575045697706
 20
-158.191470854042
  0
LWPOLYLINE
  5
10070
330
1F
100
AcDbEntity
  8
A_DOOR
100
AcDbPolyline
 90
        6
 70
     1
 43
0.0
 10
312.6375045697704
 20
-157.5014708540427
 10
312.6075045697704
 20
-157.5014708540427
 10
312.6075045697704
 20
-157.4514708540427
 10
312.5875045697704
 20
-157.4514708540427
 10
312.5875045697704
 20
-157.3514708540428
 10
312.6375045697704
 20
-157.3514708540428
  0
LWPOLYLINE
  5
10071
330
1F
100
AcDbEntity
  8
A_DOOR
100
AcDbPolyline
 90
        6
 70
     1
 43
0.0
 10
311.8375045697704
 20
-157.5014708540418
 10
311.8675045697704
 20
-157.5014708540418
 10
311.8675045697704
 20
-157.4514708540418
 10
311.8875045697704
 20
-157.4514708540418
 10
311.8875045697704
 20
-157.3514708540418
 10
311.8375045697704
 20
-157.3514708540418
  0
ARC
  5
10072
330
1F
100
AcDbEntity
  8
A_DOOR
100
AcDbCircle
 10
312.5575045697706
 20
-157.5014708540418
 30
-5.210918073435406E-29
 40
0.6900000000001537
100
AcDbArc
 50
180.0
 51
270.0
  0
LWPOLYLINE
  5
10097
330
1F
100
AcDbEntity
  8
A_DOOR
100
AcDbPolyline
 90
        4
 70
     1
 43
0.0
 10
302.3275045697712
 20
-156.8814708540428
 10
302.3275045697712
 20
-156.9314708540428
 10
301.637504569771
 20
-156.9314708540428
 10
301.637504569771
 20
-156.8814708540428
  0
LWPOLYLINE
  5
10098
330
1F
100
AcDbEntity
  8
A_DOOR
100
AcDbPolyline
 90
        6
 70
     1
 43
0.0
 10
302.3275045697703
 20
-156.9614708540427
 10
302.3275045697703
 20
-156.9314708540427
 10
302.3775045697703
 20
-156.9314708540427
 10
302.3775045697703
 20
-156.9114708540426
 10
302.5675045697704
 20
-156.9114708540426
 10
302.5675045697704
 20
-156.9614708540427
  0
LWPOLYLINE
  5
10099
330
1F
100
AcDbEntity
  8
A_DOOR
100
AcDbPolyline
 90
        6
 70
     1
 43
0.0
 10
302.3275045697712
 20
-156.1614708540426
 10
302.3275045697712
 20
-156.1914708540426
 10
302.3775045697712
 20
-156.1914708540426
 10
302.3775045697712
 20
-156.2114708540427
 10
302.5675045697714
 20
-156.2114708540427
 10
302.5675045697714
 20
-156.1614708540426
  0
ARC
  5
1009A
330
1F
100
AcDbEntity
  8
A_DOOR
100
AcDbCircle
 10
302.3275045697712
 20
-156.8814708540428
 30
-5.210918073435406E-29
 40
0.6900000000001537
100
AcDbArc
 50
90.0
 51
180.0
  0
LWPOLYLINE
  5
100A4
330
1F
100
AcDbEntity
  8
A_DOOR
100
AcDbPolyline
 90
        4
 70
     1
 43
0.0
 10
304.2175045697695
 20
-159.2114708540425
 10
304.2175045697695
 20
-159.1614708540426
 10
304.9075045697696
 20
-159.1614708540426
 10
304.9075045697696
 20
-159.2114708540425
  0
LWPOLYLINE
  5
100A5
330
1F
100
AcDbEntity
  8
A_DOOR
100
AcDbPolyline
 90
        6
 70
     1
 43
0.0
 10
304.2175045697704
 20
-159.1314708540427
 10
304.2175045697704
 20
-159.1614708540427
 10
304.1675045697704
 20
-159.1614708540427
 10
304.1675045697704
 20
-159.1814708540427
 10
304.0675045697704
 20
-159.1814708540427
 10
304.0675045697704
 20
-159.1314708540427
  0
LWPOLYLINE
  5
100A6
330
1F
100
AcDbEntity
  8
A_DOOR
100
AcDbPolyline
 90
        6
 70
     1
 43
0.0
 10
304.2175045697695
 20
-159.9314708540427
 10
304.2175045697695
 20
-159.9014708540427
 10
304.1675045697695
 20
-159.9014708540427
 10
304.1675045697695
 20
-159.8814708540427
 10
304.0675045697695
 20
-159.8814708540427
 10
304.0675045697695
 20
-159.9314708540427
  0
ARC
  5
100A7
330
1F
100
AcDbEntity
  8
A_DOOR
100
AcDbCircle
 10
304.2175045697695
 20
-159.2114708540425
 30
-5.210918073435406E-29
 40
0.6900000000001537
100
AcDbArc
 50
270.0
 51
0.0
  0
LWPOLYLINE
  5
100A8
330
1F
100
AcDbEntity
  8
A_DOOR
100
AcDbPolyline
 90
        4
 70
     1
 43
0.0
 10
304.2175045697713
 20
-157.5214708540425
 10
304.2175045697713
 20
-157.4714708540426
 10
303.3875045697711
 20
-157.4714708540426
 10
303.3875045697711
 20
-157.5214708540425
  0
LWPOLYLINE
  5
100A9
330
1F
100
AcDbEntity
  8
A_DOOR
100
AcDbPolyline
 90
        6
 70
     1
 43
0.0
 10
304.2175045697704
 20
-157.4414708540427
 10
304.2175045697704
 20
-157.4714708540427
 10
304.2675045697704
 20
-157.4714708540427
 10
304.2675045697704
 20
-157.4914708540427
 10
304.4575045697704
 20
-157.4914708540427
 10
304.4575045697704
 20
-157.4414708540427
  0
LWPOLYLINE
  5
100AA
330
1F
100
AcDbEntity
  8
A_DOOR
100
AcDbPolyline
 90
        6
 70
     1
 43
0.0
 10
304.2175045697713
 20
-158.3814708540427
 10
304.2175045697713
 20
-158.3514708540427
 10
304.2675045697713
 20
-158.3514708540427
 10
304.2675045697713
 20
-158.3314708540427
 10
304.4575045697713
 20
-158.3314708540427
 10
304.4575045697713
 20
-158.3814708540427
  0
ARC
  5
100AC
330
1F
100
AcDbEntity
  8
A_DOOR
100
AcDbCircle
 10
304.2175045697713
 20
-157.5214708540425
 30
-5.210918073435406E-29
 40
0.8300000000001685
100
AcDbArc
 50
180.0
 51
270.0
  0
LWPOLYLINE
  5
100B6
330
1F
100
AcDbEntity
  8
A_DOOR
100
AcDbPolyline
 90
        4
 70
     1
 43
0.0
 10
304.2175045697713
 20
-156.8314708540428
 10
304.2175045697713
 20
-156.8814708540428
 10
303.3875045697711
 20
-156.8814708540428
 10
303.3875045697711
 20
-156.8314708540428
  0
LWPOLYLINE
  5
100B7
330
1F
100
AcDbEntity
  8
A_DOOR
100
AcDbPolyline
 90
        6
 70
     1
 43
0.0
 10
304.2175045697704
 20
-156.9114708540427
 10
304.2175045697704
 20
-156.8814708540427
 10
304.2675045697704
 20
-156.8814708540427
 10
304.2675045697704
 20
-156.8614708540427
 10
304.4575045697704
 20
-156.8614708540427
 10
304.4575045697704
 20
-156.9114708540427
  0
LWPOLYLINE
  5
100B8
330
1F
100
AcDbEntity
  8
A_DOOR
100
AcDbPolyline
 90
        6
 70
     1
 43
0.0
 10
304.2175045697713
 20
-155.9714708540427
 10
304.2175045697713
 20
-156.0014708540427
 10
304.2675045697713
 20
-156.0014708540427
 10
304.2675045697713
 20
-156.0214708540427
 10
304.4575045697713
 20
-156.0214708540427
 10
304.4575045697713
 20
-155.9714708540427
  0
ARC
  5
100B9
330
1F
100
AcDbEntity
  8
A_DOOR
100
AcDbCircle
 10
304.2175045697713
 20
-156.8314708540428
 30
-5.210918073435406E-29
 40
0.8300000000001685
100
AcDbArc
 50
90.00000000000001
 51
180.0
  0
DIMENSION
  5
100E7
102
{ACAD_REACTORS
330
100FE
102
}
102
{ACAD_XDICTIONARY
360
100F4
102
}
330
1F
100
AcDbEntity
  8
A_DIM
100
AcDbDimension
280
     0
  2
*D464
 10
303.6487507983885
 20
-158.9314708540427
 30
0.0
 11
303.5221136906121
 21
-160.1464708540428
 31
0.0
 70
    32
  1

 71
     5
 42
2.430000000000035
 73
     0
 74
     0
 75
     0
  3
DIM VILLA
100
AcDbAlignedDimension
 13
304.2175045697704
 23
-161.3614708540427
 33
0.0
 14
304.2175045697704
 24
-158.9314708540427
 34
0.0
 52
0.0
 50
90.0
100
AcDbRotatedDimension
  0
DIMENSION
  5
100FF
102
{ACAD_REACTORS
330
10116
102
}
102
{ACAD_XDICTIONARY
360
1010C
102
}
330
1F
100
AcDbEntity
  8
A_DIM
100
AcDbDimension
280
     0
  2
*D465
 10
303.1640964238337
 20
-161.361470854043
 30
0.0
 11
303.0375104756753
 21
-160.011470854043
 31
0.0
 70
    32
  1

 71
     5
 42
2.700000000000216
 73
     0
 74
     0
 75
     0
  3
DIM VILLA
100
AcDbAlignedDimension
 13
304.0675045697704
 23
-158.6614708540427
 33
0.0
 14
304.0675045697704
 24
-161.3614708540429
 34
0.0
 52
0.0
 50
90.0
100
AcDbRotatedDimension
  0
LWPOLYLINE
  5
10124
330
1F
100
AcDbEntity
  8
A_DOOR
100
AcDbPolyline
 90
        4
 70
     1
 43
0.0
 10
342.8034869028922
 20
-153.4014708540436
 10
342.8534869028922
 20
-153.4014708540436
 10
342.8534869028922
 20
-152.6114708540434
 10
342.8034869028922
 20
-152.6114708540434
  0
LWPOLYLINE
  5
10125
330
1F
100
AcDbEntity
  8
A_DOOR
100
AcDbPolyline
 90
        6
 70
     1
 43
0.0
 10
342.8834869028921
 20
-153.4014708540427
 10
342.8534869028921
 20
-153.4014708540427
 10
342.8534869028921
 20
-153.4514708540427
 10
342.833486902892
 20
-153.4514708540427
 10
342.833486902892
 20
-153.5514708540427
 10
342.8834869028921
 20
-153.5514708540427
  0
LWPOLYLINE
  5
10126
330
1F
100
AcDbEntity
  8
A_DOOR
100
AcDbPolyline
 90
        6
 70
     1
 43
0.0
 10
341.9834869028921
 20
-153.4014708540436
 10
342.0134869028921
 20
-153.4014708540436
 10
342.0134869028921
 20
-153.4514708540436
 10
342.0334869028922
 20
-153.4514708540436
 10
342.0334869028922
 20
-153.5514708540436
 10
341.9834869028921
 20
-153.5514708540436
  0
ARC
  5
10128
330
1F
100
AcDbEntity
  8
A_DOOR
100
AcDbCircle
 10
342.8034869028922
 20
-153.4014708540436
 30
-5.210918073435406E-29
 40
0.7900000000000628
100
AcDbArc
 50
90.0
 51
180.0
  0
LWPOLYLINE
  5
10129
330
1F
100
AcDbEntity
  8
A_DOOR
100
AcDbPolyline
 90
        4
 70
     1
 43
0.0
 10
342.8034869028922
 20
-155.7176470447594
 10
342.8534869028922
 20
-155.7176470447594
 10
342.8534869028922
 20
-154.9276470447592
 10
342.8034869028922
 20
-154.9276470447592
  0
LWPOLYLINE
  5
1012A
330
1F
100
AcDbEntity
  8
A_DOOR
100
AcDbPolyline
 90
        6
 70
     1
 43
0.0
 10
342.8834869028921
 20
-155.7176470447585
 10
342.8534869028921
 20
-155.7176470447585
 10
342.8534869028921
 20
-155.7676470447585
 10
342.833486902892
 20
-155.7676470447585
 10
342.833486902892
 20
-155.8676470447584
 10
342.8834869028921
 20
-155.8676470447584
  0
LWPOLYLINE
  5
1012B
330
1F
100
AcDbEntity
  8
A_DOOR
100
AcDbPolyline
 90
        6
 70
     1
 43
0.0
 10
341.9834869028921
 20
-155.7176470447594
 10
342.0134869028921
 20
-155.7176470447594
 10
342.0134869028921
 20
-155.7676470447594
 10
342.0334869028922
 20
-155.7676470447594
 10
342.0334869028922
 20
-155.8676470447594
 10
341.9834869028921
 20
-155.8676470447594
  0
ARC
  5
1012C
330
1F
100
AcDbEntity
  8
A_DOOR
100
AcDbCircle
 10
342.8034869028922
 20
-155.7176470447594
 30
-5.210918073435406E-29
 40
0.7900000000000628
100
AcDbArc
 50
90.0
 51
180.0
  0
DIMENSION
  5
1013F
102
{ACAD_REACTORS
330
10156
102
}
102
{ACAD_XDICTIONARY
360
1014C
102
}
330
1F
100
AcDbEntity
  8
A_DIM
100
AcDbDimension
280
     0
  2
*D466
 10
347.4834869028922
 20
-157.778707337259
 30
0.0
 11
348.5534869028921
 21
-157.6534003795509
 31
0.0
 70
    32
  1

 71
     5
 42
2.13999999999993
 73
     0
 74
     0
 75
     0
  3
DIM VILLA
100
AcDbAlignedDimension
 13
349.6234869028921
 23
-157.4514708540427
 33
0.0
 14
347.4834869028922
 24
-157.4514708540427
 34
0.0
 52
0.0
100
AcDbRotatedDimension
  0
LINE
  5
1017A
330
1F
100
AcDbEntity
  8
A_WALL
100
AcDbLine
 10
340.7534869028921
 20
-158.3814708540426
 30
0.0
 11
339.9334869028921
 21
-158.3814708540427
 31
0.0
  0
LINE
  5
1017B
330
1F
100
AcDbEntity
  8
A_WALL
100
AcDbLine
 10
339.0534869028921
 20
-158.3814708540427
 30
0.0
 11
338.0034869028921
 21
-158.3814708540427
 31
0.0
  0
LINE
  5
1017C
330
1F
100
AcDbEntity
  8
A_WALL
100
AcDbLine
 10
340.7534869028921
 20
-158.5814708540427
 30
0.0
 11
339.9334869028921
 21
-158.5814708540427
 31
0.0
  0
LINE
  5
1017D
330
1F
100
AcDbEntity
  8
A_WALL
100
AcDbLine
 10
339.0534869028922
 20
-158.5814708540427
 30
0.0
 11
338.2034869028921
 21
-158.5814708540427
 31
0.0
  0
LINE
  5
1017E
330
1F
100
AcDbEntity
  8
A_WALL
100
AcDbLine
 10
338.0034869028921
 20
-158.3814708540427
 30
0.0
 11
338.0034869028921
 21
-161.3514708540427
 31
0.0
  0
LINE
  5
1017F
330
1F
100
AcDbEntity
  8
A_WALL
100
AcDbLine
 10
338.2034869028921
 20
-158.5814708540427
 30
0.0
 11
338.2034869028921
 21
-161.3514708540426
 31
0.0
  0
LINE
  5
10180
330
1F
100
AcDbEntity
  8
A_WALL
100
AcDbLine
 10
339.9334869028921
 20
-158.3814708540427
 30
0.0
 11
339.9334869028921
 21
-158.5814708540427
 31
0.0
  0
LINE
  5
10181
330
1F
100
AcDbEntity
  8
A_WALL
100
AcDbLine
 10
339.0534869028921
 20
-158.3814708540427
 30
0.0
 11
339.0534869028922
 21
-158.5814708540427
 31
0.0
  0
LINE
  5
10182
330
1F
100
AcDbEntity
  8
A_WALL
100
AcDbLine
 10
340.1634869028921
 20
-158.3814708540427
 30
0.0
 11
339.9334869028921
 21
-158.3814708540427
 31
0.0
  0
LWPOLYLINE
  5
10183
330
1F
100
AcDbEntity
  8
A_STAIR
100
AcDbPolyline
 90
        6
 70
     0
 43
0.0
 10
339.9334869028921
 20
-158.6514708540427
 10
340.1434869028922
 20
-158.6514708540427
 10
340.1434869028922
 20
-159.7514708540427
 10
338.8434869028921
 20
-159.7514708540427
 10
338.8434869028921
 20
-158.6514708540427
 10
339.0534869028922
 20
-158.6514708540427
  0
LWPOLYLINE
  5
10184
330
1F
100
AcDbEntity
  8
A_STAIR
100
AcDbPolyline
 90
        6
 70
     0
 43
0.0
 10
339.9334869028921
 20
-158.7014708540428
 10
340.0934869028922
 20
-158.7014708540428
 10
340.0934869028922
 20
-159.7014708540427
 10
338.8934869028921
 20
-159.7014708540427
 10
338.8934869028921
 20
-158.7014708540428
 10
339.0534869028922
 20
-158.7014708540428
  0
LINE
  5
10185
330
1F
100
AcDbEntity
  8
A_STAIR
100
AcDbLine
 10
338.8934869028921
 20
-159.7014708540427
 30
0.0
 11
340.0934869028922
 21
-158.7014708540428
 31
0.0
  0
LWPOLYLINE
  5
10186
330
1F
100
AcDbEntity
  8
A_STAIR
100
AcDbPolyline
 90
        2
 70
     0
 43
0.0
 10
339.9334869028921
 20
-158.6514708540427
 10
339.9334869028921
 20
-158.7014708540428
  0
LWPOLYLINE
  5
10187
330
1F
100
AcDbEntity
  8
A_STAIR
100
AcDbPolyline
 90
        4
 70
     1
 43
0.0
 10
339.3034869028922
 20
-158.5914708540427
 10
339.3034869028922
 20
-158.6414708540427
 10
338.8034869028922
 20
-158.6414708540427
 10
338.8034869028922
 20
-158.5914708540427
  0
LINE
  5
10188
330
1F
100
AcDbEntity
  8
A_STAIR
100
AcDbLine
 10
339.0534869028922
 20
-158.6514708540427
 30
0.0
 11
339.0534869028922
 21
-158.7014708540428
 31
0.0
  0
LWPOLYLINE
  5
10189
330
1F
100
AcDbEntity
  8
A_STAIR
100
AcDbPolyline
 90
        4
 70
     1
 43
0.0
 10
339.6834869028921
 20
-158.5914708540427
 10
339.6834869028921
 20
-158.6414708540427
 10
340.1834869028921
 20
-158.6414708540427
 10
340.1834869028921
 20
-158.5914708540427
  0
LINE
  5
1018A
330
1F
100
AcDbEntity
  8
A_STAIR
  6
HIDDEN
 48
0.5
100
AcDbLine
 10
339.0534869028921
 20
-158.3814708540427
 30
0.0
 11
339.9334869028921
 21
-158.3814708540425
 31
0.0
  0
LINE
  5
1018B
330
1F
100
AcDbEntity
  8
A_WALL
100
AcDbLine
 10
338.2034869028921
 20
-161.3514708540427
 30
0.0
 11
340.7534869028921
 21
-161.3514708540427
 31
0.0
  0
LINE
  5
1018C
330
1F
100
AcDbEntity
  8
A_WALL
100
AcDbLine
 10
340.7534869028922
 20
-158.5814708540427
 30
0.0
 11
340.7534869028921
 21
-161.3514708540427
 31
0.0
  0
LWPOLYLINE
  5
10226
330
1F
100
AcDbEntity
  8
0
100
AcDbPolyline
 90
        4
 70
     1
 43
0.0
 10
319.3816944701753
 20
-148.9566476386677
 10
319.3816944701753
 20
-164.2633182912459
 10
297.7398722107457
 20
-164.2633182912459
 10
297.7398722107457
 20
-148.9566476386677
  0
HATCH
  5
10227
330
1F
100
AcDbEntity
  8
0
100
AcDbHatch
 10
0.0
 20
0.0
 30
0.0
210
0.0
220
0.0
230
1.0
  2
SOLID
 70
     1
 71
     1
 91
        2
 92
       16
 93
        4
 72
     1
 10
319.2143503553425
 20
-149.1239917535008
 11
319.2143503553425
 21
-164.0959741764133
 72
     1
 10
319.2143503553425
 20
-164.0959741764133
 11
297.9072163255784
 21
-164.0959741764133
 72
     1
 10
297.9072163255784
 20
-164.0959741764133
 11
297.9072163255784
 21
-149.1239917535008
 72
     1
 10
297.9072163255784
 20
-149.1239917535008
 11
319.2143503553425
 21
-149.1239917535008
 97
        1
330
10228
 92
        1
 93
        4
 72
     1
 10
319.2590449501184
 20
-149.0792971587248
 11
319.2590449501184
 21
-164.1406687711894
 72
     1
 10
319.2590449501184
 20
-164.1406687711894
 11
297.8625217308024
 21
-164.1406687711894
 72
     1
 10
297.8625217308024
 20
-164.1406687711894
 11
297.8625217308024
 21
-149.0792971587248
 72
     1
 10
297.8625217308024
 20
-149.0792971587248
 11
319.2590449501184
 21
-149.0792971587248
 97
        1
330
10229
 75
     1
 76
     1
 98
        1
 10
322.3629049240857
 20
-130.1434095283352
1001
GradientColor1ACI
1070
     5
1001
GradientColor2ACI
1070
     2
1001
ACAD
1010
0.0
1020
0.0
1030
0.0
  0
LWPOLYLINE
  5
10228
102
{ACAD_REACTORS
330
10227
102
}
330
1F
100
AcDbEntity
  8
0
100
AcDbPolyline
 90
        4
 70
     1
 43
0.0
 10
319.2143503553425
 20
-149.1239917535008
 10
319.2143503553425
 20
-164.0959741764133
 10
297.9072163255784
 20
-164.0959741764133
 10
297.9072163255784
 20
-149.1239917535008
  0
LWPOLYLINE
  5
10229
102
{ACAD_REACTORS
330
10227
102
}
330
1F
100
AcDbEntity
  8
0
100
AcDbPolyline
 90
        4
 70
     1
 43
0.0
 10
319.2590449501184
 20
-149.0792971587248
 10
319.2590449501184
 20
-164.1406687711894
 10
297.8625217308024
 20
-164.1406687711894
 10
297.8625217308024
 20
-149.0792971587248
  0
LINE
  5
1022A
330
1F
100
AcDbEntity
  8
0
100
AcDbLine
 10
319.2143503553425
 20
-162.9847840993918
 30
0.0
 11
297.9072163255784
 21
-162.9847840993918
 31
0.0
  0
INSERT
  5
1022B
102
{ACAD_XDICTIONARY
360
1022C
102
}
330
1F
100
AcDbEntity
  8
TILTLE BLOCK_1
100
AcDbBlockReference
 66
     1
  2
*U469
 10
306.2539090581919
 20
-163.5079265737003
 30
0.0
 41
0.02997535082937453
 42
0.02997535082937453
 43
0.02997535082937453
  0
ATTRIB
  5
10233
330
1022B
100
AcDbEntity
  8
TILTLE BLOCK_1
100
AcDbText
 10
309.6135664387674
 20
-163.7748009780482
 30
0.2081446484495952
 40
0.1157288344820492
  1
1:100
 72
     1
 11
309.8158550733924
 21
-163.7169365608071
 31
0.2081446484495952
100
AcDbAttribute
  2
1:00
 70
     0
 74
     2
280
     0
100
AcDbXrecord
280
     0
 70
     1
  0
ATTRIB
  5
10234
330
1022B
100
AcDbEntity
  8
A_TEXT
100
AcDbText
 10
306.6005084032665
 20
-163.6208290124352
 30
0.0
 40
0.1928813908034153
  1
2
 72
     1
 11
306.67543742923
 21
-163.6208290124352
 31
0.0
100
AcDbAttribute
  2
NUMBER
 70
     0
280
     0
100
AcDbXrecord
280
     0
 70
     1
1001
AcDbBlockRepETag
1070
     1
1071
        3
1005
0
  0
ATTRIB
  5
10235
330
1022B
100
AcDbEntity
  8
ara-TEXT
 62
     7
100
AcDbText
 10
307.2075771581394
 20
-163.7918749378806
 30
0.0
 40
0.1157288344820492
  1
SCALE
 11
0.0
 21
0.0
 31
0.0
100
AcDbAttribute
  2
SCALE
 70
     0
280
     0
100
AcDbXrecord
280
     0
 70
     1
1001
AcDbBlockRepETag
1070
     1
1071
        4
1005
0
  0
ATTRIB
  5
10236
330
1022B
100
AcDbEntity
  8
A_TEXT
100
AcDbText
 10
307.1906387716094
 20
-163.4142536023585
 30
0.0
 40
0.1928813908034153
  1
FIRST  FLOOR PLAN
 11
0.0
 21
0.0
 31
0.0
100
AcDbAttribute
  2
NAME
 70
     0
280
     0
100
AcDbXrecord
280
     0
 70
     1
1001
AcDbBlockRepETag
1070
     1
1071
        5
1005
0
  0
SEQEND
  5
10237
330
1022B
100
AcDbEntity
  8
TILTLE BLOCK_1
  0
LWPOLYLINE
  5
1032C
330
1F
100
AcDbEntity
  8
0
100
AcDbPolyline
 90
        4
 70
     1
 43
0.0
 10
351.827676803297
 20
-148.9566476386677
 10
351.827676803297
 20
-164.2633182912459
 10
330.1858545438674
 20
-164.2633182912459
 10
330.1858545438674
 20
-148.9566476386677
  0
HATCH
  5
1032D
330
1F
100
AcDbEntity
  8
0
100
AcDbHatch
 10
0.0
 20
0.0
 30
0.0
210
0.0
220
0.0
230
1.0
  2
SOLID
 70
     1
 71
     1
 91
        2
 92
       16
 93
        4
 72
     1
 10
351.6603326884642
 20
-149.1239917535008
 11
351.6603326884642
 21
-164.0959741764133
 72
     1
 10
351.6603326884642
 20
-164.0959741764133
 11
330.3531986587001
 21
-164.0959741764133
 72
     1
 10
330.3531986587001
 20
-164.0959741764133
 11
330.3531986587001
 21
-149.1239917535008
 72
     1
 10
330.3531986587001
 20
-149.1239917535008
 11
351.6603326884642
 21
-149.1239917535008
 97
        1
330
1032E
 92
        1
 93
        4
 72
     1
 10
351.7050272832402
 20
-149.0792971587248
 11
351.7050272832402
 21
-164.1406687711894
 72
     1
 10
351.7050272832402
 20
-164.1406687711894
 11
330.3085040639241
 21
-164.1406687711894
 72
     1
 10
330.3085040639241
 20
-164.1406687711894
 11
330.3085040639241
 21
-149.0792971587248
 72
     1
 10
330.3085040639241
 20
-149.0792971587248
 11
351.7050272832402
 21
-149.0792971587248
 97
        1
330
1032F
 75
     1
 76
     1
 98
        1
 10
354.8088872572074
 20
-130.1434095283352
1001
GradientColor1ACI
1070
     5
1001
GradientColor2ACI
1070
     2
1001
ACAD
1010
0.0
1020
0.0
1030
0.0
  0
LWPOLYLINE
  5
1032E
102
{ACAD_REACTORS
330
1032D
102
}
330
1F
100
AcDbEntity
  8
0
100
AcDbPolyline
 90
        4
 70
     1
 43
0.0
 10
351.6603326884642
 20
-149.1239917535008
 10
351.6603326884642
 20
-164.0959741764133
 10
330.3531986587001
 20
-164.0959741764133
 10
330.3531986587001
 20
-149.1239917535008
  0
LWPOLYLINE
  5
1032F
102
{ACAD_REACTORS
330
1032D
102
}
330
1F
100
AcDbEntity
  8
0
100
AcDbPolyline
 90
        4
 70
     1
 43
0.0
 10
351.7050272832402
 20
-149.0792971587248
 10
351.7050272832402
 20
-164.1406687711894
 10
330.3085040639241
 20
-164.1406687711894
 10
330.3085040639241
 20
-149.0792971587248
  0
LINE
  5
10330
330
1F
100
AcDbEntity
  8
0
100
AcDbLine
 10
351.6603326884642
 20
-162.9847840993918
 30
0.0
 11
330.3531986587001
 21
-162.9847840993918
 31
0.0
  0
INSERT
  5
10331
102
{ACAD_XDICTIONARY
360
10332
102
}
330
1F
100
AcDbEntity
  8
TILTLE BLOCK_1
100
AcDbBlockReference
 66
     1
  2
*U470
 10
338.6998913913137
 20
-163.5079265737003
 30
0.0
 41
0.02997535082937453
 42
0.02997535082937453
 43
0.02997535082937453
  0
ATTRIB
  5
10339
330
10331
100
AcDbEntity
  8
TILTLE BLOCK_1
100
AcDbText
 10
342.307777559301
 20
-163.7748009780482
 30
0.2081446484495952
 40
0.1157288344820492
  1
1:100
 72
     1
 11
342.510066193926
 21
-163.7169365608071
 31
0.2081446484495952
100
AcDbAttribute
  2
1:00
 70
     0
 74
     2
280
     0
100
AcDbXrecord
280
     0
 70
     1
  0
ATTRIB
  5
1033A
330
10331
100
AcDbEntity
  8
A_TEXT
100
AcDbText
 10
339.0464907363883
 20
-163.6208290124352
 30
0.0
 40
0.1928813908034153
  1
1
 72
     1
 11
339.1214197623518
 21
-163.6208290124352
 31
0.0
100
AcDbAttribute
  2
NUMBER
 70
     0
280
     0
100
AcDbXrecord
280
     0
 70
     1
1001
AcDbBlockRepETag
1070
     1
1071
        3
1005
0
  0
ATTRIB
  5
1033B
330
10331
100
AcDbEntity
  8
ara-TEXT
 62
     7
100
AcDbText
 10
339.6535594912611
 20
-163.7918749378806
 30
0.0
 40
0.1157288344820492
  1
SCALE
 11
0.0
 21
0.0
 31
0.0
100
AcDbAttribute
  2
SCALE
 70
     0
280
     0
100
AcDbXrecord
280
     0
 70
     1
1001
AcDbBlockRepETag
1070
     1
1071
        4
1005
0
  0
ATTRIB
  5
1033C
330
10331
100
AcDbEntity
  8
A_TEXT
100
AcDbText
 10
339.6366211047311
 20
-163.4142536023585
 30
0.0
 40
0.1928813908034153
  1
GROUND  FLOOR PLAN
 11
0.0
 21
0.0
 31
0.0
100
AcDbAttribute
  2
NAME
 70
     0
280
     0
100
AcDbXrecord
280
     0
 70
     1
1001
AcDbBlockRepETag
1070
     1
1071
        5
1005
0
  0
SEQEND
  5
1033D
330
10331
100
AcDbEntity
  8
TILTLE BLOCK_1
  0
LWPOLYLINE
  5
10392
330
1F
100
AcDbEntity
  8
A_DIM
  6
HIDDEN
 62
   242
420
 14352439
100
AcDbPolyline
 90
        4
 70
     1
 43
0.0
 10
340.9282083128584
 20
-151.736192264009
 10
343.3487654929258
 20
-151.736192264009
 10
343.3487654929258
 20
-155.7829256347922
 10
340.9282083128584
 20
-155.7829256347922
  0
MTEXT
  5
103B4
330
1F
100
AcDbEntity
  8
A_DIM
 62
   242
420
 14352439
100
AcDbMText
 10
342.2610011703086
 20
-153.7148541776441
 30
0.0
210
0.0
220
0.0
230
1.0
 11
1.0
 21
0.0
 31
0.0
 40
0.15
 41
2.02873495505354
 46
0.0
 71
     2
 72
     5
  1
NOT THE ACTUAL AS-BUILT
  7
ARIAL
 73
     1
 44
1.0
101
Embedded Object
 70
     1
 10
342.2610011703086
 20
-153.7148541776441
 30
0.0
 11
1.0
 21
0.0
 31
0.0
 40
2.02873495505354
 41
0.0
 42
1.781173260572988
 43
0.4077762619372442
 71
     0
  0
HATCH
  5
103B6
330
1F
100
AcDbEntity
  8
A_DIM
  6
HIDDEN
 62
   242
420
 14352439
100
AcDbHatch
 10
0.0
 20
0.0
 30
0.0
210
0.0
220
0.0
230
1.0
  2
_USER
 70
     0
 71
     0
 91
        2
 92
        1
 93
        4
 72
     1
 10
340.9282083128584
 20
-151.736192264009
 11
343.3487654929258
 21
-151.736192264009
 72
     1
 10
343.3487654929258
 20
-151.736192264009
 11
343.3487654929258
 21
-155.7829256347922
 72
     1
 10
343.3487654929258
 20
-155.7829256347922
 11
340.9282083128584
 21
-155.7829256347922
 72
     1
 10
340.9282083128584
 20
-155.7829256347922
 11
340.9282083128584
 21
-151.736192264009
 97
        0
 92
       24
 93
        4
 72
     1
 10
341.3169527392035
 20
-154.201979007112
 11
343.1965571048243
 21
-154.201979007112
 72
     1
 10
343.1965571048243
 20
-154.201979007112
 11
343.1965571048243
 21
-153.6403146142061
 72
     1
 10
343.1965571048243
 20
-153.6403146142061
 11
341.3169527392035
 21
-153.6403146142061
 72
     1
 10
341.3169527392035
 20
-153.6403146142061
 11
341.3169527392035
 21
-154.201979007112
 97
        0
 75
     1
 76
     0
 52
45.0
 41
0.2
 77
     0
 78
     1
 53
45.0
 43
0.0
 44
0.0
 45
-0.1414213562373095
 46
0.1414213562373095
 79
     0
 98
        1
 10
0.0
 20
0.0
1001
GradientColor1ACI
1070
     5
1001
GradientColor2ACI
1070
     2
1001
ACAD
1010
0.0
1020
0.0
1030
0.0
  0
ENDSEC
  0
SECTION
  2
OBJECTS
  0
DICTIONARY
  5
C
330
0
100
AcDbDictionary
281
     1
  3
ACAD_CIP_PREVIOUS_PRODUCT_INFO
350
1A5
  3
ACAD_COLOR
350
73
  3
ACAD_DETAILVIEWSTYLE
350
1AB
  3
ACAD_GROUP
350
D
  3
ACAD_LAST_SAVED_VERSION_INFO
350
262
  3
ACAD_LAYOUT
350
1A
  3
ACAD_MATERIAL
350
72
  3
ACAD_MLEADERSTYLE
350
D7
  3
ACAD_MLINESTYLE
350
17
  3
ACAD_PLOTSETTINGS
350
19
  3
ACAD_PLOTSTYLENAME
350
E
  3
ACAD_SCALELIST
350
B6
  3
ACAD_SECTIONVIEWSTYLE
350
1A8
  3
ACAD_TABLESTYLE
350
86
  3
ACAD_VISUALSTYLE
350
99
  3
AcDbVariableDictionary
350
66
  3
AEC_PROPERTY_SET_DEFS
350
1AAF
  3
ASE_INDEX_DICTIONARY
350
E2BC
  0
DICTIONARY
  5
D
102
{ACAD_REACTORS
330
C
102
}
330
C
100
AcDbDictionary
281
     1
  0
ACDBDICTIONARYWDFLT
  5
E
102
{ACAD_REACTORS
330
C
102
}
330
C
100
AcDbDictionary
281
     1
  3
Normal
350
F
100
AcDbDictionaryWithDefault
340
F
  0
ACDBPLACEHOLDER
  5
F
102
{ACAD_REACTORS
330
E
102
}
330
E
  0
DICTIONARY
  5
17
102
{ACAD_REACTORS
330
C
102
}
330
C
100
AcDbDictionary
281
     1
  3
Standard
350
18
  0
MLINESTYLE
  5
18
102
{ACAD_REACTORS
330
17
102
}
330
17
100
AcDbMlineStyle
  2
STANDARD
 70
     0
  3

 62
     0
 51
90.0
 52
90.0
 71
     2
 49
0.5
 62
     0
  6
ByLayer
 49
-0.5
 62
     0
  6
ByLayer
  0
DICTIONARY
  5
19
102
{ACAD_REACTORS
330
C
102
}
330
C
100
AcDbDictionary
281
     1
  0
DICTIONARY
  5
1A
102
{ACAD_REACTORS
330
C
102
}
330
C
100
AcDbDictionary
281
     1
  3
Layout1
350
59
  3
Layout2
350
5E
  3
Model
350
22
  0
LAYOUT
  5
22
102
{ACAD_XDICTIONARY
360
194
102
}
102
{ACAD_REACTORS
330
1A
102
}
330
1A
100
AcDbPlotSettings
  1

  2
HP552E98 (HP OfficeJet Pro 7740 series)
  4
A4
  6

 40
2.963333368301392
 41
3.037322998046875
 42
2.947662353515625
 43
2.963348388671875
 44
210.0
 45
297.0
 46
0.0
 47
1.2208052410856
 48
330.1858545438674
 49
-164.2633182912459
140
351.827676803297
141
-148.9566476386677
142
1.0
143
0.07499997712622711
 70
  3764
 72
     1
 73
     1
 74
     4
  7
MY PRINTER.ctb
 75
     0
147
13.33333739978309
148
-330.1858545438674
149
164.2633182912459
 76
     1
 77
     2
 78
   300
333
0
100
AcDbLayout
  1
Model
 70
     1
 71
     0
 10
0.0
 20
0.0
 11
12.0
 21
9.0
 12
0.0
 22
0.0
 32
0.0
 14
0.0
 24
0.0
 34
0.0
 15
0.0
 25
0.0
 35
0.0
146
0.0
 13
0.0
 23
0.0
 33
0.0
 16
1.0
 26
0.0
 36
0.0
 17
0.0
 27
1.0
 37
0.0
 76
     0
330
1F
331
94
1001
ACAD_PSEXT
1000
HP552E98 (HP OfficeJet Pro 7740 series)
1000
HP OfficeJet Pro 7740 series PCL-3
1000
http://10.72.3.155:3911/
1000

1070
     0
1001
PLOTTRANSPARENCY
1071
        1
  0
LAYOUT
  5
59
102
{ACAD_REACTORS
330
1A
102
}
330
1A
100
AcDbPlotSettings
  1

  2
None
  4

  6

 40
0.0
 41
0.0
 42
0.0
 43
0.0
 44
0.0
 45
0.0
 46
0.0
 47
0.0
 48
0.0
 49
0.0
140
0.0
141
0.0
142
1.0
143
1.0
 70
   688
 72
     0
 73
     0
 74
     5
  7

 75
    16
147
1.0
148
0.0
149
0.0
 76
     0
 77
     2
 78
   300
333
0
100
AcDbLayout
  1
Layout1
 70
     1
 71
     1
 10
0.0
 20
0.0
 11
12.0
 21
9.0
 12
0.0
 22
0.0
 32
0.0
 14
0.0
 24
0.0
 34
0.0
 15
0.0
 25
0.0
 35
0.0
146
0.0
 13
0.0
 23
0.0
 33
0.0
 16
1.0
 26
0.0
 36
0.0
 17
0.0
 27
1.0
 37
0.0
 76
     0
330
58
  0
LAYOUT
  5
5E
102
{ACAD_REACTORS
330
1A
102
}
330
1A
100
AcDbPlotSettings
  1

  2
None
  4

  6

 40
0.0
 41
0.0
 42
0.0
 43
0.0
 44
0.0
 45
0.0
 46
0.0
 47
0.0
 48
0.0
 49
0.0
140
0.0
141
0.0
142
1.0
143
1.0
 70
   688
 72
     0
 73
     0
 74
     5
  7

 75
    16
147
1.0
148
0.0
149
0.0
 76
     0
 77
     2
 78
   300
333
0
100
AcDbLayout
  1
Layout2
 70
     1
 71
     2
 10
0.0
 20
0.0
 11
12.0
 21
9.0
 12
0.0
 22
0.0
 32
0.0
 14
0.0
 24
0.0
 34
0.0
 15
0.0
 25
0.0
 35
0.0
146
0.0
 13
0.0
 23
0.0
 33
0.0
 16
1.0
 26
0.0
 36
0.0
 17
0.0
 27
1.0
 37
0.0
 76
     0
330
5D
  0
DICTIONARY
  5
66
102
{ACAD_REACTORS
330
C
102
}
330
C
100
AcDbDictionary
281
     1
  3
CANNOSCALE
350
F0
  3
CMLEADERSTYLE
350
EF
  3
CTABLESTYLE
350
89
  3
CVIEWDETAILSTYLE
350
1B7
  3
CVIEWSECTIONSTYLE
350
1B8
  3
DIMASSOC
350
67
  3
HIDETEXT
350
6B
  3
LAYEREVAL
350
14D
  3
LAYERNOTIFY
350
14E
  0
DICTIONARYVAR
  5
67
102
{ACAD_REACTORS
330
66
102
}
330
66
100
DictionaryVariables
280
     0
  1
2
  0
DICTIONARYVAR
  5
6B
102
{ACAD_REACTORS
330
66
102
}
330
66
100
DictionaryVariables
280
     0
  1
1
  0
DICTIONARY
  5
72
102
{ACAD_REACTORS
330
C
102
}
330
C
100
AcDbDictionary
281
     1
  3
ByBlock
350
97
  3
ByLayer
350
96
  3
Global
350
98
  0
DICTIONARY
  5
73
102
{ACAD_REACTORS
330
C
102
}
330
C
100
AcDbDictionary
281
     1
  0
DICTIONARY
  5
86
102
{ACAD_REACTORS
330
C
102
}
330
C
100
AcDbDictionary
281
     1
  3
Standard
350
87
  0
TABLESTYLE
  5
87
102
{ACAD_XDICTIONARY
360
104
102
}
102
{ACAD_REACTORS
330
86
102
}
330
86
100
AcDbTableStyle
 70
     0
  3
Standard
  1
TABLEFORMAT_BEGIN
 90
        5
170
     1
 91
        0
 92
        0
 62
   257
 93
        1
300
CONTENTFORMAT
  1
CONTENTFORMAT_BEGIN
 90
        0
 91
        0
 92
      512
 93
        0
300

 40
0.0
140
1.0
 94
        1
 62
     0
340
0
144
0.18
309
CONTENTFORMAT_END
171
     1
301
MARGIN
  1
CELLMARGIN_BEGIN
 40
0.06
 40
0.06
 40
0.06
 40
0.06
 40
0.18
 40
0.18
309
CELLMARGIN_END
 94
        0
309
TABLEFORMAT_END
  1
CELLSTYLE_BEGIN
 90
        4
 91
        2
300
Table
309
CELLSTYLE_END
  1
TABLEFORMAT_BEGIN
 90
        5
170
     1
 91
        0
 92
    32768
 62
   257
 93
        1
300
CONTENTFORMAT
  1
CONTENTFORMAT_BEGIN
 90
        0
 91
        0
 92
      512
 93
        0
300

 40
0.0
140
1.0
 94
        5
 62
     0
340
11
144
0.25
309
CONTENTFORMAT_END
171
     1
301
MARGIN
  1
CELLMARGIN_BEGIN
 40
0.06
 40
0.06
 40
0.06
 40
0.06
 40
0.18
 40
0.18
309
CELLMARGIN_END
 94
        6
 95
        1
302
GRIDFORMAT
  1
GRIDFORMAT_BEGIN
 90
        0
 91
        1
 62
     0
 92
       -2
340
0
 93
        0
 40
0.045
309
GRIDFORMAT_END
 95
        2
302
GRIDFORMAT
  1
GRIDFORMAT_BEGIN
 90
        0
 91
        1
 62
     0
 92
       -2
340
0
 93
        0
 40
0.045
309
GRIDFORMAT_END
 95
        4
302
GRIDFORMAT
  1
GRIDFORMAT_BEGIN
 90
        0
 91
        1
 62
     0
 92
       -2
340
0
 93
        0
 40
0.045
309
GRIDFORMAT_END
 95
        8
302
GRIDFORMAT
  1
GRIDFORMAT_BEGIN
 90
        0
 91
        1
 62
     0
 92
       -2
340
0
 93
        0
 40
0.045
309
GRIDFORMAT_END
 95
       16
302
GRIDFORMAT
  1
GRIDFORMAT_BEGIN
 90
        0
 91
        1
 62
     0
 92
       -2
340
0
 93
        0
 40
0.045
309
GRIDFORMAT_END
 95
       32
302
GRIDFORMAT
  1
GRIDFORMAT_BEGIN
 90
        0
 91
        1
 62
     0
 92
       -2
340
0
 93
        0
 40
0.045
309
GRIDFORMAT_END
309
TABLEFORMAT_END
  1
CELLSTYLE_BEGIN
 90
        1
 91
        1
300
_TITLE
309
CELLSTYLE_END
  0
DICTIONARYVAR
  5
89
102
{ACAD_REACTORS
330
66
102
}
330
66
100
DictionaryVariables
280
     0
  1
STANDARD
  0
DICTIONARY
  5
99
102
{ACAD_REACTORS
330
C
102
}
330
C
100
AcDbDictionary
281
     1
  3
2dWireframe
350
9F
  3
Basic
350
9E
  3
Brighten
350
A5
  3
ColorChange
350
A9
  3
Conceptual
350
A2
  3
Dim
350
A4
  3
EdgeColorOff
350
175
  3
Facepattern
350
A8
  3
Flat
350
9A
  3
FlatWithEdges
350
9B
  3
Gouraud
350
9C
  3
GouraudWithEdges
350
9D
  3
Hidden
350
A1
  3
JitterOff
350
173
  3
Linepattern
350
A7
  3
OverhangOff
350
174
  3
Realistic
350
A3
  3
Shaded
350
182
  3
Shaded with edges
350
181
  3
Shades of Gray
350
17E
  3
Sketchy
350
17F
  3
Thicken
350
A6
  3
Wireframe
350
A0
  3
X-Ray
350
180
  0
VISUALSTYLE
  5
9A
102
{ACAD_REACTORS
330
99
102
}
330
99
100
AcDbVisualStyle
  2
Flat
 70
     0
177
     2
291
     1
 70
    58
 90
        2
176
     1
 90
        1
176
     1
 90
        1
176
     1
 90
        2
176
     1
 40
0.6
176
     1
 40
30.0
176
     1
 62
     7
420
3271557119
176
     1
 90
        0
176
     1
 90
        0
176
     1
 62
     7
176
     1
 62
   257
176
     1
 90
        1
176
     1
 90
        1
176
     1
 40
1.0
176
     1
 90
        8
176
     1
 62
     7
176
     1
 40
1.0
176
     1
 90
        1
176
     1
 90
        6
176
     1
 90
        2
176
     1
 62
     7
176
     1
 90
        5
176
     1
 90
        0
176
     1
 90
        0
176
     1
290
     0
176
     1
 90
       13
176
     1
 40
0.0
176
     1
 90
        0
176
     1
290
     0
176
     1
290
     1
176
     1
290
     1
176
     1
290
     0
290
     0
176
     1
290
     0
290
     0
176
     1
290
     0
176
     1
290
     0
176
     1
 90
       50
176
     1
 40
0.0
176
     1
 40
1.0
176
     1
 90
        0
176
     1
 62
     0
420
3254779904
176
     1
 90
       50
176
     1
 90
        3
176
     1
 62
     5
420
3254780159
176
     1
290
     0
176
     1
 90
       50
176
     1
 90
       50
176
     1
 90
       50
176
     1
290
     0
176
     1
 90
       50
176
     1
 62
     0
176
     0
 40
1.0
176
     0
 90
        2
176
     1
  1
strokes_ogs.tif
176
     1
290
     0
176
     1
 40
1.0
176
     1
 40
1.0
176
     1
  0
VISUALSTYLE
  5
9B
102
{ACAD_REACTORS
330
99
102
}
330
99
100
AcDbVisualStyle
  2
FlatWithEdges
 70
     1
177
     2
291
     1
 70
    58
 90
        2
176
     1
 90
        1
176
     1
 90
        1
176
     1
 90
        2
176
     1
 40
0.6
176
     1
 40
30.0
176
     1
 62
     7
420
3271557119
176
     1
 90
        1
176
     1
 90
        0
176
     1
 62
     7
176
     1
 62
   257
176
     1
 90
        1
176
     1
 90
        1
176
     1
 40
1.0
176
     1
 90
        0
176
     1
 62
   257
176
     1
 40
1.0
176
     1
 90
        1
176
     1
 90
        6
176
     1
 90
        2
176
     1
 62
     7
176
     1
 90
        5
176
     1
 90
        0
176
     1
 90
        0
176
     1
290
     0
176
     1
 90
       13
176
     1
 40
0.0
176
     1
 90
        0
176
     1
290
     0
176
     1
290
     1
176
     1
290
     1
176
     1
290
     0
290
     0
176
     1
290
     0
290
     0
176
     1
290
     0
176
     1
290
     0
176
     1
 90
       50
176
     1
 40
0.0
176
     1
 40
1.0
176
     1
 90
        0
176
     1
 62
     0
420
3254779904
176
     1
 90
       50
176
     1
 90
        3
176
     1
 62
     5
420
3254780159
176
     1
290
     0
176
     1
 90
       50
176
     1
 90
       50
176
     1
 90
       50
176
     1
290
     0
176
     1
 90
       50
176
     1
 62
     0
176
     0
 40
1.0
176
     0
 90
        2
176
     1
  1
strokes_ogs.tif
176
     1
290
     0
176
     1
 40
1.0
176
     1
 40
1.0
176
     1
  0
VISUALSTYLE
  5
9C
102
{ACAD_REACTORS
330
99
102
}
330
99
100
AcDbVisualStyle
  2
Gouraud
 70
     2
177
     2
291
     1
 70
    58
 90
        2
176
     1
 90
        2
176
     1
 90
        1
176
     1
 90
        2
176
     1
 40
0.6
176
     1
 40
30.0
176
     1
 62
     7
420
3271557119
176
     1
 90
        0
176
     1
 90
        0
176
     1
 62
     7
176
     1
 62
   257
176
     1
 90
        1
176
     1
 90
        1
176
     1
 40
1.0
176
     1
 90
        0
176
     1
 62
     7
176
     1
 40
1.0
176
     1
 90
        1
176
     1
 90
        6
176
     1
 90
        2
176
     1
 62
     7
176
     1
 90
        5
176
     1
 90
        0
176
     1
 90
        0
176
     1
290
     0
176
     1
 90
       13
176
     1
 40
0.0
176
     1
 90
        0
176
     1
290
     0
176
     1
290
     1
176
     1
290
     1
176
     1
290
     0
290
     0
176
     1
290
     0
290
     0
176
     1
290
     0
176
     1
290
     0
176
     1
 90
       50
176
     1
 40
0.0
176
     1
 40
1.0
176
     1
 90
        0
176
     1
 62
     0
420
3254779904
176
     1
 90
       50
176
     1
 90
        3
176
     1
 62
     5
420
3254780159
176
     1
290
     0
176
     1
 90
       50
176
     1
 90
       50
176
     1
 90
       50
176
     1
290
     0
176
     1
 90
       50
176
     1
 62
     0
176
     0
 40
1.0
176
     0
 90
        2
176
     1
  1
strokes_ogs.tif
176
     1
290
     0
176
     1
 40
1.0
176
     1
 40
1.0
176
     1
  0
VISUALSTYLE
  5
9D
102
{ACAD_REACTORS
330
99
102
}
330
99
100
AcDbVisualStyle
  2
GouraudWithEdges
 70
     3
177
     2
291
     1
 70
    58
 90
        2
176
     1
 90
        2
176
     1
 90
        1
176
     1
 90
        2
176
     1
 40
0.6
176
     1
 40
30.0
176
     1
 62
     7
420
3271557119
176
     1
 90
        1
176
     1
 90
        0
176
     1
 62
     7
176
     1
 62
   257
176
     1
 90
        1
176
     1
 90
        1
176
     1
 40
1.0
176
     1
 90
        0
176
     1
 62
   257
176
     1
 40
1.0
176
     1
 90
        1
176
     1
 90
        6
176
     1
 90
        2
176
     1
 62
     7
176
     1
 90
        5
176
     1
 90
        0
176
     1
 90
        0
176
     1
290
     0
176
     1
 90
       13
176
     1
 40
0.0
176
     1
 90
        0
176
     1
290
     0
176
     1
290
     1
176
     1
290
     1
176
     1
290
     0
290
     0
176
     1
290
     0
290
     0
176
     1
290
     0
176
     1
290
     0
176
     1
 90
       50
176
     1
 40
0.0
176
     1
 40
1.0
176
     1
 90
        0
176
     1
 62
     0
420
3254779904
176
     1
 90
       50
176
     1
 90
        3
176
     1
 62
     5
420
3254780159
176
     1
290
     0
176
     1
 90
       50
176
     1
 90
       50
176
     1
 90
       50
176
     1
290
     0
176
     1
 90
       50
176
     1
 62
     0
176
     0
 40
1.0
176
     0
 90
        2
176
     1
  1
strokes_ogs.tif
176
     1
290
     0
176
     1
 40
1.0
176
     1
 40
1.0
176
     1
  0
VISUALSTYLE
  5
9E
102
{ACAD_REACTORS
330
99
102
}
330
99
100
AcDbVisualStyle
  2
Basic
 70
     7
177
     2
291
     1
 70
    58
 90
        1
176
     1
 90
        0
176
     1
 90
        1
176
     1
 90
        0
176
     1
 40
0.6
176
     1
 40
30.0
176
     1
 62
     7
420
3271557119
176
     1
 90
        0
176
     1
 90
        4
176
     1
 62
     7
176
     1
 62
   257
176
     1
 90
        1
176
     1
 90
        1
176
     1
 40
1.0
176
     1
 90
        8
176
     1
 62
     7
176
     1
 40
1.0
176
     1
 90
        1
176
     1
 90
        6
176
     1
 90
        2
176
     1
 62
     7
176
     1
 90
        5
176
     1
 90
        0
176
     1
 90
        0
176
     1
290
     0
176
     1
 90
        1
176
     1
 40
0.0
176
     1
 90
        0
176
     1
290
     0
176
     1
290
     1
176
     1
290
     1
176
     1
290
     0
290
     0
176
     1
290
     0
290
     0
176
     1
290
     0
176
     1
290
     0
176
     1
 90
       50
176
     1
 40
0.0
176
     1
 40
1.0
176
     1
 90
        0
176
     1
 62
     0
420
3254779904
176
     1
 90
       50
176
     1
 90
        3
176
     1
 62
     5
420
3254780159
176
     1
290
     0
176
     1
 90
       50
176
     1
 90
       50
176
     1
 90
       50
176
     1
290
     0
176
     1
 90
       50
176
     1
 62
     0
176
     0
 40
1.0
176
     0
 90
        2
176
     1
  1
strokes_ogs.tif
176
     1
290
     0
176
     1
 40
1.0
176
     1
 40
1.0
176
     1
  0
VISUALSTYLE
  5
9F
102
{ACAD_REACTORS
330
99
102
}
330
99
100
AcDbVisualStyle
  2
2dWireframe
 70
     4
177
     2
291
     0
 70
    58
 90
        0
176
     1
 90
        2
176
     1
 90
        1
176
     1
 90
        0
176
     1
 40
0.6
176
     1
 40
30.0
176
     1
 62
     7
420
3271557119
176
     1
 90
        1
176
     1
 90
        4
176
     1
 62
     7
176
     1
 62
   257
176
     1
 90
        1
176
     1
 90
        1
176
     1
 40
1.0
176
     1
 90
        0
176
     1
 62
   257
176
     1
 40
1.0
176
     1
 90
        1
176
     1
 90
        6
176
     1
 90
        2
176
     1
 62
     7
176
     1
 90
        5
176
     1
 90
        0
176
     1
 90
        0
176
     1
290
     0
176
     1
 90
        1
176
     1
 40
0.0
176
     1
 90
        0
176
     1
290
     1
176
     1
290
     1
176
     1
290
     0
176
     1
290
     0
290
     0
176
     1
290
     0
290
     0
176
     1
290
     0
176
     1
290
     0
176
     1
 90
       50
176
     1
 40
0.0
176
     1
 40
1.0
176
     1
 90
        0
176
     1
 62
     0
420
3254779904
176
     1
 90
       50
176
     1
 90
        3
176
     1
 62
     5
420
3254780159
176
     1
290
     0
176
     1
 90
       50
176
     1
 90
       50
176
     1
 90
       50
176
     1
290
     0
176
     1
 90
       50
176
     1
 62
     0
176
     0
 40
1.0
176
     0
 90
        2
176
     1
  1
strokes_ogs.tif
176
     1
290
     0
176
     1
 40
1.0
176
     1
 40
1.0
176
     1
  0
VISUALSTYLE
  5
A0
102
{ACAD_REACTORS
330
99
102
}
330
99
100
AcDbVisualStyle
  2
Wireframe
 70
     5
177
     2
291
     0
 70
    58
 90
        0
176
     1
 90
        2
176
     1
 90
        0
176
     1
 90
        0
176
     1
 40
0.6
176
     1
 40
30.0
176
     1
 62
     7
420
3271557119
176
     1
 90
        1
176
     1
 90
        4
176
     1
 62
     7
176
     1
 62
   257
176
     1
 90
        1
176
     1
 90
        1
176
     1
 40
1.0
176
     1
 90
        0
176
     1
 62
   257
176
     1
 40
1.0
176
     1
 90
        1
176
     1
 90
        6
176
     1
 90
        2
176
     1
 62
     7
176
     1
 90
        3
176
     1
 90
        0
176
     1
 90
        0
176
     1
290
     0
176
     1
 90
        1
176
     1
 40
0.0
176
     1
 90
        0
176
     1
290
     0
176
     1
290
     1
176
     1
290
     1
176
     1
290
     0
290
     0
176
     1
290
     0
290
     0
176
     1
290
     0
176
     1
290
     0
176
     1
 90
       50
176
     1
 40
0.0
176
     1
 40
1.0
176
     1
 90
        0
176
     1
 62
     0
420
3254779904
176
     1
 90
       50
176
     1
 90
        3
176
     1
 62
     5
420
3254780159
176
     1
290
     0
176
     1
 90
       50
176
     1
 90
       50
176
     1
 90
       50
176
     1
290
     0
176
     1
 90
       50
176
     1
 62
     0
176
     0
 40
1.0
176
     0
 90
        2
176
     1
  1
strokes_ogs.tif
176
     1
290
     0
176
     1
 40
1.0
176
     1
 40
1.0
176
     1
  0
VISUALSTYLE
  5
A1
102
{ACAD_REACTORS
330
99
102
}
330
99
100
AcDbVisualStyle
  2
Hidden
 70
     6
177
     2
291
     0
 70
    58
 90
        1
176
     1
 90
        2
176
     1
 90
        2
176
     1
 90
        0
176
     1
 40
0.6
176
     1
 40
30.0
176
     1
 62
     7
420
3271557119
176
     1
 90
        2
176
     1
 90
        2
176
     1
 62
     7
176
     1
 62
   257
176
     1
 90
        2
176
     1
 90
        1
176
     1
 40
40.0
176
     1
 90
        0
176
     1
 62
   257
176
     1
 40
1.0
176
     1
 90
        1
176
     1
 90
        6
176
     1
 90
        2
176
     1
 62
     7
176
     1
 90
        3
176
     1
 90
        0
176
     1
 90
        0
176
     1
290
     0
176
     1
 90
        1
176
     1
 40
0.0
176
     1
 90
        0
176
     1
290
     0
176
     1
290
     1
176
     1
290
     1
176
     1
290
     0
290
     0
176
     1
290
     0
290
     0
176
     1
290
     0
176
     1
290
     0
176
     1
 90
       50
176
     1
 40
0.0
176
     1
 40
1.0
176
     1
 90
        0
176
     1
 62
     0
420
3254779904
176
     1
 90
       50
176
     1
 90
        3
176
     1
 62
     5
420
3254780159
176
     1
290
     0
176
     1
 90
       50
176
     1
 90
       50
176
     1
 90
       50
176
     1
290
     0
176
     1
 90
       50
176
     1
 62
     0
176
     0
 40
1.0
176
     0
 90
        2
176
     1
  1
strokes_ogs.tif
176
     1
290
     0
176
     1
 40
1.0
176
     1
 40
1.0
176
     1
  0
VISUALSTYLE
  5
A2
102
{ACAD_REACTORS
330
99
102
}
330
99
100
AcDbVisualStyle
  2
Conceptual
 70
     9
177
     2
291
     0
 70
    58
 90
        3
176
     1
 90
        2
176
     1
 90
        1
176
     1
 90
        0
176
     1
 40
0.6
176
     1
 40
30.0
176
     1
 62
     7
420
3271557119
176
     1
 90
        2
176
     1
 90
        2
176
     1
 62
     7
176
     1
 62
   257
176
     1
 90
        1
176
     1
 90
        1
176
     1
 40
40.0
176
     1
 90
        8
176
     1
 62
     7
176
     1
 40
1.0
176
     1
 90
        1
176
     1
 90
        6
176
     1
 90
        2
176
     1
 62
     7
176
     1
 90
        3
176
     1
 90
        0
176
     1
 90
        0
176
     1
290
     0
176
     1
 90
        1
176
     1
 40
0.0
176
     1
 90
        0
176
     1
290
     0
176
     1
290
     1
176
     1
290
     1
176
     1
290
     0
290
     0
176
     1
290
     0
290
     0
176
     1
290
     0
176
     1
290
     0
176
     1
 90
       50
176
     1
 40
0.0
176
     1
 40
1.0
176
     1
 90
        0
176
     1
 62
     0
420
3254779904
176
     1
 90
       50
176
     1
 90
        3
176
     1
 62
     5
420
3254780159
176
     1
290
     0
176
     1
 90
       50
176
     1
 90
       50
176
     1
 90
       50
176
     1
290
     0
176
     1
 90
       50
176
     1
 62
     0
176
     0
 40
1.0
176
     0
 90
        2
176
     1
  1
strokes_ogs.tif
176
     1
290
     0
176
     1
 40
1.0
176
     1
 40
1.0
176
     1
  0
VISUALSTYLE
  5
A3
102
{ACAD_REACTORS
330
99
102
}
330
99
100
AcDbVisualStyle
  2
Realistic
 70
     8
177
     2
291
     0
 70
    58
 90
        2
176
     1
 90
        3
176
     1
 90
        0
176
     1
 90
        2
176
     1
 40
0.6
176
     1
 40
30.0
176
     1
 62
     7
420
3271557119
176
     1
 90
        0
176
     1
 90
        0
176
     1
 62
     7
176
     1
 62
   257
176
     1
 90
        1
176
     1
 90
        1
176
     1
 40
1.0
176
     1
 90
        8
176
     1
 62
   257
176
     1
 40
1.0
176
     1
 90
        1
176
     1
 90
        6
176
     1
 90
        2
176
     1
 62
     7
176
     1
 90
        3
176
     1
 90
        0
176
     1
 90
        0
176
     1
290
     0
176
     1
 90
       13
176
     1
 40
0.0
176
     1
 90
        0
176
     1
290
     0
176
     1
290
     1
176
     1
290
     1
176
     1
290
     0
290
     0
176
     1
290
     0
290
     0
176
     1
290
     0
176
     1
290
     0
176
     1
 90
       50
176
     1
 40
0.0
176
     1
 40
1.0
176
     1
 90
        0
176
     1
 62
     0
420
3254779904
176
     1
 90
       50
176
     1
 90
        3
176
     1
 62
     5
420
3254780159
176
     1
290
     0
176
     1
 90
       50
176
     1
 90
       50
176
     1
 90
       50
176
     1
290
     0
176
     1
 90
       50
176
     1
 62
     0
176
     0
 40
1.0
176
     0
 90
        2
176
     1
  1
strokes_ogs.tif
176
     1
290
     0
176
     1
 40
1.0
176
     1
 40
1.0
176
     1
  0
VISUALSTYLE
  5
A4
102
{ACAD_REACTORS
330
99
102
}
330
99
100
AcDbVisualStyle
  2
Dim
 70
    11
177
     2
291
     1
 70
    58
 90
        2
176
     1
 90
        2
176
     1
 90
        1
176
     1
 90
        0
176
     1
 40
0.6
176
     1
 40
30.0
176
     1
 62
     7
420
3271557119
176
     1
 90
        1
176
     1
 90
        4
176
     1
 62
     7
176
     1
 62
   257
176
     1
 90
        1
176
     1
 90
        1
176
     1
 40
1.0
176
     1
 90
        8
176
     1
 62
     7
176
     1
 40
1.0
176
     1
 90
        1
176
     1
 90
        6
176
     1
 90
        2
176
     1
 62
     7
176
     1
 90
        5
176
     1
 90
        0
176
     1
 90
        0
176
     1
290
     0
176
     1
 90
        1
176
     1
 40
-50.0
176
     1
 90
        0
176
     1
290
     0
176
     1
290
     1
176
     1
290
     1
176
     1
290
     0
290
     0
176
     1
290
     0
290
     0
176
     1
290
     0
176
     1
290
     0
176
     1
 90
       50
176
     1
 40
0.0
176
     1
 40
1.0
176
     1
 90
        0
176
     1
 62
     0
420
3254779904
176
     1
 90
       50
176
     1
 90
        3
176
     1
 62
     5
420
3254780159
176
     1
290
     0
176
     1
 90
       50
176
     1
 90
       50
176
     1
 90
       50
176
     1
290
     0
176
     1
 90
       50
176
     1
 62
     0
176
     0
 40
1.0
176
     0
 90
        2
176
     1
  1
strokes_ogs.tif
176
     1
290
     0
176
     1
 40
1.0
176
     1
 40
1.0
176
     1
  0
VISUALSTYLE
  5
A5
102
{ACAD_REACTORS
330
99
102
}
330
99
100
AcDbVisualStyle
  2
Brighten
 70
    12
177
     2
291
     1
 70
    58
 90
        2
176
     1
 90
        2
176
     1
 90
        1
176
     1
 90
        0
176
     1
 40
0.6
176
     1
 40
30.0
176
     1
 62
     7
420
3271557119
176
     1
 90
        1
176
     1
 90
        4
176
     1
 62
     7
176
     1
 62
   257
176
     1
 90
        1
176
     1
 90
        1
176
     1
 40
1.0
176
     1
 90
        8
176
     1
 62
     7
176
     1
 40
1.0
176
     1
 90
        1
176
     1
 90
        6
176
     1
 90
        2
176
     1
 62
     7
176
     1
 90
        5
176
     1
 90
        0
176
     1
 90
        0
176
     1
290
     0
176
     1
 90
        1
176
     1
 40
50.0
176
     1
 90
        0
176
     1
290
     0
176
     1
290
     1
176
     1
290
     1
176
     1
290
     0
290
     0
176
     1
290
     0
290
     0
176
     1
290
     0
176
     1
290
     0
176
     1
 90
       50
176
     1
 40
0.0
176
     1
 40
1.0
176
     1
 90
        0
176
     1
 62
     0
420
3254779904
176
     1
 90
       50
176
     1
 90
        3
176
     1
 62
     5
420
3254780159
176
     1
290
     0
176
     1
 90
       50
176
     1
 90
       50
176
     1
 90
       50
176
     1
290
     0
176
     1
 90
       50
176
     1
 62
     0
176
     0
 40
1.0
176
     0
 90
        2
176
     1
  1
strokes_ogs.tif
176
     1
290
     0
176
     1
 40
1.0
176
     1
 40
1.0
176
     1
  0
VISUALSTYLE
  5
A6
102
{ACAD_REACTORS
330
99
102
}
330
99
100
AcDbVisualStyle
  2
Thicken
 70
    13
177
     2
291
     1
 70
    58
 90
        2
176
     1
 90
        2
176
     1
 90
        1
176
     1
 90
        0
176
     1
 40
0.6
176
     1
 40
30.0
176
     1
 62
     7
420
3271557119
176
     1
 90
        1
176
     1
 90
        4
176
     1
 62
     7
176
     1
 62
   257
176
     1
 90
        1
176
     1
 90
        1
176
     1
 40
1.0
176
     1
 90
       12
176
     1
 62
     7
176
     1
 40
1.0
176
     1
 90
        1
176
     1
 90
        6
176
     1
 90
        2
176
     1
 62
     7
176
     1
 90
        5
176
     1
 90
        0
176
     1
 90
        0
176
     1
290
     0
176
     1
 90
        1
176
     1
 40
0.0
176
     1
 90
        0
176
     1
290
     0
176
     1
290
     1
176
     1
290
     1
176
     1
290
     0
290
     0
176
     1
290
     0
290
     0
176
     1
290
     0
176
     1
290
     0
176
     1
 90
       50
176
     1
 40
0.0
176
     1
 40
1.0
176
     1
 90
        0
176
     1
 62
     0
420
3254779904
176
     1
 90
       50
176
     1
 90
        3
176
     1
 62
     5
420
3254780159
176
     1
290
     0
176
     1
 90
       50
176
     1
 90
       50
176
     1
 90
       50
176
     1
290
     0
176
     1
 90
       50
176
     1
 62
     0
176
     0
 40
1.0
176
     0
 90
        2
176
     1
  1
strokes_ogs.tif
176
     1
290
     0
176
     1
 40
1.0
176
     1
 40
1.0
176
     1
  0
VISUALSTYLE
  5
A7
102
{ACAD_REACTORS
330
99
102
}
330
99
100
AcDbVisualStyle
  2
Linepattern
 70
    14
177
     2
291
     1
 70
    58
 90
        2
176
     1
 90
        2
176
     1
 90
        1
176
     1
 90
        0
176
     1
 40
0.6
176
     1
 40
30.0
176
     1
 62
     7
420
3271557119
176
     1
 90
        1
176
     1
 90
        4
176
     1
 62
     7
176
     1
 62
   257
176
     1
 90
        7
176
     1
 90
        7
176
     1
 40
1.0
176
     1
 90
        8
176
     1
 62
     7
176
     1
 40
1.0
176
     1
 90
        1
176
     1
 90
        6
176
     1
 90
        2
176
     1
 62
     7
176
     1
 90
        5
176
     1
 90
        0
176
     1
 90
        0
176
     1
290
     0
176
     1
 90
        1
176
     1
 40
0.0
176
     1
 90
        0
176
     1
290
     0
176
     1
290
     1
176
     1
290
     1
176
     1
290
     0
290
     0
176
     1
290
     0
290
     0
176
     1
290
     0
176
     1
290
     0
176
     1
 90
       50
176
     1
 40
0.0
176
     1
 40
1.0
176
     1
 90
        0
176
     1
 62
     0
420
3254779904
176
     1
 90
       50
176
     1
 90
        3
176
     1
 62
     5
420
3254780159
176
     1
290
     0
176
     1
 90
       50
176
     1
 90
       50
176
     1
 90
       50
176
     1
290
     0
176
     1
 90
       50
176
     1
 62
     0
176
     0
 40
1.0
176
     0
 90
        2
176
     1
  1
strokes_ogs.tif
176
     1
290
     0
176
     1
 40
1.0
176
     1
 40
1.0
176
     1
  0
VISUALSTYLE
  5
A8
102
{ACAD_REACTORS
330
99
102
}
330
99
100
AcDbVisualStyle
  2
Facepattern
 70
    15
177
     2
291
     1
 70
    58
 90
        2
176
     1
 90
        2
176
     1
 90
        1
176
     1
 90
        0
176
     1
 40
0.6
176
     1
 40
30.0
176
     1
 62
     7
420
3271557119
176
     1
 90
        1
176
     1
 90
        4
176
     1
 62
     7
176
     1
 62
   257
176
     1
 90
        1
176
     1
 90
        1
176
     1
 40
1.0
176
     1
 90
        8
176
     1
 62
     7
176
     1
 40
1.0
176
     1
 90
        1
176
     1
 90
        6
176
     1
 90
        2
176
     1
 62
     7
176
     1
 90
        5
176
     1
 90
        0
176
     1
 90
        0
176
     1
290
     0
176
     1
 90
        1
176
     1
 40
0.0
176
     1
 90
        0
176
     1
290
     0
176
     1
290
     1
176
     1
290
     1
176
     1
290
     0
290
     0
176
     1
290
     0
290
     0
176
     1
290
     0
176
     1
290
     0
176
     1
 90
       50
176
     1
 40
0.0
176
     1
 40
1.0
176
     1
 90
        0
176
     1
 62
     0
420
3254779904
176
     1
 90
       50
176
     1
 90
        3
176
     1
 62
     5
420
3254780159
176
     1
290
     0
176
     1
 90
       50
176
     1
 90
       50
176
     1
 90
       50
176
     1
290
     0
176
     1
 90
       50
176
     1
 62
     0
176
     0
 40
1.0
176
     0
 90
        2
176
     1
  1
strokes_ogs.tif
176
     1
290
     0
176
     1
 40
1.0
176
     1
 40
1.0
176
     1
  0
VISUALSTYLE
  5
A9
102
{ACAD_REACTORS
330
99
102
}
330
99
100
AcDbVisualStyle
  2
ColorChange
 70
    16
177
     2
291
     1
 70
    58
 90
        2
176
     1
 90
        2
176
     1
 90
        3
176
     1
 90
        0
176
     1
 40
0.6
176
     1
 40
30.0
176
     1
 62
     9
420
3263201408
176
     1
 90
        1
176
     1
 90
        4
176
     1
 62
     7
176
     1
 62
   257
176
     1
 90
        1
176
     1
 90
        1
176
     1
 40
1.0
176
     1
 90
        8
176
     1
 62
     9
420
3263201408
176
     1
 40
1.0
176
     1
 90
        1
176
     1
 90
        6
176
     1
 90
        2
176
     1
 62
     7
176
     1
 90
        5
176
     1
 90
        0
176
     1
 90
        0
176
     1
290
     0
176
     1
 90
        1
176
     1
 40
0.0
176
     1
 90
        0
176
     1
290
     0
176
     1
290
     1
176
     1
290
     1
176
     1
290
     0
290
     0
176
     1
290
     0
290
     0
176
     1
290
     0
176
     1
290
     0
176
     1
 90
       50
176
     1
 40
0.0
176
     1
 40
1.0
176
     1
 90
        0
176
     1
 62
     0
420
3254779904
176
     1
 90
       50
176
     1
 90
        3
176
     1
 62
     5
420
3254780159
176
     1
290
     0
176
     1
 90
       50
176
     1
 90
       50
176
     1
 90
       50
176
     1
290
     0
176
     1
 90
       50
176
     1
 62
     0
176
     0
 40
1.0
176
     0
 90
        2
176
     1
  1
strokes_ogs.tif
176
     1
290
     0
176
     1
 40
1.0
176
     1
 40
1.0
176
     1
  0
DICTIONARY
  5
B6
102
{ACAD_REACTORS
330
C
102
}
330
C
100
AcDbDictionary
281
     1
  3
A0
350
B7
  3
A1
350
124
  3
A2
350
125
  3
A3
350
126
  3
A4
350
127
  3
A5
350
128
  3
A6
350
129
  3
A7
350
12A
  3
A8
350
12B
  3
A9
350
12C
  3
B0
350
12D
  3
B1
350
12E
  3
B2
350
12F
  3
B3
350
130
  3
B4
350
131
  3
B5
350
132
  3
B6
350
133
  3
B7
350
134
  3
B8
350
135
  3
B9
350
136
  3
C0
350
137
  3
C1
350
138
  3
C2
350
139
  3
C3
350
13A
  3
C4
350
13B
  3
C5
350
13C
  3
C6
350
13D
  3
C7
350
13E
  3
C8
350
13F
  3
C9
350
140
  3
D0
350
141
  3
D1
350
142
  3
D2
350
143
  0
SCALE
  5
B7
102
{ACAD_REACTORS
330
B6
102
}
330
B6
100
AcDbScale
 70
     0
300
1:1
140
1.0
141
1.0
290
     1
  0
DICTIONARY
  5
D7
102
{ACAD_REACTORS
330
C
102
}
330
C
100
AcDbDictionary
281
     1
  3
Standard
350
D8
  0
MLEADERSTYLE
  5
D8
102
{ACAD_REACTORS
330
D7
102
}
330
D7
100
AcDbMLeaderStyle
179
     2
170
     2
171
     1
172
     0
 90
        2
 40
0.0
 41
0.0
173
     1
 91
-1056964608
340
14
 92
       -2
290
     1
 42
0.09
291
     1
 43
0.36
  3
Standard
341
0
 44
0.18
300

342
11
174
     1
178
     1
175
     1
176
     0
 93
-1056964608
 45
0.18
292
     0
297
     0
 46
0.18
343
0
 94
-1056964608
 47
1.0
 49
1.0
140
1.0
293
     1
141
0.0
294
     1
177
     0
142
1.0
295
     0
296
     0
143
0.125
271
     0
273
     9
272
     9
298
     0
  0
DICTIONARY
  5
E6
330
10
100
AcDbDictionary
280
     1
281
     1
  0
DICTIONARYVAR
  5
EF
102
{ACAD_REACTORS
330
66
102
}
330
66
100
DictionaryVariables
280
     0
  1
STANDARD
  0
DICTIONARYVAR
  5
F0
102
{ACAD_REACTORS
330
66
102
}
330
66
100
DictionaryVariables
280
     0
  1
1:1
  0
DICTIONARY
  5
104
330
87
100
AcDbDictionary
280
     1
281
     1
  0
DICTIONARY
  5
110
330
98
100
AcDbDictionary
280
     1
281
     1
  3
BUMPTILE
360
112
  3
DIFFUSETILE
360
111
  3
FBXASSET
360
18A
  3
OPACITYTILE
360
113
  3
REFLECTIONTILE
360
114
  0
XRECORD
  5
111
102
{ACAD_REACTORS
330
110
102
}
330
110
100
AcDbXrecord
280
     1
270
     1
271
     1
  0
XRECORD
  5
112
102
{ACAD_REACTORS
330
110
102
}
330
110
100
AcDbXrecord
280
     1
270
     1
271
     1
  0
XRECORD
  5
113
102
{ACAD_REACTORS
330
110
102
}
330
110
100
AcDbXrecord
280
     1
270
     1
271
     1
  0
XRECORD
  5
114
102
{ACAD_REACTORS
330
110
102
}
330
110
100
AcDbXrecord
280
     1
270
     1
271
     1
  0
SCALE
  5
124
102
{ACAD_REACTORS
330
B6
102
}
330
B6
100
AcDbScale
 70
     0
300
1:2
140
1.0
141
2.0
290
     0
  0
SCALE
  5
125
102
{ACAD_REACTORS
330
B6
102
}
330
B6
100
AcDbScale
 70
     0
300
1:4
140
1.0
141
4.0
290
     0
  0
SCALE
  5
126
102
{ACAD_REACTORS
330
B6
102
}
330
B6
100
AcDbScale
 70
     0
300
1:5
140
1.0
141
5.0
290
     0
  0
SCALE
  5
127
102
{ACAD_REACTORS
330
B6
102
}
330
B6
100
AcDbScale
 70
     0
300
1:8
140
1.0
141
8.0
290
     0
  0
SCALE
  5
128
102
{ACAD_REACTORS
330
B6
102
}
330
B6
100
AcDbScale
 70
     0
300
1:10
140
1.0
141
10.0
290
     0
  0
SCALE
  5
129
102
{ACAD_REACTORS
330
B6
102
}
330
B6
100
AcDbScale
 70
     0
300
1:16
140
1.0
141
16.0
290
     0
  0
SCALE
  5
12A
102
{ACAD_REACTORS
330
B6
102
}
330
B6
100
AcDbScale
 70
     0
300
1:20
140
1.0
141
20.0
290
     0
  0
SCALE
  5
12B
102
{ACAD_REACTORS
330
B6
102
}
330
B6
100
AcDbScale
 70
     0
300
1:30
140
1.0
141
30.0
290
     0
  0
SCALE
  5
12C
102
{ACAD_REACTORS
330
B6
102
}
330
B6
100
AcDbScale
 70
     0
300
1:40
140
1.0
141
40.0
290
     0
  0
SCALE
  5
12D
102
{ACAD_REACTORS
330
B6
102
}
330
B6
100
AcDbScale
 70
     0
300
1:50
140
1.0
141
50.0
290
     0
  0
SCALE
  5
12E
102
{ACAD_REACTORS
330
B6
102
}
330
B6
100
AcDbScale
 70
     0
300
1:100
140
1.0
141
100.0
290
     0
  0
SCALE
  5
12F
102
{ACAD_REACTORS
330
B6
102
}
330
B6
100
AcDbScale
 70
     0
300
2:1
140
2.0
141
1.0
290
     0
  0
SCALE
  5
130
102
{ACAD_REACTORS
330
B6
102
}
330
B6
100
AcDbScale
 70
     0
300
4:1
140
4.0
141
1.0
290
     0
  0
SCALE
  5
131
102
{ACAD_REACTORS
330
B6
102
}
330
B6
100
AcDbScale
 70
     0
300
8:1
140
8.0
141
1.0
290
     0
  0
SCALE
  5
132
102
{ACAD_REACTORS
330
B6
102
}
330
B6
100
AcDbScale
 70
     0
300
10:1
140
10.0
141
1.0
290
     0
  0
SCALE
  5
133
102
{ACAD_REACTORS
330
B6
102
}
330
B6
100
AcDbScale
 70
     0
300
100:1
140
100.0
141
1.0
290
     0
  0
SCALE
  5
134
102
{ACAD_REACTORS
330
B6
102
}
330
B6
100
AcDbScale
 70
     0
300
1/128" = 1'-0"
140
0.0078125
141
12.0
290
     0
  0
SCALE
  5
135
102
{ACAD_REACTORS
330
B6
102
}
330
B6
100
AcDbScale
 70
     0
300
1/64" = 1'-0"
140
0.015625
141
12.0
290
     0
  0
SCALE
  5
136
102
{ACAD_REACTORS
330
B6
102
}
330
B6
100
AcDbScale
 70
     0
300
1/32" = 1'-0"
140
0.03125
141
12.0
290
     0
  0
SCALE
  5
137
102
{ACAD_REACTORS
330
B6
102
}
330
B6
100
AcDbScale
 70
     0
300
1/16" = 1'-0"
140
0.0625
141
12.0
290
     0
  0
SCALE
  5
138
102
{ACAD_REACTORS
330
B6
102
}
330
B6
100
AcDbScale
 70
     0
300
3/32" = 1'-0"
140
0.09375
141
12.0
290
     0
  0
SCALE
  5
139
102
{ACAD_REACTORS
330
B6
102
}
330
B6
100
AcDbScale
 70
     0
300
1/8" = 1'-0"
140
0.125
141
12.0
290
     0
  0
SCALE
  5
13A
102
{ACAD_REACTORS
330
B6
102
}
330
B6
100
AcDbScale
 70
     0
300
3/16" = 1'-0"
140
0.1875
141
12.0
290
     0
  0
SCALE
  5
13B
102
{ACAD_REACTORS
330
B6
102
}
330
B6
100
AcDbScale
 70
     0
300
1/4" = 1'-0"
140
0.25
141
12.0
290
     0
  0
SCALE
  5
13C
102
{ACAD_REACTORS
330
B6
102
}
330
B6
100
AcDbScale
 70
     0
300
3/8" = 1'-0"
140
0.375
141
12.0
290
     0
  0
SCALE
  5
13D
102
{ACAD_REACTORS
330
B6
102
}
330
B6
100
AcDbScale
 70
     0
300
1/2" = 1'-0"
140
0.5
141
12.0
290
     0
  0
SCALE
  5
13E
102
{ACAD_REACTORS
330
B6
102
}
330
B6
100
AcDbScale
 70
     0
300
3/4" = 1'-0"
140
0.75
141
12.0
290
     0
  0
SCALE
  5
13F
102
{ACAD_REACTORS
330
B6
102
}
330
B6
100
AcDbScale
 70
     0
300
1" = 1'-0"
140
1.0
141
12.0
290
     0
  0
SCALE
  5
140
102
{ACAD_REACTORS
330
B6
102
}
330
B6
100
AcDbScale
 70
     0
300
1-1/2" = 1'-0"
140
1.5
141
12.0
290
     0
  0
SCALE
  5
141
102
{ACAD_REACTORS
330
B6
102
}
330
B6
100
AcDbScale
 70
     0
300
3" = 1'-0"
140
3.0
141
12.0
290
     0
  0
SCALE
  5
142
102
{ACAD_REACTORS
330
B6
102
}
330
B6
100
AcDbScale
 70
     0
300
6" = 1'-0"
140
6.0
141
12.0
290
     0
  0
SCALE
  5
143
102
{ACAD_REACTORS
330
B6
102
}
330
B6
100
AcDbScale
 70
     0
300
1'-0" = 1'-0"
140
12.0
141
12.0
290
     0
  0
DICTIONARYVAR
  5
14D
102
{ACAD_REACTORS
330
66
102
}
330
66
100
DictionaryVariables
280
     0
  1
0
  0
DICTIONARYVAR
  5
14E
102
{ACAD_REACTORS
330
66
102
}
330
66
100
DictionaryVariables
280
     0
  1
0
  0
DICTIONARY
  5
15D
330
1F
100
AcDbDictionary
280
     1
281
     1
  3
ACAD_SORTENTS
360
251
  0
VISUALSTYLE
  5
173
102
{ACAD_REACTORS
330
99
102
}
330
99
100
AcDbVisualStyle
  2
JitterOff
 70
    20
177
     2
291
     1
 70
    58
 90
        2
176
     0
 90
        2
176
     0
 90
        0
176
     0
 90
        0
176
     0
 40
0.6
176
     0
 40
30.0
176
     0
 62
     7
420
3271557119
176
     0
 90
        1
176
     0
 90
        4
176
     0
 62
     7
176
     0
 62
   257
176
     0
 90
        1
176
     0
 90
        1
176
     0
 40
1.0
176
     0
 90
       10
176
     2
 62
     7
176
     0
 40
1.0
176
     0
 90
        1
176
     0
 90
        6
176
     0
 90
        2
176
     0
 62
     7
176
     0
 90
        5
176
     0
 90
        0
176
     0
 90
        0
176
     0
290
     0
176
     0
 90
        1
176
     0
 40
0.0
176
     0
 90
        0
176
     0
290
     0
176
     1
290
     1
176
     1
290
     1
176
     1
290
     0
290
     0
176
     1
290
     0
290
     0
176
     1
290
     0
176
     1
290
     0
176
     1
 90
       50
176
     1
 40
0.0
176
     1
 40
1.0
176
     1
 90
        0
176
     1
 62
     0
420
3254779904
176
     1
 90
       50
176
     1
 90
        3
176
     1
 62
     5
420
3254780159
176
     1
290
     0
176
     1
 90
       50
176
     1
 90
       50
176
     1
 90
       50
176
     1
290
     0
176
     1
 90
       50
176
     1
 62
     0
176
     0
 40
1.0
176
     0
 90
        2
176
     1
  1
strokes_ogs.tif
176
     1
290
     0
176
     1
 40
1.0
176
     1
 40
1.0
176
     1
  0
VISUALSTYLE
  5
174
102
{ACAD_REACTORS
330
99
102
}
330
99
100
AcDbVisualStyle
  2
OverhangOff
 70
    21
177
     2
291
     1
 70
    58
 90
        2
176
     0
 90
        2
176
     0
 90
        0
176
     0
 90
        0
176
     0
 40
0.6
176
     0
 40
30.0
176
     0
 62
     7
420
3271557119
176
     0
 90
        1
176
     0
 90
        4
176
     0
 62
     7
176
     0
 62
   257
176
     0
 90
        1
176
     0
 90
        1
176
     0
 40
1.0
176
     0
 90
        9
176
     2
 62
     7
176
     0
 40
1.0
176
     0
 90
        1
176
     0
 90
        6
176
     0
 90
        2
176
     0
 62
     7
176
     0
 90
        5
176
     0
 90
        0
176
     0
 90
        0
176
     0
290
     0
176
     0
 90
        1
176
     0
 40
0.0
176
     0
 90
        0
176
     0
290
     0
176
     1
290
     1
176
     1
290
     1
176
     1
290
     0
290
     0
176
     1
290
     0
290
     0
176
     1
290
     0
176
     1
290
     0
176
     1
 90
       50
176
     1
 40
0.0
176
     1
 40
1.0
176
     1
 90
        0
176
     1
 62
     0
420
3254779904
176
     1
 90
       50
176
     1
 90
        3
176
     1
 62
     5
420
3254780159
176
     1
290
     0
176
     1
 90
       50
176
     1
 90
       50
176
     1
 90
       50
176
     1
290
     0
176
     1
 90
       50
176
     1
 62
     0
176
     0
 40
1.0
176
     0
 90
        2
176
     1
  1
strokes_ogs.tif
176
     1
290
     0
176
     1
 40
1.0
176
     1
 40
1.0
176
     1
  0
VISUALSTYLE
  5
175
102
{ACAD_REACTORS
330
99
102
}
330
99
100
AcDbVisualStyle
  2
EdgeColorOff
 70
    22
177
     2
291
     1
 70
    58
 90
        2
176
     0
 90
        2
176
     0
 90
        0
176
     0
 90
        0
176
     0
 40
0.6
176
     0
 40
30.0
176
     0
 62
     7
420
3271557119
176
     0
 90
        1
176
     0
 90
        4
176
     0
 62
     7
176
     0
 62
   257
176
     0
 90
        1
176
     0
 90
        1
176
     0
 40
1.0
176
     0
 90
        8
176
     2
 62
     7
176
     0
 40
1.0
176
     0
 90
        1
176
     0
 90
        6
176
     0
 90
        2
176
     0
 62
     7
176
     0
 90
        5
176
     0
 90
        0
176
     0
 90
        0
176
     0
290
     0
176
     0
 90
        1
176
     0
 40
0.0
176
     0
 90
        0
176
     0
290
     0
176
     1
290
     1
176
     1
290
     1
176
     1
290
     0
290
     0
176
     1
290
     0
290
     0
176
     1
290
     0
176
     1
290
     0
176
     1
 90
       50
176
     1
 40
0.0
176
     1
 40
1.0
176
     1
 90
        0
176
     1
 62
     0
420
3254779904
176
     1
 90
       50
176
     1
 90
        3
176
     1
 62
     5
420
3254780159
176
     1
290
     0
176
     1
 90
       50
176
     1
 90
       50
176
     1
 90
       50
176
     1
290
     0
176
     1
 90
       50
176
     1
 62
     0
176
     0
 40
1.0
176
     0
 90
        2
176
     1
  1
strokes_ogs.tif
176
     1
290
     0
176
     1
 40
1.0
176
     1
 40
1.0
176
     1
  0
VISUALSTYLE
  5
17E
102
{ACAD_REACTORS
330
99
102
}
330
99
100
AcDbVisualStyle
  2
Shades of Gray
 70
    23
177
     2
291
     0
 70
    58
 90
        2
176
     1
 90
        2
176
     1
 90
        3
176
     1
 90
        0
176
     1
 40
0.6
176
     1
 40
30.0
176
     1
 62
     7
420
3271557119
176
     1
 90
        2
176
     1
 90
        2
176
     1
 62
     7
176
     1
 62
     7
176
     1
 90
        1
176
     1
 90
        1
176
     1
 40
40.0
176
     1
 90
        8
176
     1
 62
     7
176
     1
 40
1.0
176
     1
 90
        1
176
     1
 90
        6
176
     1
 90
        2
176
     1
 62
     7
176
     1
 90
        3
176
     1
 90
        0
176
     1
 90
        0
176
     1
290
     0
176
     1
 90
        1
176
     1
 40
0.0
176
     1
 90
        0
176
     1
290
     0
176
     1
290
     1
176
     1
290
     1
176
     1
290
     0
290
     0
176
     1
290
     0
290
     0
176
     1
290
     0
176
     1
290
     0
176
     1
 90
       50
176
     1
 40
0.0
176
     1
 40
1.0
176
     1
 90
        0
176
     1
 62
     0
420
3254779904
176
     1
 90
       50
176
     1
 90
        3
176
     1
 62
     5
420
3254780159
176
     1
290
     0
176
     1
 90
       50
176
     1
 90
       50
176
     1
 90
       50
176
     1
290
     0
176
     1
 90
       50
176
     1
 62
     0
176
     0
 40
1.0
176
     0
 90
        2
176
     1
  1
strokes_ogs.tif
176
     1
290
     0
176
     1
 40
1.0
176
     1
 40
1.0
176
     1
  0
VISUALSTYLE
  5
17F
102
{ACAD_REACTORS
330
99
102
}
330
99
100
AcDbVisualStyle
  2
Sketchy
 70
    24
177
     2
291
     0
 70
    58
 90
        1
176
     1
 90
        2
176
     1
 90
        2
176
     1
 90
        0
176
     1
 40
0.6
176
     1
 40
30.0
176
     1
 62
     7
420
3271557119
176
     1
 90
        2
176
     1
 90
        2
176
     1
 62
     7
176
     1
 62
     7
176
     1
 90
        1
176
     1
 90
        1
176
     1
 40
40.0
176
     1
 90
       11
176
     1
 62
     7
176
     1
 40
1.0
176
     1
 90
        1
176
     1
 90
        6
176
     1
 90
        2
176
     1
 62
     7
176
     1
 90
        6
176
     1
 90
        0
176
     1
 90
        0
176
     1
290
     0
176
     1
 90
        1
176
     1
 40
0.0
176
     1
 90
        0
176
     1
290
     0
176
     1
290
     1
176
     1
290
     1
176
     1
290
     0
290
     0
176
     1
290
     0
290
     0
176
     1
290
     0
176
     1
290
     0
176
     1
 90
       50
176
     1
 40
0.0
176
     1
 40
1.0
176
     1
 90
        0
176
     1
 62
     0
420
3254779904
176
     1
 90
       50
176
     1
 90
        3
176
     1
 62
     5
420
3254780159
176
     1
290
     0
176
     1
 90
       50
176
     1
 90
       50
176
     1
 90
       50
176
     1
290
     0
176
     1
 90
       50
176
     1
 62
     0
176
     0
 40
1.0
176
     0
 90
        2
176
     1
  1
strokes_ogs.tif
176
     1
290
     0
176
     1
 40
1.0
176
     1
 40
1.0
176
     1
  0
VISUALSTYLE
  5
180
102
{ACAD_REACTORS
330
99
102
}
330
99
100
AcDbVisualStyle
  2
X-Ray
 70
    25
177
     2
291
     0
 70
    58
 90
        2
176
     1
 90
        2
176
     1
 90
        1
176
     1
 90
        1
176
     1
 40
0.5
176
     1
 40
30.0
176
     1
 62
     7
420
3271557119
176
     1
 90
        1
176
     1
 90
        0
176
     1
 62
     7
176
     1
 62
   257
176
     1
 90
        1
176
     1
 90
        1
176
     1
 40
1.0
176
     1
 90
        8
176
     1
 62
     7
176
     1
 40
1.0
176
     1
 90
        1
176
     1
 90
        6
176
     1
 90
        2
176
     1
 62
     7
176
     1
 90
        3
176
     1
 90
        0
176
     1
 90
        0
176
     1
290
     0
176
     1
 90
       13
176
     1
 40
0.0
176
     1
 90
        0
176
     1
290
     0
176
     1
290
     1
176
     1
290
     1
176
     1
290
     0
290
     0
176
     1
290
     0
290
     0
176
     1
290
     0
176
     1
290
     0
176
     1
 90
       50
176
     1
 40
0.0
176
     1
 40
1.0
176
     1
 90
        0
176
     1
 62
     0
420
3254779904
176
     1
 90
       50
176
     1
 90
        3
176
     1
 62
     5
420
3254780159
176
     1
290
     0
176
     1
 90
       50
176
     1
 90
       50
176
     1
 90
       50
176
     1
290
     0
176
     1
 90
       50
176
     1
 62
     0
176
     0
 40
1.0
176
     0
 90
        2
176
     1
  1
strokes_ogs.tif
176
     1
290
     0
176
     1
 40
1.0
176
     1
 40
1.0
176
     1
  0
VISUALSTYLE
  5
181
102
{ACAD_REACTORS
330
99
102
}
330
99
100
AcDbVisualStyle
  2
Shaded with edges
 70
    26
177
     2
291
     0
 70
    58
 90
        2
176
     1
 90
        2
176
     1
 90
        1
176
     1
 90
        2
176
     1
 40
0.6
176
     1
 40
30.0
176
     1
 62
     7
420
3271557119
176
     1
 90
        1
176
     1
 90
        2
176
     1
 62
     7
176
     1
 62
   257
176
     1
 90
        2
176
     1
 90
        1
176
     1
 40
1.0
176
     1
 90
        8
176
     1
 62
   257
176
     1
 40
1.0
176
     1
 90
        1
176
     1
 90
        6
176
     1
 90
        2
176
     1
 62
     7
176
     1
 90
        3
176
     1
 90
        0
176
     1
 90
        0
176
     1
290
     0
176
     1
 90
        5
176
     1
 40
0.0
176
     1
 90
        0
176
     1
290
     0
176
     1
290
     1
176
     1
290
     1
176
     1
290
     0
290
     0
176
     1
290
     0
290
     0
176
     1
290
     0
176
     1
290
     0
176
     1
 90
       50
176
     1
 40
0.0
176
     1
 40
1.0
176
     1
 90
        0
176
     1
 62
     0
420
3254779904
176
     1
 90
       50
176
     1
 90
        3
176
     1
 62
     5
420
3254780159
176
     1
290
     0
176
     1
 90
       50
176
     1
 90
       50
176
     1
 90
       50
176
     1
290
     0
176
     1
 90
       50
176
     1
 62
     0
176
     0
 40
1.0
176
     0
 90
        2
176
     1
  1
strokes_ogs.tif
176
     1
290
     0
176
     1
 40
1.0
176
     1
 40
1.0
176
     1
  0
VISUALSTYLE
  5
182
102
{ACAD_REACTORS
330
99
102
}
330
99
100
AcDbVisualStyle
  2
Shaded
 70
    27
177
     2
291
     0
 70
    58
 90
        2
176
     1
 90
        2
176
     1
 90
        1
176
     1
 90
        2
176
     1
 40
0.6
176
     1
 40
30.0
176
     1
 62
     7
420
3271557119
176
     1
 90
        0
176
     1
 90
        4
176
     1
 62
     7
176
     1
 62
   257
176
     1
 90
        1
176
     1
 90
        1
176
     1
 40
1.0
176
     1
 90
        8
176
     1
 62
   257
176
     1
 40
1.0
176
     1
 90
        1
176
     1
 90
        6
176
     1
 90
        2
176
     1
 62
   256
420
3262675064
176
     1
 90
        3
176
     1
 90
        0
176
     1
 90
        0
176
     1
290
     0
176
     1
 90
        5
176
     1
 40
0.0
176
     1
 90
        0
176
     1
290
     0
176
     1
290
     1
176
     1
290
     1
176
     1
290
     0
290
     0
176
     1
290
     0
290
     0
176
     1
290
     0
176
     1
290
     0
176
     1
 90
       50
176
     1
 40
0.0
176
     1
 40
1.0
176
     1
 90
        0
176
     1
 62
     0
420
3254779904
176
     1
 90
       50
176
     1
 90
        3
176
     1
 62
     5
420
3254780159
176
     1
290
     0
176
     1
 90
       50
176
     1
 90
       50
176
     1
 90
       50
176
     1
290
     0
176
     1
 90
       50
176
     1
 62
     0
176
     0
 40
1.0
176
     0
 90
        2
176
     1
  1
strokes_ogs.tif
176
     1
290
     0
176
     1
 40
1.0
176
     1
 40
1.0
176
     1
  0
DICTIONARY
  5
186
330
96
100
AcDbDictionary
280
     1
281
     1
  3
FBXASSET
360
187
  0
XRECORD
  5
187
102
{ACAD_REACTORS
330
186
102
}
330
186
100
AcDbXrecord
280
     1
 70
     1
 90
429727718
  1
887D55A9-D0DD-414E-B741-A7DCD4DA2B4C
310
504B03040A0000080000B670623B3DEE336E79000000790000001B0000006175746F6465736B2D64657369676E2D7061636B6167652E786D6C3C3F786D6C2076657273696F6E3D22312E302220656E636F64696E673D227574662D3822203F3E3C666F726D6174733E3C666F726D61743E687474703A2F2F736368656D612E
310
6175746F6465736B2E636F6D2F64657369676E2D7061636B6167652F323030393C2F666F726D61743E3C2F666F726D6174733E504B0304140006080800B670623BD486FD9CA0000000F4000000130000005B436F6E74656E745F54797065735D2E786D6C7D8EC10E82300C865F65E91D8A1E8C310C0EEA1BF002731658846E
310
D98AC1B77784ABF1D8FE5FBFBF75BBCE937A534CCEB38643598122B6FEE978D0B0485F9C41B54DDD7D022595594E1A469170414C76A4D9A4D207E29CF43ECE46F218070CC6BECC4078ACAA135ACF422C856C0E68EA1BF5669944DDD7BCDE7B1F8E415D77AECB980613C2E4AC91FC167A2B244592486606FC29C8FD7F045B9A
310
EF7053A7E60B504B0304140006080800B670623BBC1638F5EC0000007C01000008000000636F72652E786D6C8D90416EC3201045AF82665B61836BE2D8C24471DB9CA01740401C94182C03558F5F9C3852BBEB6A467FFE9B197D7EF89E6EE8CB2CC17AD7032D0820E394D7D68D3DA478C67B4007C117EFE32F1B202727D3C3
310
2A83E0E3E2D3BC49CABB685CCCAAF3DA6CA20CC14440EA969B1E82BA98491632C5EC08D76296EA2A4753D06797E194AC468F2356E77DF66CCD02825543D50CACC62D39ED70FDC68EB8FD68F6F8787A6784342D1DDA1D2F5758F068A7E77DB518198D065111D2624A31A93E69DD11D6D5EC85EC3B4278B9DAFF4069D6FF8492
310
75F1B5DADE7D600104CD8FDC0782976B16B9DC83CA75CD4DFC00504B0304140006080800B670623B55019EA25F0000007C00000007000000636E782E786D6C4DCB3B0E80201045D1AD90E915ED2CF8AC45050C11660C8261F98AB1B07AC9C97D42D718D865D3E909258CFD00CCE24AC6E326A164D74DC0B4128928FF326038
310
472BA13128B1252AC747C6BAB984FC68F0B87FE8960A5C09FE86CFB69FBA01504B0304140006080800B670623B3586FFB671010000D40300000C0000006662782F636F72652E786D6CC553ED6E8320147D15C2DF4541A76D6D90A6DDD627D80B50A4CE54C120983EFEAE1F4DD7A55BBA5FF3879273EEE59E7310B6393735EA
310
95ED2AA3731C851423A5A5292A5DE6D8BB63B0C268C39935C67D29C3488B46E578803167A535BE9D2169B453DA01AA4DA16650749D7218C91A1639EEE4876A4428BC838AEE14B6429E44A9C228041AEA38EB9C0501681A32BC313F1ECE8C4C3867DE57C5CC56054CAB8E95B298A7F12E5EEED224C8E87E11242FE936C8DE96
310
AB60BB7F4D295D66D12E5B30323473E6AAE6A24E5A259C2A308F29CD82280A68FC1E256B9AAE93F489AED694323294DF34F9B678B0C957DA3DC7B3DCA9ADC33C022123F1CD2D44E450277AD04338234388F01913BE0D1A0281909D38D4171F27807A259DB1093085F157AA17B557309586747CD0CF0B46A64E983A6E0EAEEF
310
CE881F9EF1FB8E70D44297604238581EBC1B74B249C31C5AAB6CD0BB33D2C636A27ECCC62F0EFF445DC5DF95244D6DEC7F2922F30191F9F720C37DE49F504B0304140006080800B670623B4220A0FF7D0000009D0000000B0000006662782F636E782E786D6C4DCCD10A83201886E15B91FFDCE542CB0335D0EC3E6259C84A
310
C3E9D8E5AF46073BFAE0E1E315DD675BD1DBA5978F41C2FD4600B9F088930F8B849267CC01754AA418F3DF0D50183727E164506249B1EC174D6E1ECB9A0F5D7D785E68DB8151CD286E5A5363CA6B8A39E90D36D40E96B086F55A43A544F52B1D7B86D517504B0304140006080800B670623B2FA3FEDE290100001202000031
310
0000006662782F45374635344235342D363743322D343832342D383044432D4334454645303536354442422F636F72652E786D6C8D515B6EC32010BC0AE22B55850D2E386E848994D7097A0117488A1283C5A3CAF10BB523B57FF961D1ECCCECC0F2ED7DBC816FED8371B687A4C210682B9D32F6D2C314CFA883602BB8772E
310
FEA141608751F7B0C050F08B77695A20E96CD43666D43AA5177008414708E42D5F7A18E4971E876A483133C2B59A06791D2EBA22556E679EE021FA1C00CC43CA09C5717D6274C7286AD7FB06D1AEA1A8C3873DDAD3E3E98859CB0EBB1DAF67A1E02919B5C88DCA71CCD968FFAC49110B1ECDF8882FBD1EA256503418BF2342
310
106E3E08DD60B6A1EC15771B8C795DE8FF4469524F8A92B1F1AD59E2CEB20005E1F5DC105CB9F4797B84D1F7C9F908CABC55D0F2050A5C61CC1AD2F27A26E6E767C7962E8E213A9FBF7775FDCC5CC266DB960A5E970DE5F2BBBE5CCB36C50F504B0304140006080800B670623B1B8617914E01000033030000300000006662
310
782F45374635344235342D363743322D343832342D383044432D4334454645303536354442422F636E782E786D6CD593C16EC32010447F0571AD6CE3D489D20813A9877E410FBD62D82434182CC055F3F75D1292E692438FBD206B7698593D61BEFD1E2DF982108D773D6D6B460938E5B571FB9ECE6957AD29D90A1EBC4F77
310
364A9C1CA1A759A682EF839FA72269D8C9D92654AD71C72206887E0E0A22CAF926B15E498B01E0AA19451807D01A34B919F16B070157417138917400F2F6FA41FCF0092A45DEE414C19BDC21783E4BD39D891265658C3D8DEA00A3ACE59CBC8678ACB54CB26EEB6BD7839D7E9348BE70AD9C8321B9BCA7F9A4A26C542347DE
310
E050F09802D22BA6749A800A394DD62899107273365E3C82CFC6A55557BC06C10774B7ABE7AEC3B0F34CF06446280E154026D0542C187BA9DAB6628BF7B6DBB0E5A65B3EB1F58631DE64BBE083F7B65CC218087E22CABB042E51D1F2268F1FE12B3EA24D40D63E9CFE00120194D60B9D5BC67FE6D39CDF37E20AF817881F50
310
4B0304140006080800B670623B29652116630500003C100000340000006662782F45374635344235342D363743322D343832342D383044432D4334454645303536354442422F6F626A656374732E786D6CAD575D739B3814FD2B0CFB0C989834C90EA1639B24E3E9A6EDD4D3CE3E64C623834CD8006224913AFDF57B040203
310
B65BEF871F0C12D2FD3CF7E8CA7FBFCB33E3957291B2E2D674ED8969D02262715A24B76625B7D6B569BC0F7CCE98EC2D338D82E4F4D654D366E0279C55A59E8AE99654991CCDDECFFF3444440B6A1A514684B83545F44C7362934AB2988A173B2692D8C97667BB76B3702836E1A47C1E092D09A78584A5982F20C5688C7287
310
C389E904BEA3BE07BEFAD7ABA6A75739B53F43FD69212429A20365233153D70BEF2E2E6FAC4BCF9B5ADEBB0BD79ADFCF43CBBD9A4E16EF168B9BD9DD0D140BC921495BC2E9D60C1E101B9E46BED37CEA2CD6861F3329624541A3DA7F7858DBAC25C6B4A4458C3CA654405BCFEBC970E8AAD8F43E4FD558ABEC4F9FE7557F47
310
4F506B7BFBEC5BCA367FC105710E2AB8A00A554D7CB4A30DFE26FBA86D18CBF4B75418399194A72433B274C3097F33032C554B027F2046A1932B842B0FCCC0DDCBEBDB8AD2F835768F59B9ADB24C41D30C6A64AF817F2A456D59FA83F2E3DA60137255A585BCD60EC9B7929AC18DEFD49381AF1ED30BFDB109A4B1CD488294
310
C3CDE6EBC8D185AABD6568061FEE37BB95AAC7E3CA4BCE4ACAA5820FA0D526AE7DAA2869B5EE5999531BE0CC20E6FBA07C41E43FA27CF7A6206F3CDD793B4F6B919C1462CB788EDCD893FA674CDA17AB7B3B7C019F8D561FAEE966FED562DFE98C1D12C6A9FC015C2A35D7FF3D7FC398F591DA4B5FE0BFA2C0189FEA50AE22
310
92817A1ED3020951A03432862970F976B33383259812CC8E5D240BBA801CBCF8CE2BBEE3BF910DB6AAD5F79E05123AE2DB33981FB1ACCB02B69D00CB014FD68AB573A7627EF9BFD4CC2C5C7D58557C4B22FAA88925A4DBB44825CECE3D78FB060D1231F0E885BE7D673C86A3874958F593906B5502D1563157814FDAC3420D
310
F69A070A22EC4B98E23CFF171A1E5311D12C23056555ABA53B8614563B92D17D02AAB009E8F46284624E5F53D5490C560CCCC2591FF1B45421EB0EBD8EA7ED13BE7C5D7E0428CD60FEF60779EB13E6664FF711CB185F6FDED60D139A001FF60CD1FD6D086F1D51474901E26B2CB794A343BC8ED3EDB612E0DD2351FCB65CF4
310
33D511C9E14B5B40ADC6A6263DB0336A8F700DDF56271A024E70B0B3629DE21847591E55DED73D56206AB927E46FAABC5C939C55853C274C93D69FD6FA4E78BF8B11DF898C9ECD60553FAD39283BA6F18984AA23E8884F83F45C5F5F859797B31B2B9C84A1E5B9DE9D35BFF25C6B76152E422F9C5DCC3D847F5801ED09D5AF
310
41441327A25FF15487F9EB725FB666F048A4701E9A827292E6F97569A32DF61DEC01C0BB8DCBBCCC684E0B49147C1FD54BF685A0AB18C868E6973949E819523E3DAC463660E68C7D9F55A9D1EFA3BD7A76A16AE1A810F95CE59B82A4D968A376DC2E8B44BBDD86B27B368CDE0ED548C7137DA860591A83706223A12CA712B4
310
7306DBF39C0A20A6DF95C7FAF670C6EED7A61F946493D1D6926782963813403548A78AE470DEF80D2D9CEAA26E4D1C76F60BFE74219A06527D6B82DF641A51616F703CAAC6A7160E08A00BEB4810A0274592A1B36E3675E36E978A0DE80727A0D6DF2D39A75BD27E0D8837276589537B40ABB56D5A41F48F1C6FCD3188C4EB
310
A6929D2FFB89CE995A4D00AE813BDD032DC48B56BD437DFDDC2DD7AED70C2272D63DE9A72068A45A92F0A4BE17A8A06B9366E16707AD80B1FC649459952097E74BB23805982B55E0401150A165964402AA8BDF9F3E7386BB686EDCA780C0D382E5392BF460A6EFB2C6EA1937D3F809B440D5F5435C4C5CF7A9EEFAF54564BD
310
2182DA24162F98680B4E7930C21A0079709CEAEB99A372305ABE0C0D7D6078105A83F6A0296DAEE1068A47DD1C55A9F4C9B2FC69E3EFD44B81028E963DF81B504B0304140006080000B670623B000000000000000000000000350000006662782F45374635344235342D363743322D343832342D383044432D433445464530
310
3536354442422F76657274696365732E62696E504B0304140006080800B670623BF270F1330600000004000000360000006662782F45374635344235342D363743322D343832342D383044432D4334454645303536354442422F747269616E676C65732E62696E636660600000504B0304140006080000B670623B00000000
310
0000000000000000370000006662782F45374635344235342D363743322D343832342D383044432D4334454645303536354442422F617474726962757465732E62696E504B0304140006080800B670623B08DA0BD19000000041010000360000006662782F45374635344235342D363743322D343832342D383044432D4334
310
454645303536354442422F6469726563746F72792E786D6C858F410AC3201045AF22B36F53E9A60B35CBEEBAE80D244E44489C6234F4F835464A48035D0DF398FF9F8AF63D0E6CC63039F212F8F9020C7D47C6792B21C5FE7403D62A1188E2E60C98D7234A5830286103A55745067B9D86B8A3CF9C7F90C11DE607FB144396
310
D7B6A82D282E9A152AD114D5EF2CB866EEE831B8EEA07A7BB5A8D7D61A2BAAEB7FD5F70921FF497D00504B0304140006080800B670623B6378F24DFF000000A00100003B0000006662782F45374635344235342D363743322D343832342D383044432D4334454645303536354442422F7265736F75726365732F636F72652E
310
786D6C8D504B6E833010BD0A9A6D65B0094E42641C85B639412F6099496225D8C89FAAC7AF09546A77DDCC8CDE47F3F4C4F16B7C149FE88371B603565228D06A37187BED20C50BD9437194C23B177FC9A0B06AC40E6618A4B87A97A615D2CE46B431A3D60DB8822A048C50E8473E3A08FA86A32A558A5911EEE5A4F45D5DB1
310
6465A6B34E8A107D0E502C4FE609D26370C96B0CA25A58295232C3AA3143FE692E063D485EF7F5AEE71BD2D2F39634AFFC44DAF7DD9E9CCE6F9CD25DCBFA762BAAD92C4534E34F46ED51451C40D694B6843142EB0FD61C283F34FC85EE0F948A6A96FF31A569F8A729191B37F51A77B105902C0779125254735F793DCBCC7B
310
EE567E03504B010214000A0000080000B670623B3DEE336E79000000790000001B00000000000000000000000000000000006175746F6465736B2D64657369676E2D7061636B6167652E786D6C504B01021400140006080800B670623BD486FD9CA0000000F40000001300000000000000000000000000B20000005B436F6E
310
74656E745F54797065735D2E786D6C504B01021400140006080800B670623BBC1638F5EC0000007C010000080000000000000000000000000083010000636F72652E786D6C504B01021400140006080800B670623B55019EA25F0000007C000000070000000000000000000000000095020000636E782E786D6C504B010214
310
00140006080800B670623B3586FFB671010000D40300000C00000000000000000000000000190300006662782F636F72652E786D6C504B01021400140006080800B670623B4220A0FF7D0000009D0000000B00000000000000000000000000B40400006662782F636E782E786D6C504B01021400140006080800B670623B2F
310
A3FEDE290100001202000031000000000000000000000000005A0500006662782F45374635344235342D363743322D343832342D383044432D4334454645303536354442422F636F72652E786D6C504B01021400140006080800B670623B1B8617914E010000330300003000000000000000000000000000D2060000666278
310
2F45374635344235342D363743322D343832342D383044432D4334454645303536354442422F636E782E786D6C504B01021400140006080800B670623B29652116630500003C10000034000000000000000000000000006E0800006662782F45374635344235342D363743322D343832342D383044432D4334454645303536
310
354442422F6F626A656374732E786D6C504B01021400140006080000B670623B0000000000000000000000003500000000000000000000000000230E00006662782F45374635344235342D363743322D343832342D383044432D4334454645303536354442422F76657274696365732E62696E504B01021400140006080800
310
B670623BF270F13306000000040000003600000000000000000000000000760E00006662782F45374635344235342D363743322D343832342D383044432D4334454645303536354442422F747269616E676C65732E62696E504B01021400140006080000B670623B0000000000000000000000003700000000000000000000
310
000000D00E00006662782F45374635344235342D363743322D343832342D383044432D4334454645303536354442422F617474726962757465732E62696E504B01021400140006080800B670623B08DA0BD190000000410100003600000000000000000000000000250F00006662782F45374635344235342D363743322D34
310
3832342D383044432D4334454645303536354442422F6469726563746F72792E786D6C504B01021400140006080800B670623B6378F24DFF000000A00100003B00000000000000000000000000091000006662782F45374635344235342D363743322D343832342D383044432D4334454645303536354442422F7265736F75
310
726365732F636F72652E786D6C504B0506000000000E000E0080040000611100000000
  0
DICTIONARY
  5
188
330
97
100
AcDbDictionary
280
     1
281
     1
  3
FBXASSET
360
189
  0
XRECORD
  5
189
102
{ACAD_REACTORS
330
188
102
}
330
188
100
AcDbXrecord
280
     1
 70
     1
 90
429727718
  1
508B35C9-AEE7-456F-BE74-D52651303AC6
310
504B03040A0000080000B670623B3DEE336E79000000790000001B0000006175746F6465736B2D64657369676E2D7061636B6167652E786D6C3C3F786D6C2076657273696F6E3D22312E302220656E636F64696E673D227574662D3822203F3E3C666F726D6174733E3C666F726D61743E687474703A2F2F736368656D612E
310
6175746F6465736B2E636F6D2F64657369676E2D7061636B6167652F323030393C2F666F726D61743E3C2F666F726D6174733E504B0304140006080800B670623BD486FD9CA0000000F4000000130000005B436F6E74656E745F54797065735D2E786D6C7D8EC10E82300C865F65E91D8A1E8C310C0EEA1BF002731658846E
310
D98AC1B77784ABF1D8FE5FBFBF75BBCE937A534CCEB38643598122B6FEE978D0B0485F9C41B54DDD7D022595594E1A469170414C76A4D9A4D207E29CF43ECE46F218070CC6BECC4078ACAA135ACF422C856C0E68EA1BF5669944DDD7BCDE7B1F8E415D77AECB980613C2E4AC91FC167A2B244592486606FC29C8FD7F045B9A
310
EF7053A7E60B504B0304140006080800B670623B28ED286BEB0000007C01000008000000636F72652E786D6C8D90416EC3201045AF82665B6183218D6D61A254764FD00B204C5C94182C03558F5F9C3852BBEB6A467FFE9B197D71FA9E6FE8CBACC17AD7012D0820E3B41FAD9B3A48F1826B40272956EFE32F1B20A766D3C1
310
268314D3EAD3B24BDABB685CCCAAF3A3D94515828980F42D371D04FD696655A814B3235C8B45E9AB9A4C419F5D8653B2237A1CB163DE672FD6AC209BF3C08E0D1B30EB19C3FC9D72FCC6EB231EFA33EDE96BDD341517E5064B11EDFCBCAF57A3A2194156843498524CAA0FCA5B7268F9E185D42D21A2DCEC7FA0B48CFF8492
310
759155FBBB0F2C80A4F991FB408A72CB22977B50B96EB9C91F504B0304140006080800B670623B55019EA25F0000007C00000007000000636E782E786D6C4DCB3B0E80201045D1AD90E915ED2CF8AC45050C11660C8261F98AB1B07AC9C97D42D718D865D3E909258CFD00CCE24AC6E326A164D74DC0B4128928FF32603847
310
2BA13128B1252AC747C6BAB984FC68F0B87FE8960A5C09FE86CFB69FBA01504B0304140006080800B670623B7BC41AC871010000D40300000C0000006662782F636F72652E786D6CC553ED6E8320147D15C2DF4501B56B6D90A64BBB27D80B50A5CE54C120983EFEAE1F4DD7A56BBA5FF3879273EEE59E7310BE393735EA95
310
ED2AA333CC428A91D2B9292A5D66D8BB63B0C26823B835C67D2BC348CB46657880B1E0A535BE9DA1DC68A7B403549B42CDA0EC3AE530CA6B5864B8CB3F552343E91D5474A7B095F949962A6421D0502778E72C0840D390E18DC5F170E664C205F7BE2A66B62A605A75AC94C522DDEEE3651AEF837817C741F2CE92E02D592D
310
83FD6ECB76EC7595A651C2C9D02CB8AB9A8BBADC2AE954814544691A3016D0E883256BBA58278B17BA5A53CAC9507ED3E4DBE2C9265F691747B3DCA9ADC382819091F8E1162272A8933DE82182932144F88C09DF060D8140C84E1EEA8B8F1340BDCA9DB1093085F157AA97B557309586747CD0EF0B4EA64E983A6E0EAEEFCE
310
889E9EF17847386AA94B30211D2C0FDE0D3AF9A4610EAD5536E8DD1969631B593F67E381C33F5157F17725E5A636F6BF1491F980C8FC7B90E13E8A2F504B0304140006080800B670623B70102A487D0000009D0000000B0000006662782F636E782E786D6C4DCCD10A83201886E15B91FFDC95A5C30335ACCDFB886521330D
310
A76397BF1A1DECE883878F57749FD5A3B74D2F17830472A901D9F088930B8B849267CC01754AA418F3DF0D5018572BE160506249B16C274D761E8BCFBB7A179E27F65CB39A0F14D396184C9921B81F34C3ACA1B4B99ABB6E6F062A25AA5F69DF23ACBE504B0304140006080800B670623B3610CA3329010000120200003100
310
00006662782F42384135303843342D343331462D343546312D424341352D3532343432364645413344462F636F72652E786D6C8D515B6EC32010BC0AE22B55850D0E446E848992B43E412FE000495162B07854397EA176A4F62F3F2C9A9D991D58BEBB8F37F0AD7D30CE76905418026DA553C65E3A98E219B510EC04F7CEC5
310
3F3408EC30EA0E16180A7EF12E4D0B249D8DDAC68C5AA7F4020E21E80881BCE54B0783FCD2E3500D296646B856D320AFC34557A4CAEDCC133C449F0380794839A138B47B86DB2345744D7A44594FD0E1B867883594369BFE63BF7EEF793D0B054FC9A8456E548E63CE46FB674D8A58F068C6477CE9F510B582A2C1F80D1182
310
70F349E816B32D65AFB8DD62CCEB42FF274A937A52948C8DEB66893BCB021484D7734370E5D2E9F608A3EF93F3119479ABA0E50B14B8C298119A43CCC4FCFCECB8A18B6388CEE7EF5D5D4F994BD86CBBA182D76543B9FCAE2FD7B24DF103504B0304140006080800B670623B1B8617914E0100003303000030000000666278
310
2F42384135303843342D343331462D343546312D424341352D3532343432364645413344462F636E782E786D6CD593C16EC32010447F0571AD6CE3D489D20813A9877E410FBD62D82434182CC055F3F75D1292E692438FBD206B7698593D61BEFD1E2DF982108D773D6D6B460938E5B571FB9ECE6957AD29D90A1EBC4F7736
310
4A9C1CA1A759A682EF839FA72269D8C9D92654AD71C72206887E0E0A22CAF926B15E498B01E0AA19451807D01A34B919F16B070157417138917400F2F6FA41FCF0092A45DEE414C19BDC21783E4BD39D891265658C3D8DEA00A3ACE59CBC8678ACB54CB26EEB6BD7839D7E9348BE70AD9C8321B9BCA7F9A4A26C542347DEE0
310
50F09802D22BA6749A800A394DD62899107273365E3C82CFC6A55557BC06C10774B7ABE7AEC3B0F34CF06446280E154026D0542C187BA9DAB6628BF7B6DBB0E5A65B3EB1F58631DE64BBE083F7B65CC218087E22CABB042E51D1F2268F1FE12B3EA24D40D63E9CFE00120194D60B9D5BC67FE6D39CDF37E20AF817881F504B
310
0304140006080800B670623BBFEF2E3B690500003C100000340000006662782F42384135303843342D343331462D343546312D424341352D3532343432364645413344462F6F626A656374732E786D6CAD575D739B3814FD2B0CFB0C98D84E931D4227B6938EA793B6534F3BFB90198F0099B001899144EAECAFDF231018B0
310
D37A3FFC609090EEE7B94757C1FB7D915B2F54C88CB31BDB7727B64559CC938CA53776A576CE956DBD0F03C1B9EA2DB32D460A7A63EB693B0C52C1ABD24C257447AA5C8D66EF177F5832A68CDA569C13296F6C193FD182B8A4523CA1F2D94D88226EBADBBBBEDB2C1C8A4D05299F46424B222853B014F30C52ACC6287F389C
310
D85E1878FA7B18E87FB36AFAF62AAFF667A83F635211161F291B8999FAB3D5DDC5FCDA99CF6653677679E13B8BFBC5CAF1DF4D27CBCBE5F2FAF6EE1A8AA51290642C117467871F101B91C581D77CEA2C36869F3229E68CD1B8F61F1ED6361B89092D294B90C78C4A68EB793D190E7D1D9BDEE7A91E1B95FDE9F3BCEAEFE809
310
6A6D6F9F7D4B79F4275C90E7A04248AA51D5C4C738DAE06F72885AC4796EBE65D22A88A22223B995679120E2D50EB1542F098381188D4EA111AE3DB043FF20AF6F2B4AE3D7D83D65E5AECA730D4D3BAC91BD05FEA992B565D95F549CD6069B90AB2A63EACA38A45E4B6A87D781574F86817E4C2FCCC72690D62E2729520E37
310
9BAF234797BAF6D62B3BFC781FED37BA1E4F2B2F052FA9501A3E80569BB8F6A9A364D4FA67654E6F803383981F82F21591FF84F23D9882BC896C3FDBCF8C162508933B2E0AE4C69DD43F6BD2BE38DDDBF10BF86CB4FA784D37F3AF16075E67EC9030DECA1FC0A55373F5DFF3378C591FA9BDF485C10B0A8C8BA909E5262639
310
A8E72163488806A595734C81CB77D1DE0ED7604A303B76913CEC0272F412782FF88EFF4636D8AA56DF7B322474C4B767303F625997056C7B032C473C592B36CEBD15F3F9FF5233B7ABCDC74D257624A60F8658567497B14CE1EC3C80B76FD02011038F9EE9EB0F2E12387A9C844D3F09855125116D1D731DF8B43D2CF4E0A0
310
79A020C6BE946BCE0B7EA1E1219331CD73C228AF5A2DDD31A4B1DA918CE91350854D40A71723140BFA92E94E62B0626016CEFA5864A50E5977E8753CEDBEE1CBB7F52780D20E17AF0BA0F5F9B02A3AD07DCC732EB6D1EBB661421BE0C39E21BABF0FE16D22EA6929407C8DE596724C88B749B6DB5512BC7B228ADFD7CB7EA6
310
3A22397E690BA8D5D8D4E40CEC8CDA23C2C0B7D5898640101CEC9C6D331CE328CB93CAFBBAC70A642DF70DF95155945B52F08AA973C23469FD69ADEF84F7BB18F983A8F8C90E37F5D35980B2139A1C523540813E824EF83448CF7C72B598CE97D7CEEDDDDD3B6736BFBC771677EF66CE6A7E7139F7A793E9EDF2B2B3A8B624
310
0CDA13AA5F8388264EC4A0129909F3B7F5A16CEDF08128E97D680ACA4B9BE7B7B58BB638F0B00700EF36AE8B32A705658A68F83EE897FC2B41573190D1CCAF0B92D233A47CFEB019D9809933F67DD1A5467F8CF69AD9A5AE859342D45355448C64F968A371DC2D596ADC6E43D93D1B466F877A64E2893E54F23C4B40388995
310
525E5005DA3983ED45412510D3EFCA13737B3863F74BD30F2A12E5B4B5E489A025CE25500DB855B11ACE5BBFA185D35DD48D8DC3CE7DC69F2944DB42AA6F6CF09BCA622ADD08C7A36E7C6AE18000BAB08E040135C2D21C9D75B3A91B77BB746C403F38018DFE6EC939DD92F16B40BC05294B9CDA035AAD6D330AE27FE4786B
310
8E45145EA34A75BE1C263A676A35A8ACC6297337400BF16C54EF515F3F77CB77EB3583889C754FFA29081AA98E2222ADEF05DA3E63D2EDEA8B8756C05A7FB6CABC4A91CBF325398202CC952E70A008A830324BA200D5E5EF8F5F04C75DB4B0EE3340E071C98B823333B83577596BF3849B69F2085AA0FAFA212F26BEFF5877
310
FDE622B28D88A42E49E43326DA82D31E8CB006401E1DA726059ECEC168F97A6599036306A135688F9AD2E61A6EA178F4CD51974A9F2CCB9F36FE5EBD14601068D9C3BF01504B0304140006080000B670623B000000000000000000000000350000006662782F42384135303843342D343331462D343546312D424341352D35
310
32343432364645413344462F76657274696365732E62696E504B0304140006080800B670623BF270F1330600000004000000360000006662782F42384135303843342D343331462D343546312D424341352D3532343432364645413344462F747269616E676C65732E62696E636660600000504B0304140006080000B67062
310
3B000000000000000000000000370000006662782F42384135303843342D343331462D343546312D424341352D3532343432364645413344462F617474726962757465732E62696E504B0304140006080800B670623B08DA0BD19000000041010000360000006662782F42384135303843342D343331462D343546312D4243
310
41352D3532343432364645413344462F6469726563746F72792E786D6C858F410AC3201045AF22B36F53E9A60B35CBEEBAE80D244E44489C6234F4F835464A48035D0DF398FF9F8AF63D0E6CC63039F212F8F9020C7D47C6792B21C5FE7403D62A1188E2E60C98D7234A5830286103A55745067B9D86B8A3CF9C7F90C11DE6
310
07FB144396D7B6A82D282E9A152AD114D5EF2CB866EEE831B8EEA07A7BB5A8D7D61A2BAAEB7FD5F70921FF497D00504B0304140006080800B670623B3B4606F3FE000000A00100003B0000006662782F42384135303843342D343331462D343546312D424341352D3532343432364645413344462F7265736F75726365732F
310
636F72652E786D6C8D504B6E833010BD0A9A6D65B08134808CA354A427E8052C332156828DFCA97AFC9A40A576D7CDCCE87D344F8F9FBEE647F689CE6B6B7A6039850C8DB2A336530F315C4903D94970676DF82583CCC8197B5861107C72362E3BA4AC096842428D1D7107A5F71820538F74F4E0D50D6799CB1892C2DFF345
310
AABB9C306779A2934E701F5C0A906D4FD609C2A1B7D129F4BCD858C163D4E3AED163FAA9AF1A1D88F67CA98E6D35906AA82A52BFB39ABCD5CD915C86331BD86BD3B665CD8BD52C78D0F34F46E550061C419494B6843142CB0F5677F4D0D58717DA7494F26295FF31C565FCA7296A13AA728FBBD93C0896823C09C18BB5AFB4
310
9E65A6BD762BBE01504B010214000A0000080000B670623B3DEE336E79000000790000001B00000000000000000000000000000000006175746F6465736B2D64657369676E2D7061636B6167652E786D6C504B01021400140006080800B670623BD486FD9CA0000000F40000001300000000000000000000000000B2000000
310
5B436F6E74656E745F54797065735D2E786D6C504B01021400140006080800B670623B28ED286BEB0000007C010000080000000000000000000000000083010000636F72652E786D6C504B01021400140006080800B670623B55019EA25F0000007C000000070000000000000000000000000094020000636E782E786D6C50
310
4B01021400140006080800B670623B7BC41AC871010000D40300000C00000000000000000000000000180300006662782F636F72652E786D6C504B01021400140006080800B670623B70102A487D0000009D0000000B00000000000000000000000000B30400006662782F636E782E786D6C504B01021400140006080800B6
310
70623B3610CA3329010000120200003100000000000000000000000000590500006662782F42384135303843342D343331462D343546312D424341352D3532343432364645413344462F636F72652E786D6C504B01021400140006080800B670623B1B8617914E010000330300003000000000000000000000000000D10600
310
006662782F42384135303843342D343331462D343546312D424341352D3532343432364645413344462F636E782E786D6C504B01021400140006080800B670623BBFEF2E3B690500003C10000034000000000000000000000000006D0800006662782F42384135303843342D343331462D343546312D424341352D35323434
310
32364645413344462F6F626A656374732E786D6C504B01021400140006080000B670623B0000000000000000000000003500000000000000000000000000280E00006662782F42384135303843342D343331462D343546312D424341352D3532343432364645413344462F76657274696365732E62696E504B010214001400
310
06080800B670623BF270F133060000000400000036000000000000000000000000007B0E00006662782F42384135303843342D343331462D343546312D424341352D3532343432364645413344462F747269616E676C65732E62696E504B01021400140006080000B670623B00000000000000000000000037000000000000
310
00000000000000D50E00006662782F42384135303843342D343331462D343546312D424341352D3532343432364645413344462F617474726962757465732E62696E504B01021400140006080800B670623B08DA0BD1900000004101000036000000000000000000000000002A0F00006662782F42384135303843342D3433
310
31462D343546312D424341352D3532343432364645413344462F6469726563746F72792E786D6C504B01021400140006080800B670623B3B4606F3FE000000A00100003B000000000000000000000000000E1000006662782F42384135303843342D343331462D343546312D424341352D3532343432364645413344462F72
310
65736F75726365732F636F72652E786D6C504B0506000000000E000E0080040000651100000000
  0
XRECORD
  5
18A
102
{ACAD_REACTORS
330
110
102
}
330
110
100
AcDbXrecord
280
     1
 70
     0
 90
1778669749
  1
9BF507EE-FAF7-4A99-A33D-4EE51894BC40
310
504B03040A0000080000B670623B3DEE336E79000000790000001B0000006175746F6465736B2D64657369676E2D7061636B6167652E786D6C3C3F786D6C2076657273696F6E3D22312E302220656E636F64696E673D227574662D3822203F3E3C666F726D6174733E3C666F726D61743E687474703A2F2F736368656D612E
310
6175746F6465736B2E636F6D2F64657369676E2D7061636B6167652F323030393C2F666F726D61743E3C2F666F726D6174733E504B0304140006080800B670623BD486FD9CA0000000F4000000130000005B436F6E74656E745F54797065735D2E786D6C7D8EC10E82300C865F65E91D8A1E8C310C0EEA1BF002731658846E
310
D98AC1B77784ABF1D8FE5FBFBF75BBCE937A534CCEB38643598122B6FEE978D0B0485F9C41B54DDD7D022595594E1A469170414C76A4D9A4D207E29CF43ECE46F218070CC6BECC4078ACAA135ACF422C856C0E68EA1BF5669944DDD7BCDE7B1F8E415D77AECB980613C2E4AC91FC167A2B244592486606FC29C8FD7F045B9A
310
EF7053A7E60B504B0304140006080800B670623BCA089DFFEC0000007C01000008000000636F72652E786D6C8D90416E83301045AF62CDB632D8402020E32882F604BD80653BC44AB011B6AB1EBF262152BBEB6A467FFE9B197D76FA9EEFE84BAFDE38DB03CD08206DA553C64E3DC470C1474027CE56E7C22F1B202B66DDC3
310
260367D3EAE2B24BD2D9A06D48AA754AEFA2F05E0740F29E9A1EBCBCEA59642286E4F0B76C11F226269DD15797E0188D42CF2346A57DE662F40ABCAEC77628C6120F654571D50C04B7F5B9C1E3997CD4F550BE3745C3F20DE62C98F9755FAE5A04AD801784B498524C8A4F5A75E4D055873772EC0861F966FF03C545FD138A
310
C686B2D8DF7D621E384D8F3C069CE55B16A93C824A75CB8DFF00504B0304140006080800B670623B55019EA25F0000007C00000007000000636E782E786D6C4DCB3B0E80201045D1AD90E915ED2CF8AC45050C11660C8261F98AB1B07AC9C97D42D718D865D3E909258CFD00CCE24AC6E326A164D74DC0B4128928FF326038
310
472BA13128B1252AC747C6BAB984FC68F0B87FE8960A5C09FE86CFB69FBA01504B0304140006080800B670623B68FC0B7272010000D40300000C0000006662782F636F72652E786D6CC5535B6E833010BC8AE5DF0A6C1E8124328E22D29EA01770C0A128602363A31CBFCB234A53A555FA553EC09AD9F5CE8C31DB5DDA060D
310
D2F4B556190E7C8A9154852E6B5565D8D993B7C668C799D1DA7E29C3488956667884316795D1AE5BA0422B2B950554E9522EA0E87B69312A1A5864B82F3E642B7CE12C54F467BF13C55954D20F7CA0A18EB3DE1A1080E621E31BF3D3F1C2C88C73E65C5D2E6C5DC2B4FA544B8379921C36797888BC3C8A032F4E73EA6D927D
310
EA1DF6F42D49F2E8350D5346C666CE6CDD5ED515460A2B4BCC434A375E1078347C0FE22D5D6DE3D50B5D6F2965642CBF6B725DF96493AB958DC245EEDCD6631E809089F8E61622B2A81703E8219C913144F84C09DF070D8140C8561C9BAB8F3340832CAC363130A576376A108D933095FA747AD0CF0B46E64E983A6D0EAE1F
310
CE089F9EF1FB8E70D44255604258581E9D1D75B259C3125A278D37D80B52DAB4A279CEC62F0EFF44DDC43F9454E8469BFF5244960322CBEF41C6FBC83F01504B0304140006080800B670623B0F71DDB67E0000009D0000000B0000006662782F636E782E786D6C4DCCD10A83201886E15B91FFDCA54DB73F502386BB8F5816
310
32D3703976F9ABD1C18E3E78F87855FB990379BBFCF2296AE02706C4C5471A7C9C349475A408A4352AA7B4FEDD80C47E761A7606A3A69CCA72D0E0C6BE8475D3E0E3F3409428EA6B27A84079A782899AA2EC1A7AE3ECCC2FD858CB2D544655BFD2B67BD87C01504B0304140006080800B670623BE134B4FB28010000120200
310
00310000006662782F38353834323741342D343835462D343034322D383541392D4331303331363839454531452F636F72652E786D6C8D515B6EC32010BC0AE22B55850D0EA424C24451959EA0172086A42831583CAA1CBF503B52FB971F16CDCECC0EACD8DFC71BF836215AEF7A481A0C817183D7D65D7A98D3197108F652
310
04EFD31F1A044E8DA6871586525C82CFD3020DDE25E352419DD76601558C264130DCCAA58771F832A36A544E8511AFCDA486ABBA988634A55D7852C4144A00300FA927949C71DABD1D28A29C7D208A6987383B6CD13BC16BB2E1DBE3911C453B0BA5C8D9EA456E758963CFD684674DAA588A64C747FC2118958C86B2C3788B
310
0841B8FB247487D98EB257CC77188BB6D2FF89F2A49F1465EBD2BA5BE2CEB2082511EDDC9042FB7CBA3DC298FBE4430275DE2A9AE1054ADC60CC08E3A29D89E5F9C5714317C7987C28DFBBBA9E0A97B0D97643A568EB864AF95D5FA9759BF207504B0304140006080800B670623B1B8617914E010000330300003000000066
310
62782F38353834323741342D343835462D343034322D383541392D4331303331363839454531452F636E782E786D6CD593C16EC32010447F0571AD6CE3D489D20813A9877E410FBD62D82434182CC055F3F75D1292E692438FBD206B7698593D61BEFD1E2DF982108D773D6D6B460938E5B571FB9ECE6957AD29D90A1EBC4F
310
77364A9C1CA1A759A682EF839FA72269D8C9D92654AD71C72206887E0E0A22CAF926B15E498B01E0AA19451807D01A34B919F16B070157417138917400F2F6FA41FCF0092A45DEE414C19BDC21783E4BD39D891265658C3D8DEA00A3ACE59CBC8678ACB54CB26EEB6BD7839D7E9348BE70AD9C8321B9BCA7F9A4A26C542347
310
DEE050F09802D22BA6749A800A394DD62899107273365E3C82CFC6A55557BC06C10774B7ABE7AEC3B0F34CF06446280E154026D0542C187BA9DAB6628BF7B6DBB0E5A65B3EB1F58631DE64BBE083F7B65CC218087E22CABB042E51D1F2268F1FE12B3EA24D40D63E9CFE00120194D60B9D5BC67FE6D39CDF37E20AF817881F
310
504B0304140006080800B670623B5933D422630500003B100000340000006662782F38353834323741342D343835462D343034322D383541392D4331303331363839454531452F6F626A656374732E786D6CAD575B6FA33814FE2B887D0642934E9B156594264D158D3A534DD4D13E548A0C38942D60649B4EBABF7E3F8321
310
40924EF6928780CDF1B97EE762EFF32E4B8D37CA45C2F21BD3B547A641F39045491EDF98A5DC5AD7A6F1D9F73863B243661A39C9E88DA9B64DDF8B392B0BBD15D12D295339D85DDEFE618890E6D434C2940871638AF08566C426A5641115AF764424B1E3EDCE76ED9AB0CF36E6A47819302D08A7B984A6D8CFC1C5A89572FB
310
CB91E9F89EA3BEFB9EFAD754E3D3544E654F5F7E920B49F2F040D880CDD89D2CEE2E2EA7D6E56432B6269F2E5CEB7679BBB0DCABF168FE693E9FCEEEA6102C240727AD09A75BD3BF876F78127A4EFDA9D5582B7E4CA590E5390D2BFB6161A5B3E618D182E611E2985001691DAB47FDA5AB7CD3F93C566B2DB2BB7D9E55DD13
310
1D468DEECDB3AB290BFE8409E21C54704115AA6AFF68436BFC8DF65E0B184BF5B74418199194272435D224E084BF9B3E481589EFF5D828747285706581E9BB7B7E5D5D911ABFC6EE312DB7659A2A689A7E85EC0DF04FA5A8344BFEA2FCB834E8845895492EAFB541F2BDA0A63FF59C6AD3F7D4637CA13FD68E34B629891172
310
98597F1D183A57B9B75A98FE9765B05BAB7C3C2EBCE0ACA05C2AF8005A4DE09AA7F29216EB9E15397500C6F47CBE77CA7778FE2BD277AF0AE2C693DD6437D1522427B9D8329E2136F6A8FA19A3E6C56ADF0E5F50CF06D48734EDCEBF22F69C56D97EC138153F804B85E6FABFC7AFEFB32E523BE1F3BD372418E363EDCA7548
310
52949E8724474014288D94610BB57C1BEC4C7F854A89CA8E5324F55B871CBC78CE1BBEE3BFE68D6A5589EF3C730474506FCFA8FCF0659516D0ED04580EEA6425581B77CAE797FF4BCECC16EB2FEB926F49481F746159D06D922712BD730FDEAE42BD40F42C7AA5EF3F198F60E86110D6DD20645A9480B795CF95E3E3A659A8
310
C55E724F408873315335CFFB8584874484344D494E59D94869DB90C26A5B64F49C802CAC1D3ABE18A098D3B7444D123D8A9E5AE8F5214F0AE5B2B6E9B575DA3E61CBD3EA2B4009FA940524DD1305FB6A1FB294F14DF0BEA90BA109ECE1481FDC3FFAE8D60E75141700BE82725371B4873751B2DD960265F788137FACE6DD40
310
B575E4F0A5C99F46629D92131467A41EE11ABD8D4CCC039CA0AFB37C93A08B232B8F0AEFCA1E0A1015DF13FC83322B362463652ECF71D3A8B1A7D1BE65DE1D62C44F22C317D35F574FEB16153BA2D13E543D10A80E74C4A65E78A6B7CBCBD1D5DD9DB59C2DAFACC96C3AB566E3F1C29ADCDD5DBAD7D3C9ED7C822ED74F80A6
310
41755310DE4443F44A9E68373FADF6596BFA0F440AE7BECE2727AE9F4F2B1B53B1E7E00CF0DD1E5C65454A339A4BA2D0FBA05ED2EF0443458F47BDBFCA484CCFE0F2ED7E3DD0013B679C7B5499467F0ECEEADDB9CA85A34CE44B99053949D2C1416DB85DE4B136BB7165FBAC0B7AB3542BED4F8CA182A549847A1319316519
310
95A83A67147B9E5101C47487F2485F1ECE38FD568F839204296D3479219888530154036E6528FBFBC66F98E0D4107563A2D7D9AFF8D389681A08F58D89F22693900A3B407754734FC51C10C010D6D640809EE4718AC1BA3ED4AEDB53CA37283F68805A7E4B72CEB0A4EDEAD5DD8C14059A76AFAA56BA6901E13F32BC51C720
310
12AF41295B5BF61BAD3195181FB506E6B40F4C10AF5AF40EF9F5B159AE5DD1F43C72D635E94310D45C2D49785C5D0B94D3B54AB3C5A38349C0587D338AB48C11CBF339599C02CCA54A70A008A8D03C0B2201D5F9EFCF8F9CE12A9A19CB0410789EB32C63B95ECCF455D658BFE0621A3DA32C5075FB101723D77DAE867E7D0F
310
D90444509B44E2151B4DC2290B065803200FBAA9BE9D392A0603F2D5C2D00D6302A615680F66D2FA166E2079D4C551A54AB758161FCEFD4E450A14704CECFEDF504B0304140006080000B670623B000000000000000000000000350000006662782F38353834323741342D343835462D343034322D383541392D4331303331
310
363839454531452F76657274696365732E62696E504B0304140006080800B670623BF270F1330600000004000000360000006662782F38353834323741342D343835462D343034322D383541392D4331303331363839454531452F747269616E676C65732E62696E636660600000504B0304140006080000B670623B000000
310
000000000000000000370000006662782F38353834323741342D343835462D343034322D383541392D4331303331363839454531452F617474726962757465732E62696E504B0304140006080800B670623B08DA0BD19000000041010000360000006662782F38353834323741342D343835462D343034322D383541392D43
310
31303331363839454531452F6469726563746F72792E786D6C858F410AC3201045AF22B36F53E9A60B35CBEEBAE80D244E44489C6234F4F835464A48035D0DF398FF9F8AF63D0E6CC63039F212F8F9020C7D47C6792B21C5FE7403D62A1188E2E60C98D7234A5830286103A55745067B9D86B8A3CF9C7F90C11DE607FB1443
310
96D7B6A82D282E9A152AD114D5EF2CB866EEE831B8EEA07A7BB5A8D7D61A2BAAEB7FD5F70921FF497D00504B0304140006080800B670623BD9A3B367FE000000A00100003B0000006662782F38353834323741342D343835462D343034322D383541392D4331303331363839454531452F7265736F75726365732F636F7265
310
2E786D6C8D504B6E833010BD0A9A6D65B01D0201194711694FD00B586642AD043BF2A7EAF16B122AB5BB6E6646EFA3797AE2F8B5DC8A4FF4C1383B002B291468B59B8C9D0748F1420E501CA5F0CEC55F3228AC5A708015062966EFD27D83B4B3116DCCA875136EA00A012314FA968F0182FEC045952AC5AC08D7F2AEF455CD
310
58B232D3592745883E07289E4FD609D26370C96B0CA27AB252A464A64D63A6FCD35C0C7A904D73EE467EE664DCD58CD4ED4849D79C5A723ED1B7A61977AF2D6F45B59AA58866F9C9A83DAA8813484E6947182394BFB3BAA7FBBEDEBFD0434FA9A856F91F53BA4FFF342563E38E6F719FB60092E5200F428A6AED2BAF479979
310
AFDDCA6F504B010214000A0000080000B670623B3DEE336E79000000790000001B00000000000000000000000000000000006175746F6465736B2D64657369676E2D7061636B6167652E786D6C504B01021400140006080800B670623BD486FD9CA0000000F40000001300000000000000000000000000B20000005B436F6E
310
74656E745F54797065735D2E786D6C504B01021400140006080800B670623BCA089DFFEC0000007C010000080000000000000000000000000083010000636F72652E786D6C504B01021400140006080800B670623B55019EA25F0000007C000000070000000000000000000000000095020000636E782E786D6C504B010214
310
00140006080800B670623B68FC0B7272010000D40300000C00000000000000000000000000190300006662782F636F72652E786D6C504B01021400140006080800B670623B0F71DDB67E0000009D0000000B00000000000000000000000000B50400006662782F636E782E786D6C504B01021400140006080800B670623BE1
310
34B4FB280100001202000031000000000000000000000000005C0500006662782F38353834323741342D343835462D343034322D383541392D4331303331363839454531452F636F72652E786D6C504B01021400140006080800B670623B1B8617914E010000330300003000000000000000000000000000D3060000666278
310
2F38353834323741342D343835462D343034322D383541392D4331303331363839454531452F636E782E786D6C504B01021400140006080800B670623B5933D422630500003B10000034000000000000000000000000006F0800006662782F38353834323741342D343835462D343034322D383541392D4331303331363839
310
454531452F6F626A656374732E786D6C504B01021400140006080000B670623B0000000000000000000000003500000000000000000000000000240E00006662782F38353834323741342D343835462D343034322D383541392D4331303331363839454531452F76657274696365732E62696E504B01021400140006080800
310
B670623BF270F13306000000040000003600000000000000000000000000770E00006662782F38353834323741342D343835462D343034322D383541392D4331303331363839454531452F747269616E676C65732E62696E504B01021400140006080000B670623B0000000000000000000000003700000000000000000000
310
000000D10E00006662782F38353834323741342D343835462D343034322D383541392D4331303331363839454531452F617474726962757465732E62696E504B01021400140006080800B670623B08DA0BD190000000410100003600000000000000000000000000260F00006662782F38353834323741342D343835462D34
310
3034322D383541392D4331303331363839454531452F6469726563746F72792E786D6C504B01021400140006080800B670623BD9A3B367FE000000A00100003B000000000000000000000000000A1000006662782F38353834323741342D343835462D343034322D383541392D4331303331363839454531452F7265736F75
310
726365732F636F72652E786D6C504B0506000000000E000E0080040000611100000000
  0
DICTIONARY
  5
18E
330
2
100
AcDbDictionary
280
     1
281
     1
  3
ACAD_LAYERSTATES
360
18F
  0
DICTIONARY
  5
18F
102
{ACAD_REACTORS
330
18E
102
}
330
18E
100
AcDbDictionary
281
     1
  0
DICTIONARY
  5
194
330
22
100
AcDbDictionary
280
     1
281
     1
  0
XRECORD
  5
1A5
102
{ACAD_REACTORS
330
C
102
}
330
C
100
AcDbXrecord
280
     1
300
ACD
300
2024
300
87798ACD_2024_0F
  0
DICTIONARY
  5
1A8
102
{ACAD_REACTORS
330
C
102
}
330
C
100
AcDbDictionary
281
     1
  3
Imperial24
350
1AA
  0
ACDBSECTIONVIEWSTYLE
  5
1AA
102
{ACAD_REACTORS
330
1A8
102
}
330
1A8
100
AcDbModelDocViewStyle
 70
     0
  3
Imperial24
290
     0
300
Imperial24
 90
        0
100
AcDbSectionViewStyle
 70
     0
 71
     0
 90
       78
 71
     1
340
11
 62
     0
 40
0.24
340
0
340
0
 62
     0
 40
0.24
300
I, O, Q, S, X, Z
 40
0.48
 90
        3
 40
0.18
 90
        1
 71
     2
340
16
 90
       25
 62
     0
340
16
 90
       50
 62
     0
 40
0.24
 40
0.0
 40
0.24
 71
     3
340
11
 62
     0
 40
0.24
 90
        1
 40
0.75
 90
        1
300
%<\AcVar ViewType \f "%tc1">% %<\AcVar ViewSectionStartId>%-%<\AcVar ViewSectionEndId>%\PSCALE %<\AcVar ViewScale \f "%sn">%
 71
     4
 62
     0
 62
   257
300
ANSI31
 40
1.0
 90
        0
290
     0
290
     0
 90
        6
 40
0.0
 40
1.570796326794897
 40
0.2617993877991494
 40
1.308996938995747
 40
-0.2617993877991494
 40
1.832595714594046
  0
DICTIONARY
  5
1AB
102
{ACAD_REACTORS
330
C
102
}
330
C
100
AcDbDictionary
281
     1
  3
Imperial24
350
1AC
  0
ACDBDETAILVIEWSTYLE
  5
1AC
102
{ACAD_REACTORS
330
1AB
102
}
330
1AB
100
AcDbModelDocViewStyle
 70
     0
  3
Imperial24
290
     0
300
Imperial24
 90
        0
100
AcDbDetailViewStyle
 70
     0
 71
     0
 90
        3
 71
     1
340
11
 62
     0
 40
0.24
340
0
 62
     0
 40
0.24
300

 40
0.36
280
     3
 71
     2
340
16
 90
       25
 62
     0
 71
     3
340
11
 62
     0
 40
0.24
 90
        1
 40
0.75
 90
        1
300
%<\AcVar ViewType \f "%tc1">% %<\AcVar ViewDetailId>%\PSCALE %<\AcVar ViewScale \f "%sn">%
 71
     4
340
16
 90
       25
 62
     0
340
16
 90
       25
 62
     0
280
     0
  0
DICTIONARYVAR
  5
1B7
102
{ACAD_REACTORS
330
66
102
}
330
66
100
DictionaryVariables
280
     0
  1
Imperial24
  0
DICTIONARYVAR
  5
1B8
102
{ACAD_REACTORS
330
66
102
}
330
66
100
DictionaryVariables
280
     0
  1
Imperial24
  0
SORTENTSTABLE
  5
251
102
{ACAD_REACTORS
330
15D
102
}
330
15D
100
AcDbSortentsTable
331
7647
  5
7776
331
7648
  5
7777
331
7649
  5
7778
331
764A
  5
7779
331
764B
  5
777A
331
764C
  5
777B
331
764D
  5
777C
331
764E
  5
777D
331
764F
  5
777E
331
7650
  5
777F
331
7669
  5
7A1F
331
7683
  5
7A20
331
E2C9
  5
E2CC
331
E2CA
  5
E2CE
331
E2CB
  5
E2E2
331
E2CC
  5
E2F8
331
E2CD
  5
E2FA
331
E2CE
  5
E2FD
331
E2CF
  5
E352
331
E2D0
  5
E367
331
E2D1
  5
E373
331
E2DD
  5
E30C
331
E2F8
  5
E43F
331
E2F9
  5
E44F
331
E2FB
  5
E46E
331
E2FD
  5
E440
331
E2FE
  5
E31B
331
E2FF
  5
E44E
331
E30B
  5
E30E
331
E30C
  5
E44B
331
E30D
  5
E351
331
E30E
  5
E43A
331
E311
  5
E43C
331
E31B
  5
E46D
331
E329
  5
E457
331
E32A
  5
E451
331
E32B
  5
E452
331
E32C
  5
E454
331
E32D
  5
E44C
331
E32E
  5
E455
331
E338
  5
E456
331
E347
  5
E33C
331
E348
  5
E44D
331
E34A
  5
E353
331
E34B
  5
E338
331
E34C
  5
E33B
331
E34D
  5
E458
331
E34E
  5
E441
331
E34F
  5
E459
331
E350
  5
E463
331
E351
  5
E350
331
E352
  5
E32B
331
E353
  5
E346
331
E35D
  5
E375
331
E368
  5
E46F
331
E373
  5
E409
331
E374
  5
E414
331
E375
  5
E416
331
E376
  5
E421
331
E377
  5
E42B
331
E378
  5
E438
331
E379
  5
E417
331
E37D
  5
E426
331
E37F
  5
E413
331
E380
  5
E470
331
E382
  5
E492
331
E383
  5
E472
331
E384
  5
E488
331
E385
  5
E48C
331
E386
  5
E2D3
331
E387
  5
E473
331
E388
  5
E425
331
E392
  5
E474
331
E393
  5
E487
331
E394
  5
E471
331
E395
  5
E49E
331
E3AC
  5
E4AD
331
E3AD
  5
E4A1
331
E3AE
  5
E4AE
331
E3AF
  5
E4AC
331
E3B0
  5
E300
331
E3B1
  5
E30D
331
E3B2
  5
E30F
331
E3B3
  5
E30B
331
E3D4
  5
E4AF
331
E3D5
  5
E4B0
331
E3D6
  5
E4B1
331
E3D7
  5
E35D
331
E3E1
  5
E32A
331
E3F5
  5
E37A
331
E3F6
  5
E37B
331
E3F7
  5
E37C
331
E3F8
  5
E384
331
E3F9
  5
E395
331
E3FA
  5
E3B1
331
E3FB
  5
E385
331
E3FC
  5
E4B2
331
E3FE
  5
E4D5
331
E408
  5
E4D7
331
E409
  5
E4CE
331
E414
  5
E3B0
331
E416
  5
E3AE
331
E421
  5
E388
331
E422
  5
E4C9
331
E423
  5
E4CC
331
E424
  5
E4DB
331
E425
  5
E3AD
331
E42B
  5
E4DE
331
E436
  5
E4E9
331
E437
  5
E4E8
331
E439
  5
E4D1
331
E43B
  5
E3B2
331
E43C
  5
E3D5
331
E43D
  5
E3D6
331
E43E
  5
E3D7
331
E440
  5
E4C8
331
E441
  5
E50B
331
E44B
  5
E50C
331
E44C
  5
E50F
331
E44D
  5
E3D3
331
E44E
  5
E50D
331
E450
  5
E4EB
331
E452
  5
E4D3
331
E453
  5
E3B3
331
E454
  5
E3D0
331
E455
  5
E4D2
331
E456
  5
E4D0
331
E457
  5
E3D2
331
E458
  5
E3CF
331
E459
  5
E525
331
E46D
  5
E511
331
E46E
  5
E524
331
E46F
  5
E50A
331
E470
  5
E509
331
E471
  5
E4EC
331
E472
  5
E508
331
E473
  5
E510
331
E474
  5
E3D4
331
E488
  5
E527
331
E489
  5
E526
331
E48A
  5
E4D6
331
E48B
  5
E4D8
331
E48F
  5
E529
331
E490
  5
E528
331
E491
  5
E48F
331
E492
  5
E2CD
331
E49E
  5
E52B
331
E49F
  5
E52A
331
E4A0
  5
E424
331
E4A1
  5
E43B
331
E4AB
  5
E427
331
E4AC
  5
E428
331
E4AD
  5
E429
331
E4AE
  5
E42A
331
E4AF
  5
E43D
331
E4B0
  5
E436
331
E4B1
  5
E43E
331
E4B2
  5
E437
331
E4C6
  5
E52D
331
E4C8
  5
E55F
331
E4CA
  5
E3FA
331
E4CC
  5
E561
331
E4CE
  5
E3E1
331
E4CF
  5
E52E
331
E4D0
  5
E3F5
331
E4D1
  5
E3F8
331
E4D4
  5
E55C
331
E4D5
  5
E55D
331
E4D6
  5
E55E
331
E4D7
  5
E3F7
331
E4D8
  5
E3F6
331
E4DB
  5
E563
331
E4DC
  5
E564
331
E4DD
  5
E3E2
331
E4DE
  5
E408
331
E4E9
  5
E566
331
E4EA
  5
E565
331
E4EB
  5
E4D9
331
E4EC
  5
E50E
331
E508
  5
E368
331
E509
  5
E369
331
E50A
  5
E376
331
E50B
  5
E374
331
E50D
  5
E34A
331
E50E
  5
E348
331
E50F
  5
E567
331
E510
  5
E3F9
331
E511
  5
E568
331
E524
  5
E37E
331
E525
  5
E383
331
E526
  5
E382
331
E528
  5
E569
331
E529
  5
E56A
331
E52B
  5
E56D
331
E52C
  5
E56B
331
E52D
  5
E37D
331
E52E
  5
E491
331
E55C
  5
E56F
331
E55D
  5
E571
331
E55E
  5
E56C
331
E55F
  5
E570
331
E560
  5
E56E
331
E561
  5
E572
331
E562
  5
E573
331
E563
  5
E574
331
E564
  5
E575
331
E565
  5
E576
331
E566
  5
E577
331
E567
  5
E578
331
E568
  5
E579
331
E569
  5
E583
331
E56A
  5
E584
331
E56B
  5
E585
331
E56C
  5
E586
331
E56D
  5
E587
331
E56E
  5
E59B
331
E56F
  5
E59C
331
E570
  5
E59D
331
E571
  5
E59E
331
E572
  5
E5C3
331
E573
  5
E5C4
331
E574
  5
E5C5
331
E575
  5
E5C6
331
E576
  5
E5EB
331
E577
  5
E5EC
331
E578
  5
E5ED
331
E579
  5
E5EE
331
E583
  5
E5EF
331
E584
  5
E5F1
331
E585
  5
E5F2
331
E586
  5
E5F3
331
E587
  5
E5F4
331
E59B
  5
E4CD
331
E59C
  5
E392
331
E59D
  5
E4CA
331
E59E
  5
E4DC
331
E5C3
  5
E422
331
E5C4
  5
E423
331
E5C5
  5
E48B
331
E5C6
  5
E48A
331
E5EB
  5
E2C9
331
E5ED
  5
E5F5
331
E5EE
  5
E5FE
331
E5EF
  5
E5F6
331
E5F0
  5
E5F7
331
E5F1
  5
E5F8
331
E5F2
  5
E5F9
331
E5F3
  5
E5FA
331
E5F4
  5
E5FB
331
E5F5
  5
E5FC
331
E5F6
  5
E5FD
331
E5F7
  5
E5FF
331
E5F8
  5
E600
331
E5F9
  5
E601
331
E5FA
  5
E2CB
331
E5FB
  5
E2DF
331
E5FD
  5
E602
331
E5FE
  5
E603
331
E5FF
  5
E604
331
E600
  5
E605
331
E601
  5
E606
331
E602
  5
E607
331
E603
  5
E62C
331
E604
  5
E62D
331
E605
  5
E62E
331
E606
  5
E630
331
E607
  5
E631
331
E62C
  5
E632
331
E62D
  5
E633
331
E62E
  5
E634
331
E630
  5
E63E
331
E631
  5
E63F
331
E632
  5
E640
331
E633
  5
E641
331
E634
  5
E642
331
E63E
  5
E643
331
E63F
  5
E644
331
E640
  5
E645
331
E641
  5
E661
331
E642
  5
E4CF
331
E643
  5
E387
331
E644
  5
E386
331
E645
  5
E4C6
331
E661
  5
E662
331
E662
  5
E663
331
E663
  5
E665
331
E664
  5
E666
331
E665
  5
E668
331
E667
  5
E6BE
331
E668
  5
E6BF
331
E669
  5
E6C3
331
E66A
  5
E6D8
331
E67A
  5
E6FD
331
E67B
  5
E70D
331
E68A
  5
E719
331
E690
  5
E71C
331
E6B9
  5
E721
331
E6BA
  5
E72A
331
E6BB
  5
E739
331
E6BC
  5
E73B
331
E6BE
  5
E73D
331
E6C3
  5
E740
331
E6C4
  5
E741
331
E6C5
  5
E742
331
E6E3
  5
E74F
331
E6E4
  5
E755
331
E6F0
  5
E756
331
E6F1
  5
E757
331
E6FC
  5
E758
331
E6FE
  5
E759
331
E70C
  5
E75B
331
E717
  5
E75C
331
E718
  5
E75D
331
E71B
  5
E75F
331
E720
  5
E76A
331
E738
  5
E780
331
E739
  5
E781
331
E73A
  5
E783
331
E73B
  5
E784
331
E73C
  5
E785
331
E73D
  5
E787
331
E73E
  5
E789
331
E73F
  5
E794
331
E740
  5
E795
331
E741
  5
E797
331
E74C
  5
E798
331
E74D
  5
E799
331
E74E
  5
E7A4
331
E74F
  5
E7B7
331
E750
  5
E7B9
331
E751
  5
E7BA
331
E752
  5
E7C4
331
E753
  5
E7C5
331
E754
  5
E7C7
331
E755
  5
E7C8
331
E756
  5
E7C9
331
E757
  5
E7CA
331
E758
  5
E7CB
331
E759
  5
E7CE
331
E75B
  5
E7CF
331
E75C
  5
E7D0
331
E75D
  5
E7D3
331
E75F
  5
E7F4
331
E760
  5
E7F6
331
E761
  5
E7F7
331
E762
  5
E7F8
331
E763
  5
E7F9
331
E764
  5
E804
331
E765
  5
E805
331
E766
  5
E807
331
E767
  5
E809
331
E768
  5
E813
331
E777
  5
E816
331
E778
  5
E817
331
E780
  5
E818
331
E782
  5
E822
331
E783
  5
E823
331
E785
  5
E7D2
331
E786
  5
E664
331
E787
  5
E825
331
E788
  5
E824
331
E795
  5
E826
331
E797
  5
E850
331
E798
  5
E867
331
E799
  5
E829
331
E7A3
  5
E82E
331
E7A4
  5
E833
331
E7B7
  5
E6C5
331
E7B8
  5
E866
331
E7C5
  5
E86C
331
E7C6
  5
E869
331
E7C7
  5
E84F
331
E7C8
  5
E832
331
E7C9
  5
E86A
331
E7CA
  5
E86D
331
E7CB
  5
E86F
331
E7D0
  5
E871
331
E7D1
  5
E874
331
E7D2
  5
E878
331
E7F2
  5
E82D
331
E7F3
  5
E827
331
E7F4
  5
E87D
331
E7F5
  5
E87E
331
E7F6
  5
E87F
331
E7F7
  5
E880
331
E7F8
  5
E88A
331
E7F9
  5
E88B
331
E805
  5
E88C
331
E807
  5
E876
331
E808
  5
E872
331
E809
  5
E879
331
E817
  5
E73C
331
E818
  5
E669
331
E822
  5
E88F
331
E823
  5
E8AB
331
E824
  5
E830
331
E825
  5
E6BA
331
E826
  5
E82B
331
E827
  5
E82C
331
E828
  5
E6C6
331
E829
  5
E8BF
331
E82B
  5
E8C1
331
E82C
  5
E8C0
331
E82D
  5
E754
331
E82E
  5
E6A8
331
E82F
  5
E8C2
331
E830
  5
E8C3
331
E831
  5
E8C6
331
E832
  5
E8C9
331
E833
  5
E8CE
331
E866
  5
E761
331
E867
  5
E762
331
E86B
  5
E763
331
E86C
  5
E768
331
E86E
  5
E91E
331
E872
  5
E73E
331
E879
  5
E769
331
E880
  5
E8D0
331
E88A
  5
E920
331
E88B
  5
E91F
331
E8BF
  5
E764
331
E8C0
  5
E765
331
E8C1
  5
E766
331
E8C2
  5
E767
331
E8C3
  5
E74E
331
E8C4
  5
E88D
331
E8C5
  5
E88E
331
E8C6
  5
E73F
331
E8C7
  5
E74D
331
E8C8
  5
E921
331
E8C9
  5
E922
331
E8CA
  5
E92D
331
E8CB
  5
E92E
331
E8CC
  5
E92F
331
E8CD
  5
E930
331
E8CE
  5
E944
331
E8CF
  5
E945
331
E8D0
  5
E946
331
E8D1
  5
E947
331
E900
  5
E948
331
E91E
  5
E66A
331
E91F
  5
E68B
331
E920
  5
E6F2
331
E921
  5
E82F
331
E922
  5
E6F1
331
E92D
  5
E949
331
E92E
  5
E94A
331
E92F
  5
E691
331
E930
  5
E67B
331
E944
  5
E94D
331
E945
  5
E94B
331
E946
  5
E94C
331
E947
  5
E94E
331
E948
  5
E752
331
E949
  5
E6BC
331
E94A
  5
E750
331
E94B
  5
E6BD
331
E94C
  5
E94F
331
E94D
  5
E950
331
E94E
  5
E951
331
E94F
  5
E952
331
E950
  5
E953
331
E951
  5
E954
331
E952
  5
E955
331
E953
  5
E964
331
E954
  5
E965
331
E955
  5
E972
331
E964
  5
E973
331
E965
  5
E982
331
E972
  5
E996
331
E973
  5
E9B7
331
E982
  5
E9B8
331
E996
  5
E9C2
331
E9B7
  5
E9C3
331
E9B8
  5
E9DC
331
E9C2
  5
E9DD
331
E9C3
  5
EA0B
331
E9DC
  5
EA24
331
E9DD
  5
EA25
331
EA0B
  5
EA2F
331
EA24
  5
EA4C
331
EA25
  5
EA4D
331
EA2F
  5
EA58
331
EA4C
  5
EA91
331
EA4D
  5
EA95
331
EA59
  5
EAA8
331
EA5A
  5
EAC0
331
EA5B
  5
EADC
331
EA5D
  5
EAF4
331
EA85
  5
EB0C
331
EA86
  5
EB3C
331
EA91
  5
EB54
331
EA95
  5
EB24
331
EAA8
  5
EB6C
331
EAC0
  5
EB84
331
EADC
  5
EB9C
331
EAF4
  5
EB9D
331
EB0C
  5
EB9E
331
EB24
  5
EB9F
331
EB3C
  5
EBA0
331
EB54
  5
EBA1
331
EB6C
  5
EBCC
331
EB84
  5
EBE4
331
EB9C
  5
EA59
331
EB9D
  5
EA5A
331
EB9E
  5
EA5C
331
EB9F
  5
EA86
331
EBA0
  5
EA87
331
EBA1
  5
EBFC
331
EBCC
  5
EC14
331
EBE4
  5
EC2C
331
EBFC
  5
EC44
331
EC14
  5
EC5C
331
EC2C
  5
EC69
331
EC44
  5
EC81
331
EC5C
  5
EC99
331
EC69
  5
ECC3
331
EC81
  5
ECDB
331
EC99
  5
ECF3
331
ECC3
  5
ED0B
331
ECDB
  5
ED68
331
ECF3
  5
ED9B
331
ED0B
  5
EDB3
331
ED68
  5
EDC0
331
ED9B
  5
EDD8
331
EDB3
  5
EDF7
331
EDC0
  5
EDF8
331
EDD8
  5
EE10
331
EDF7
  5
E2FB
331
EDF8
  5
EE28
331
EE10
  5
EE40
331
EE28
  5
EE6C
331
EE40
  5
EE84
331
EE6C
  5
EE9C
331
EE84
  5
EEB4
331
EE9C
  5
EED6
331
EEB4
  5
EEEA
331
EED6
  5
EF06
331
EEEA
  5
EF1E
331
EF06
  5
EF36
331
EF1E
  5
EF4E
331
EF36
  5
EF66
331
EF4E
  5
EF7E
331
EF66
  5
EF96
331
EF7E
  5
EFED
331
EF96
  5
F005
331
EFED
  5
F021
331
F005
  5
F039
331
F021
  5
F055
331
F039
  5
F07F
331
F055
  5
F097
331
F07F
  5
F0B8
331
F097
  5
F0D0
331
F0B8
  5
F0F1
331
F0D0
  5
F109
331
F0F1
  5
F121
331
F109
  5
FFCE
331
F121
  5
FFE6
331
FFCE
  5
FFFE
331
FFE6
  5
1003D
331
FFFE
  5
1003E
331
1003D
  5
1003F
331
1003E
  5
10041
331
1003F
  5
10042
331
10041
  5
10043
331
10042
  5
10044
331
10043
  5
10045
331
10044
  5
1004F
331
10045
  5
10050
331
1004F
  5
10051
331
10050
  5
10053
331
10051
  5
10054
331
10053
  5
10057
331
10054
  5
10061
331
10055
  5
10062
331
10057
  5
10063
331
10061
  5
10055
331
10062
  5
10064
331
10063
  5
10065
331
10064
  5
1006F
331
10065
  5
10070
331
1006F
  5
10071
331
10070
  5
10072
331
10071
  5
10097
331
10072
  5
10098
331
10097
  5
10099
331
10098
  5
1009A
331
10099
  5
100A4
331
1009A
  5
100A5
331
100A4
  5
100A6
331
100A5
  5
100A7
331
100A6
  5
100A8
331
100A7
  5
100A9
331
100A8
  5
100AA
331
100A9
  5
100AC
331
100AA
  5
100B6
331
100AC
  5
100B7
331
100B6
  5
100B8
331
100B7
  5
100B9
331
100B8
  5
100E7
331
100B9
  5
100FF
331
100E7
  5
10124
331
100FF
  5
10125
331
10124
  5
10126
331
10125
  5
10128
331
10126
  5
10129
331
10128
  5
1012A
331
10129
  5
1012B
331
1012A
  5
1012C
331
1012B
  5
1013F
331
1012C
  5
1017A
331
1013F
  5
1017B
331
1017A
  5
10187
331
1017B
  5
10188
331
1017C
  5
10189
331
1017D
  5
1018A
331
1017E
  5
1018B
331
1017F
  5
1018C
331
10180
  5
1017C
331
10181
  5
1017D
331
10182
  5
1017E
331
10183
  5
1017F
331
10184
  5
10180
331
10185
  5
10181
331
10186
  5
10182
331
10187
  5
10183
331
10188
  5
10184
331
10189
  5
10185
331
1018A
  5
10186
331
1018B
  5
E760
331
1018C
  5
E718
331
10392
  5
103AC
331
103B4
  5
103B6
331
103B6
  5
103AB
  0
XRECORD
  5
262
102
{ACAD_REACTORS
330
C
102
}
330
C
100
AcDbXrecord
280
     1
300
{C92480EB-29A2-D847-A7AA-C9AFE5C38EC1}
301
{703B140D-4DAB-F844-BC0C-C29B9F842468}
302
{C92480EB-29A2-D847-A7AA-C9AFE5C38EC1}
303
D:\01-MAADI HOTEL_JULY 25, 2022\000-AL BAKRI PROJECTS\09-MOHAAMAD AL BAKRI\AS-BUILT FLOOR PLAN.dwg
  0
DICTIONARY
  5
275
330
274
100
AcDbDictionary
280
     1
281
     1
  3
ACAD_ENHANCEDBLOCK
360
276
  3
AcDbDynamicBlockRoundTripPurgePreventer
360
27F
  0
BLOCKLINEARGRIP
  5
278
330
276
100
AcDbEvalExpr
 90
        2
 98
       33
 99
       29
100
AcDbBlockElement
300
End Grip
 98
       33
 99
       29
1071
        0
100
AcDbBlockGrip
 91
        3
 92
        4
1010
28.12499999998238
1020
-1.77635683940025E-15
1030
0.0
280
     1
 93
       -1
100
AcDbBlockLinearGrip
140
-201.4264109516768
141
0.0
142
0.0
  0
BLOCKGRIPLOCATIONCOMPONENT
  5
279
330
276
100
AcDbEvalExpr
 90
        3
 98
       33
 99
       29
  1

 70
    40
 40
1.797693134862316E+307
100
AcDbBlockGripExpr
 91
        1
300
UpdatedEndX
  0
BLOCKGRIPLOCATIONCOMPONENT
  5
27A
330
276
100
AcDbEvalExpr
 90
        4
 98
       33
 99
       29
  1

 70
    40
 40
1.797693134862316E+307
100
AcDbBlockGripExpr
 91
        1
300
UpdatedEndY
  0
BLOCKLINEARGRIP
  5
27B
330
276
100
AcDbEvalExpr
 90
        5
 98
       33
 99
       29
100
AcDbBlockElement
300
Base Grip
 98
       33
 99
       29
1071
        0
100
AcDbBlockGrip
 91
        6
 92
        7
1010
229.5514109516591
1020
-1.77635683940025E-15
1030
0.0
280
     1
 93
       -1
100
AcDbBlockLinearGrip
140
201.4264109516768
141
0.0
142
0.0
  0
BLOCKGRIPLOCATIONCOMPONENT
  5
27C
330
276
100
AcDbEvalExpr
 90
        6
 98
       33
 99
       29
  1

 70
    40
 40
2.225073858507201E-307
100
AcDbBlockGripExpr
 91
        1
300
UpdatedBaseX
  0
BLOCKGRIPLOCATIONCOMPONENT
  5
27D
330
276
100
AcDbEvalExpr
 90
        7
 98
       33
 99
       29
  1

 70
    40
 40
2.225073858507201E-307
100
AcDbBlockGripExpr
 91
        1
300
UpdatedBaseY
  0
ACDB_DYNAMICBLOCKPURGEPREVENTER_VERSION
  5
27F
102
{ACAD_REACTORS
330
275
102
}
330
275
100
AcDbDynamicBlockPurgePreventer
 70
     1
  0
DICTIONARY
  5
295
330
294
100
AcDbDictionary
280
     1
281
     1
  3
ACAD_SORTENTS
360
296
  0
SORTENTSTABLE
  5
296
102
{ACAD_REACTORS
330
295
102
}
330
295
100
AcDbSortentsTable
  0
DICTIONARY
  5
B9B
330
B9A
100
AcDbDictionary
280
     1
281
     1
  0
DICTIONARY
  5
B9D
330
B9C
100
AcDbDictionary
280
     1
281
     1
  0
DICTIONARY
  5
BA3
330
BA2
100
AcDbDictionary
280
     1
281
     1
  0
DICTIONARY
  5
1AAF
102
{ACAD_REACTORS
330
C
102
}
330
C
100
AcDbDictionary
281
     1
  0
DICTIONARY
  5
5F02
330
5F01
100
AcDbDictionary
280
     1
281
     1
  3
ACAD_ENHANCEDBLOCK
360
5F03
  3
ACAD_SORTENTS
360
5F0C
  3
AcDbDynamicBlockRoundTripPurgePreventer
360
5F0D
  0
BLOCKLINEARGRIP
  5
5F05
330
5F03
100
AcDbEvalExpr
 90
        2
 98
       33
 99
       29
100
AcDbBlockElement
300
End Grip
 98
       33
 99
       29
1071
        0
100
AcDbBlockGrip
 91
        3
 92
        4
1010
-1217.500095621857
1020
4.598405212163925E-09
1030
0.0
280
     1
 93
       -1
100
AcDbBlockLinearGrip
140
-1217.500095621857
141
4.598405212163925E-09
142
0.0
  0
BLOCKGRIPLOCATIONCOMPONENT
  5
5F06
330
5F03
100
AcDbEvalExpr
 90
        3
 98
       33
 99
       29
  1

 70
    40
 40
1.797693134862316E+307
100
AcDbBlockGripExpr
 91
        1
300
UpdatedEndX
  0
BLOCKGRIPLOCATIONCOMPONENT
  5
5F07
330
5F03
100
AcDbEvalExpr
 90
        4
 98
       33
 99
       29
  1

 70
    40
 40
1.797693134862316E+307
100
AcDbBlockGripExpr
 91
        1
300
UpdatedEndY
  0
BLOCKLINEARGRIP
  5
5F08
330
5F03
100
AcDbEvalExpr
 90
        5
 98
       33
 99
       29
100
AcDbBlockElement
300
Base Grip
 98
       33
 99
       29
1071
        0
100
AcDbBlockGrip
 91
        6
 92
        7
1010
0.0
1020
0.0
1030
0.0
280
     1
 93
       -1
100
AcDbBlockLinearGrip
140
1217.500095621857
141
-4.598405212163925E-09
142
0.0
  0
BLOCKGRIPLOCATIONCOMPONENT
  5
5F09
330
5F03
100
AcDbEvalExpr
 90
        6
 98
       33
 99
       29
  1

 70
    40
 40
2.225073858507201E-307
100
AcDbBlockGripExpr
 91
        1
300
UpdatedBaseX
  0
BLOCKGRIPLOCATIONCOMPONENT
  5
5F0A
330
5F03
100
AcDbEvalExpr
 90
        7
 98
       33
 99
       29
  1

 70
    40
 40
2.225073858507201E-307
100
AcDbBlockGripExpr
 91
        1
300
UpdatedBaseY
  0
SORTENTSTABLE
  5
5F0C
102
{ACAD_REACTORS
330
5F02
102
}
330
5F02
100
AcDbSortentsTable
  0
ACDB_DYNAMICBLOCKPURGEPREVENTER_VERSION
  5
5F0D
102
{ACAD_REACTORS
330
5F02
102
}
330
5F02
100
AcDbDynamicBlockPurgePreventer
 70
     1
  0
DICTIONARY
  5
E2BC
102
{ACAD_REACTORS
330
C
102
}
330
C
100
AcDbDictionary
281
     1
  3
ASEBlockHierarchyIndexRecord
350
E2BE
1001
DCO15
1040
-2113090392.0
  0
XRECORD
  5
E2BE
102
{ACAD_REACTORS
330
E2BC
102
}
330
E2BC
100
AcDbXrecord
280
     1
330
7647
330
7648
330
7649
330
764A
330
764B
330
764C
330
764D
330
764E
330
764F
330
7650
330
7669
330
7683
330
E964
330
E965
330
E972
330
E973
330
E982
330
E996
330
E9B7
330
E9B8
330
E9C2
330
E9C3
330
E9DC
330
E9DD
330
EA0B
330
EA24
330
EA25
330
EA2F
330
EA4C
330
EA4D
330
EBA1
330
10331
330
1022B
330
FDC1
330
FDC2
330
FDCC
330
FDCD
330
FDD5
330
FDD6
330
FDDE
330
FDDF
330
FDE7
330
FDE8
330
FDF0
330
FDF1
330
FDF9
330
FDFA
330
FE02
330
FE03
330
10208
330
10207
330
101FE
330
101FF
330
101EC
330
101ED
330
FE26
330
FE27
330
FE2F
330
FE30
330
FE38
330
FE39
330
FE41
330
FE42
330
FE4A
330
FE4B
330
FE53
330
FE54
330
FE5C
330
FE5D
330
FE65
330
FE66
330
FE6E
330
FE6F
330
FE78
330
FE77
330
FE80
330
FE81
330
FE89
330
FE8A
330
FE92
330
FE93
330
FE9B
330
FE9C
330
FEA4
330
FEA5
330
FEAD
330
FEAE
330
FEB6
330
FEB7
330
FEBF
330
FEC0
330
FEC8
330
FEC9
330
FED1
330
FED2
330
FEDA
330
FEDB
330
FEE3
330
FEE4
330
FEEC
330
FEED
330
FEF5
330
FEF6
330
FEFE
330
FEFF
330
FF07
330
FF08
330
1023B
330
1023C
330
10244
330
10245
330
1024D
330
1024E
330
10256
330
10257
330
1025F
330
10260
330
10268
330
10269
330
10271
330
10272
330
1027A
330
1027B
330
10285
330
10286
330
1028E
330
1028F
330
10299
330
1029A
330
102A2
330
102A3
330
102AB
330
102AC
330
102B4
330
102B5
330
102BD
330
102BE
330
102C6
330
102C7
330
102CF
330
102D0
330
102D8
330
102D9
330
102E1
330
102E2
330
102EA
330
102EB
330
102F3
330
102F4
330
102FC
330
102FD
330
101DA
330
101DB
330
101E3
330
101E4
330
10305
330
10306
330
103A5
330
103A6
  0
DICTIONARY
  5
E966
330
E965
100
AcDbDictionary
280
     1
281
     1
  3
AcDbBlockRepresentation
360
E967
  0
DICTIONARY
  5
E967
102
{ACAD_REACTORS
330
E966
102
}
330
E966
100
AcDbDictionary
280
     1
281
     1
  3
AcDbRepData
360
E968
  3
AppDataCache
360
E969
  0
DICTIONARY
  5
E969
102
{ACAD_REACTORS
330
E967
102
}
330
E967
100
AcDbDictionary
280
     1
281
     1
  3
ACAD_ENHANCEDBLOCKDATA
360
E9B4
  0
DICTIONARY
  5
E97E
330
E97B
100
AcDbDictionary
280
     1
281
     1
  3
ACAD_SORTENTS
360
E97F
  0
SORTENTSTABLE
  5
E97F
102
{ACAD_REACTORS
330
E97E
102
}
330
E97E
100
AcDbSortentsTable
  0
DICTIONARY
  5
E992
330
E98C
100
AcDbDictionary
280
     1
281
     1
  3
ACAD_SORTENTS
360
E9A5
  0
SORTENTSTABLE
  5
E9A5
102
{ACAD_REACTORS
330
E992
102
}
330
E992
100
AcDbSortentsTable
  0
DICTIONARY
  5
E9AF
330
E9A6
100
AcDbDictionary
280
     1
281
     1
  3
ACAD_SORTENTS
360
E9B0
  0
SORTENTSTABLE
  5
E9B0
102
{ACAD_REACTORS
330
E9AF
102
}
330
E9AF
100
AcDbSortentsTable
  0
DICTIONARY
  5
E9B4
102
{ACAD_REACTORS
330
E969
102
}
330
E969
100
AcDbDictionary
280
     1
281
     1
  3
1
360
E9B5
  3
8
360
E9B6
  0
XRECORD
  5
E9B5
102
{ACAD_REACTORS
330
E9B4
102
}
330
E9B4
100
AcDbXrecord
280
     1
1071
 18597260
1071
 25303744
 70
    25
 70
   104
 10
0.0
 20
0.0
 30
0.0
 10
-1160.000000000005
 20
4.381231726627237E-09
 30
0.0
 10
0.0
 20
0.0
 30
-1.0
  0
XRECORD
  5
E9B6
102
{ACAD_REACTORS
330
E9B4
102
}
330
E9B4
100
AcDbXrecord
280
     1
1071
  6895636
1071
  9291323
 70
    25
 70
   104
 40
0.0
  0
DICTIONARY
  5
E9C4
330
E9C3
100
AcDbDictionary
280
     1
281
     1
  3
AcDbBlockRepresentation
360
E9C5
  0
DICTIONARY
  5
E9C5
102
{ACAD_REACTORS
330
E9C4
102
}
330
E9C4
100
AcDbDictionary
280
     1
281
     1
  3
AcDbRepData
360
E9C6
  3
AppDataCache
360
E9C7
  0
DICTIONARY
  5
E9C7
102
{ACAD_REACTORS
330
E9C5
102
}
330
E9C5
100
AcDbDictionary
280
     1
281
     1
  3
ACAD_ENHANCEDBLOCKDATA
360
E9D9
  0
DICTIONARY
  5
E9D4
330
E9CB
100
AcDbDictionary
280
     1
281
     1
  3
ACAD_SORTENTS
360
E9D5
  0
SORTENTSTABLE
  5
E9D5
102
{ACAD_REACTORS
330
E9D4
102
}
330
E9D4
100
AcDbSortentsTable
  0
DICTIONARY
  5
E9D9
102
{ACAD_REACTORS
330
E9C7
102
}
330
E9C7
100
AcDbDictionary
280
     1
281
     1
  3
1
360
E9DA
  3
8
360
E9DB
  0
XRECORD
  5
E9DA
102
{ACAD_REACTORS
330
E9D9
102
}
330
E9D9
100
AcDbXrecord
280
     1
1071
 18597260
1071
 25303744
 70
    25
 70
   104
 10
0.0
 20
0.0
 30
0.0
 10
-1360.000000000051
 20
5.136616507080377E-09
 30
0.0
 10
0.0
 20
0.0
 30
-1.0
  0
XRECORD
  5
E9DB
102
{ACAD_REACTORS
330
E9D9
102
}
330
E9D9
100
AcDbXrecord
280
     1
1071
  6895636
1071
  9291323
 70
    25
 70
   104
 40
0.0
  0
DICTIONARY
  5
EA0C
330
EA0B
100
AcDbDictionary
280
     1
281
     1
  3
AcDbBlockRepresentation
360
EA0D
  0
DICTIONARY
  5
EA0D
102
{ACAD_REACTORS
330
EA0C
102
}
330
EA0C
100
AcDbDictionary
280
     1
281
     1
  3
AcDbRepData
360
EA0E
  3
AppDataCache
360
EA0F
  0
DICTIONARY
  5
EA0F
102
{ACAD_REACTORS
330
EA0D
102
}
330
EA0D
100
AcDbDictionary
280
     1
281
     1
  3
ACAD_ENHANCEDBLOCKDATA
360
EA21
  0
DICTIONARY
  5
EA1C
330
EA13
100
AcDbDictionary
280
     1
281
     1
  3
ACAD_SORTENTS
360
EA1D
  0
SORTENTSTABLE
  5
EA1D
102
{ACAD_REACTORS
330
EA1C
102
}
330
EA1C
100
AcDbSortentsTable
  0
DICTIONARY
  5
EA21
102
{ACAD_REACTORS
330
EA0F
102
}
330
EA0F
100
AcDbDictionary
280
     1
281
     1
  3
1
360
EA22
  3
8
360
EA23
  0
XRECORD
  5
EA22
102
{ACAD_REACTORS
330
EA21
102
}
330
EA21
100
AcDbXrecord
280
     1
1071
 18597260
1071
 25303744
 70
    25
 70
   104
 10
0.0
 20
0.0
 30
0.0
 10
-1190.000000000205
 20
4.494539443695939E-09
 30
0.0
 10
0.0
 20
0.0
 30
-1.0
  0
XRECORD
  5
EA23
102
{ACAD_REACTORS
330
EA21
102
}
330
EA21
100
AcDbXrecord
280
     1
1071
  6895636
1071
  9291323
 70
    25
 70
   104
 40
0.0
  0
DICTIONARY
  5
EAB5
330
EAA8
100
AcDbDictionary
280
     1
281
     1
  3
ACAD_DIMASSOC
360
EABF
  0
DICTIONARY
  5
EACF
330
EAC0
100
AcDbDictionary
280
     1
281
     1
  3
ACAD_DIMASSOC
360
EADB
  0
DICTIONARY
  5
EAE9
330
EADC
100
AcDbDictionary
280
     1
281
     1
  3
ACAD_DIMASSOC
360
EAF3
  0
DICTIONARY
  5
EB01
330
EAF4
100
AcDbDictionary
280
     1
281
     1
  3
ACAD_DIMASSOC
360
EB0B
  0
DICTIONARY
  5
EB19
330
EB0C
100
AcDbDictionary
280
     1
281
     1
  3
ACAD_DIMASSOC
360
EB23
  0
DICTIONARY
  5
EB31
330
EB24
100
AcDbDictionary
280
     1
281
     1
  3
ACAD_DIMASSOC
360
EB3B
  0
DICTIONARY
  5
EB49
330
EB3C
100
AcDbDictionary
280
     1
281
     1
  3
ACAD_DIMASSOC
360
EB53
  0
DICTIONARY
  5
EB61
330
EB54
100
AcDbDictionary
280
     1
281
     1
  3
ACAD_DIMASSOC
360
EB6B
  0
DICTIONARY
  5
EB79
330
EB6C
100
AcDbDictionary
280
     1
281
     1
  3
ACAD_DIMASSOC
360
EB83
  0
DICTIONARY
  5
EB91
330
EB84
100
AcDbDictionary
280
     1
281
     1
  3
ACAD_DIMASSOC
360
EB9B
  0
DICTIONARY
  5
EBA2
330
EBA1
100
AcDbDictionary
280
     1
281
     1
  3
AcDbBlockRepresentation
360
EBA3
  0
DICTIONARY
  5
EBA3
102
{ACAD_REACTORS
330
EBA2
102
}
330
EBA2
100
AcDbDictionary
280
     1
281
     1
  3
AcDbRepData
360
EBA4
  3
AppDataCache
360
EBA5
  0
DICTIONARY
  5
EBA5
102
{ACAD_REACTORS
330
EBA3
102
}
330
EBA3
100
AcDbDictionary
280
     1
281
     1
  3
ACAD_ENHANCEDBLOCKDATA
360
EBB7
  0
DICTIONARY
  5
EBB2
330
EBA9
100
AcDbDictionary
280
     1
281
     1
  3
ACAD_SORTENTS
360
EBB3
  0
SORTENTSTABLE
  5
EBB3
102
{ACAD_REACTORS
330
EBB2
102
}
330
EBB2
100
AcDbSortentsTable
  0
DICTIONARY
  5
EBB7
102
{ACAD_REACTORS
330
EBA5
102
}
330
EBA5
100
AcDbDictionary
280
     1
281
     1
  3
1
360
EBB8
  3
8
360
EBB9
  0
XRECORD
  5
EBB8
102
{ACAD_REACTORS
330
EBB7
102
}
330
EBB7
100
AcDbXrecord
280
     1
1071
 18597260
1071
 25303744
 70
    25
 70
   104
 10
0.0
 20
0.0
 30
0.0
 10
-939.9999999999782
 20
3.550308468128869E-09
 30
0.0
 10
0.0
 20
0.0
 30
-1.0
  0
XRECORD
  5
EBB9
102
{ACAD_REACTORS
330
EBB7
102
}
330
EBB7
100
AcDbXrecord
280
     1
1071
  6895636
1071
  9291323
 70
    25
 70
   104
 40
0.0
  0
DICTIONARY
  5
EBD9
330
EBCC
100
AcDbDictionary
280
     1
281
     1
  3
ACAD_DIMASSOC
360
EBE3
  0
DICTIONARY
  5
EBF1
330
EBE4
100
AcDbDictionary
280
     1
281
     1
  3
ACAD_DIMASSOC
360
EBFB
  0
DICTIONARY
  5
EC09
330
EBFC
100
AcDbDictionary
280
     1
281
     1
  3
ACAD_DIMASSOC
360
EC13
  0
DICTIONARY
  5
EC21
330
EC14
100
AcDbDictionary
280
     1
281
     1
  3
ACAD_DIMASSOC
360
EC2B
  0
DICTIONARY
  5
EC39
330
EC2C
100
AcDbDictionary
280
     1
281
     1
  3
ACAD_DIMASSOC
360
EC43
  0
DICTIONARY
  5
EC51
330
EC44
100
AcDbDictionary
280
     1
281
     1
  3
ACAD_DIMASSOC
360
EC5B
  0
DICTIONARY
  5
EC76
330
EC69
100
AcDbDictionary
280
     1
281
     1
  3
ACAD_DIMASSOC
360
EC80
  0
DICTIONARY
  5
EC8E
330
EC81
100
AcDbDictionary
280
     1
281
     1
  3
ACAD_DIMASSOC
360
EC98
  0
DICTIONARY
  5
ECA6
330
EC99
100
AcDbDictionary
280
     1
281
     1
  3
ACAD_DIMASSOC
360
ECB0
  0
DICTIONARY
  5
ECD0
330
ECC3
100
AcDbDictionary
280
     1
281
     1
  3
ACAD_DIMASSOC
360
ECDA
  0
DICTIONARY
  5
ECE8
330
ECDB
100
AcDbDictionary
280
     1
281
     1
  3
ACAD_DIMASSOC
360
ECF2
  0
DICTIONARY
  5
ED00
330
ECF3
100
AcDbDictionary
280
     1
281
     1
  3
ACAD_DIMASSOC
360
ED0A
  0
DICTIONARY
  5
ED18
330
ED0B
100
AcDbDictionary
280
     1
281
     1
  3
ACAD_DIMASSOC
360
ED22
  0
DICTIONARY
  5
ED75
330
ED68
100
AcDbDictionary
280
     1
281
     1
  3
ACAD_DIMASSOC
360
ED7F
  0
DICTIONARY
  5
EDA8
330
ED9B
100
AcDbDictionary
280
     1
281
     1
  3
ACAD_DIMASSOC
360
EDB2
  0
DICTIONARY
  5
EDCD
330
EDC0
100
AcDbDictionary
280
     1
281
     1
  3
ACAD_DIMASSOC
360
EDD7
  0
DICTIONARY
  5
EE05
330
EDF8
100
AcDbDictionary
280
     1
281
     1
  3
ACAD_DIMASSOC
360
EE0F
  0
DICTIONARY
  5
EE1D
330
EE10
100
AcDbDictionary
280
     1
281
     1
  3
ACAD_DIMASSOC
360
EE27
  0
DICTIONARY
  5
EE35
330
EE28
100
AcDbDictionary
280
     1
281
     1
  3
ACAD_DIMASSOC
360
EE3F
  0
DICTIONARY
  5
EE4D
330
EE40
100
AcDbDictionary
280
     1
281
     1
  3
ACAD_DIMASSOC
360
EE57
  0
DICTIONARY
  5
EE79
330
EE6C
100
AcDbDictionary
280
     1
281
     1
  3
ACAD_DIMASSOC
360
EE83
  0
DICTIONARY
  5
EE91
330
EE84
100
AcDbDictionary
280
     1
281
     1
  3
ACAD_DIMASSOC
360
EE9B
  0
DICTIONARY
  5
EEA9
330
EE9C
100
AcDbDictionary
280
     1
281
     1
  3
ACAD_DIMASSOC
360
EEB3
  0
DICTIONARY
  5
EEC1
330
EEB4
100
AcDbDictionary
280
     1
281
     1
  3
ACAD_DIMASSOC
360
EECB
  0
DICTIONARY
  5
EF13
330
EF06
100
AcDbDictionary
280
     1
281
     1
  3
ACAD_DIMASSOC
360
EF1D
  0
DICTIONARY
  5
EF2B
330
EF1E
100
AcDbDictionary
280
     1
281
     1
  3
ACAD_DIMASSOC
360
EF35
  0
DICTIONARY
  5
EF43
330
EF36
100
AcDbDictionary
280
     1
281
     1
  3
ACAD_DIMASSOC
360
EF4D
  0
DICTIONARY
  5
EF5B
330
EF4E
100
AcDbDictionary
280
     1
281
     1
  3
ACAD_DIMASSOC
360
EF65
  0
DICTIONARY
  5
EF73
330
EF66
100
AcDbDictionary
280
     1
281
     1
  3
ACAD_DIMASSOC
360
EF7D
  0
DICTIONARY
  5
EF8B
330
EF7E
100
AcDbDictionary
280
     1
281
     1
  3
ACAD_DIMASSOC
360
EF95
  0
DICTIONARY
  5
EFA3
330
EF96
100
AcDbDictionary
280
     1
281
     1
  3
ACAD_DIMASSOC
360
EFAD
  0
DICTIONARY
  5
EFFA
330
EFED
100
AcDbDictionary
280
     1
281
     1
  3
ACAD_DIMASSOC
360
F004
  0
DICTIONARY
  5
F014
330
F005
100
AcDbDictionary
280
     1
281
     1
  3
ACAD_DIMASSOC
360
F020
  0
DICTIONARY
  5
F02E
330
F021
100
AcDbDictionary
280
     1
281
     1
  3
ACAD_DIMASSOC
360
F038
  0
DICTIONARY
  5
F048
330
F039
100
AcDbDictionary
280
     1
281
     1
  3
ACAD_DIMASSOC
360
F054
  0
DICTIONARY
  5
F062
330
F055
100
AcDbDictionary
280
     1
281
     1
  3
ACAD_DIMASSOC
360
F06C
  0
DICTIONARY
  5
F08C
330
F07F
100
AcDbDictionary
280
     1
281
     1
  3
ACAD_DIMASSOC
360
F096
  0
DICTIONARY
  5
F0A4
330
F097
100
AcDbDictionary
280
     1
281
     1
  3
ACAD_DIMASSOC
360
F0AE
  0
DICTIONARY
  5
F0C5
330
F0B8
100
AcDbDictionary
280
     1
281
     1
  3
ACAD_DIMASSOC
360
F0CF
  0
DICTIONARY
  5
F0DD
330
F0D0
100
AcDbDictionary
280
     1
281
     1
  3
ACAD_DIMASSOC
360
F0E7
  0
DICTIONARY
  5
F0FE
330
F0F1
100
AcDbDictionary
280
     1
281
     1
  3
ACAD_DIMASSOC
360
F108
  0
DICTIONARY
  5
F116
330
F109
100
AcDbDictionary
280
     1
281
     1
  3
ACAD_DIMASSOC
360
F120
  0
DICTIONARY
  5
F130
330
F121
100
AcDbDictionary
280
     1
281
     1
  3
ACAD_DIMASSOC
360
F13C
  0
DICTIONARY
  5
FFDB
330
FFCE
100
AcDbDictionary
280
     1
281
     1
  3
ACAD_DIMASSOC
360
FFE5
  0
DICTIONARY
  5
FFF3
330
FFE6
100
AcDbDictionary
280
     1
281
     1
  3
ACAD_DIMASSOC
360
FFFD
  0
DICTIONARY
  5
1000B
330
FFFE
100
AcDbDictionary
280
     1
281
     1
  3
ACAD_DIMASSOC
360
10015
  0
DICTIONARY
  5
100F4
330
100E7
100
AcDbDictionary
280
     1
281
     1
  3
ACAD_DIMASSOC
360
100FE
  0
DICTIONARY
  5
1010C
330
100FF
100
AcDbDictionary
280
     1
281
     1
  3
ACAD_DIMASSOC
360
10116
  0
DICTIONARY
  5
1014C
330
1013F
100
AcDbDictionary
280
     1
281
     1
  3
ACAD_DIMASSOC
360
10156
  0
DICTIONARY
  5
1022C
330
1022B
100
AcDbDictionary
280
     1
281
     1
  3
AcDbBlockRepresentation
360
1022D
  0
DICTIONARY
  5
1022D
102
{ACAD_REACTORS
330
1022C
102
}
330
1022C
100
AcDbDictionary
280
     1
281
     1
  3
AcDbRepData
360
1022E
  3
AppDataCache
360
1022F
  0
DICTIONARY
  5
1022F
102
{ACAD_REACTORS
330
1022D
102
}
330
1022D
100
AcDbDictionary
280
     1
281
     1
  3
ACAD_ENHANCEDBLOCKDATA
360
10328
  0
DICTIONARY
  5
10324
330
1031A
100
AcDbDictionary
280
     1
281
     1
  0
DICTIONARY
  5
10328
102
{ACAD_REACTORS
330
1022F
102
}
330
1022F
100
AcDbDictionary
280
     1
281
     1
  3
1
360
10329
  3
8
360
1032A
  0
XRECORD
  5
10329
102
{ACAD_REACTORS
330
10328
102
}
330
10328
100
AcDbXrecord
280
     1
1071
 18597260
1071
 25303744
 70
    25
 70
   104
 10
125.7930839216828
 20
-1.8E-15
 30
0.0
 10
28.12499999998238
 20
-1.8E-15
 30
0.0
 10
0.0
 20
0.0
 30
-1.0
  0
XRECORD
  5
1032A
102
{ACAD_REACTORS
330
10328
102
}
330
10328
100
AcDbXrecord
280
     1
1071
  6895636
1071
  9291323
 70
    25
 70
   104
 40
0.0
  0
DICTIONARY
  5
10332
330
10331
100
AcDbDictionary
280
     1
281
     1
  3
AcDbBlockRepresentation
360
10333
  0
DICTIONARY
  5
10333
102
{ACAD_REACTORS
330
10332
102
}
330
10332
100
AcDbDictionary
280
     1
281
     1
  3
AcDbRepData
360
10334
  3
AppDataCache
360
10335
  0
DICTIONARY
  5
10335
102
{ACAD_REACTORS
330
10333
102
}
330
10333
100
AcDbDictionary
280
     1
281
     1
  3
ACAD_ENHANCEDBLOCKDATA
360
10355
  0
DICTIONARY
  5
10351
330
10347
100
AcDbDictionary
280
     1
281
     1
  0
DICTIONARY
  5
10355
102
{ACAD_REACTORS
330
10335
102
}
330
10335
100
AcDbDictionary
280
     1
281
     1
  3
1
360
10356
  3
8
360
10357
  0
XRECORD
  5
10356
102
{ACAD_REACTORS
330
10355
102
}
330
10355
100
AcDbXrecord
280
     1
1071
 18597260
1071
 25303744
 70
    25
 70
   104
 10
132.3532342497627
 20
-1.8E-15
 30
0.0
 10
28.12499999998238
 20
-1.8E-15
 30
0.0
 10
0.0
 20
0.0
 30
-1.0
  0
XRECORD
  5
10357
102
{ACAD_REACTORS
330
10355
102
}
330
10355
100
AcDbXrecord
280
     1
1071
  6895636
1071
  9291323
 70
    25
 70
   104
 40
0.0
  0
DICTIONARYVAR
  5
1037F
330
66
100
DictionaryVariables
280
     0
  1
0
  0
XRECORD
  5
103B9
102
{ACAD_REACTORS
330
103B8
102
}
330
103B8
100
AcDbXrecord
280
     1
340
B7
  0
XRECORD
  5
103BC
102
{ACAD_REACTORS
330
103BB
102
}
330
103BB
100
AcDbXrecord
280
     1
330
B7
  0
XRECORD
  5
103BD
102
{ACAD_REACTORS
330
103B8
102
}
330
103B8
100
AcDbXrecord
280
     1
290
     0
292
     0
293
     0
294
     0
  0
DICTIONARYVAR
  5
103BE
330
66
100
DictionaryVariables
280
     0
  1
0
  0
XRECORD
  5
103D1
102
{ACAD_REACTORS
330
103D0
102
}
330
103D0
100
AcDbXrecord
280
     1
340
B7
  0
XRECORD
  5
103D4
102
{ACAD_REACTORS
330
103D3
102
}
330
103D3
100
AcDbXrecord
280
     1
330
B7
  0
XRECORD
  5
103D5
102
{ACAD_REACTORS
330
103D0
102
}
330
103D0
100
AcDbXrecord
280
     1
290
     0
292
     0
293
     0
294
     0
  0
ENDSEC
  0
SECTION
  2
THUMBNAILIMAGE
 90
     2013
310
910700000201E70100005000000006370200002E070000000000000000000000000000000000000000000000000000000000000000000000000000000000000000000000000000000000000000000000000000000000000000000000000000000000000000000089504E470D0A1A0A0000000D49484452000001000000007A
310
080300000067627D4700000300504C5445212830FFFFFF2128300000000000000000000000000000000000000000000000000000330000660000990000CC0000FF0033000033330033660033990033CC0033FF0066000066330066660066990066CC0066FF0099000099330099660099990099CC0099FF00CC0000CC3300CC
310
6600CC9900CCCC00CCFF00FF0000FF3300FF6600FF9900FFCC00FFFF3300003300333300663300993300CC3300FF3333003333333333663333993333CC3333FF3366003366333366663366993366CC3366FF3399003399333399663399993399CC3399FF33CC0033CC3333CC6633CC9933CCCC33CCFF33FF0033FF3333FF66
310
33FF9933FFCC33FFFF6600006600336600666600996600CC6600FF6633006633336633666633996633CC6633FF6666006666336666666666996666CC6666FF6699006699336699666699996699CC6699FF66CC0066CC3366CC6666CC9966CCCC66CCFF66FF0066FF3366FF6666FF9966FFCC66FFFF99000099003399006699
310
00999900CC9900FF9933009933339933669933999933CC9933FF9966009966339966669966999966CC9966FF9999009999339999669999999999CC9999FF99CC0099CC3399CC6699CC9999CCCC99CCFF99FF0099FF3399FF6699FF9999FFCC99FFFFCC0000CC0033CC0066CC0099CC00CCCC00FFCC3300CC3333CC3366CC33
310
99CC33CCCC33FFCC6600CC6633CC6666CC6699CC66CCCC66FFCC9900CC9933CC9966CC9999CC99CCCC99FFCCCC00CCCC33CCCC66CCCC99CCCCCCCCCCFFCCFF00CCFF33CCFF66CCFF99CCFFCCCCFFFFFF0000FF0033FF0066FF0099FF00CCFF00FFFF3300FF3333FF3366FF3399FF33CCFF33FFFF6600FF6633FF6666FF6699
310
FF66CCFF66FFFF9900FF9933FF9966FF9999FF99CCFF99FFFFCC00FFCC33FFCC66FFCC99FFCCCCFFCCFFFFFF00FFFF33FFFF66FFFF99FFFFCCFFFFFF0000000D0D0D1A1A1A2828283535354343435050505D5D5D6B6B6B787878868686939393A1A1A1AEAEAEBBBBBBC9C9C9D6D6D6E4E4E4F1F1F1FFFFFF00000000000000
310
00000000000000000000000000000000000000000000002E4550F1000003E94944415478DAED9A417AE3200C46398E363E90573A58AFC611BCD57E248131C46E663AC1D0A6FFFBA669634F427816021487000000000000000000000000000000000000E097232F737F0B72AB80DBDFE0F5164608E007E8F4C7F9C97B092807
310
B46BFEB83FABCF3257AFE47712205CC61B4B2D20902CCB42F914D1F1FF88E42B023E1FD5F1198304683C97FE532B6033F6F04FE77200482F014F5E3B4CC0D1064B380BD84A9F5F10F018D4C56AF553271A9A22804C80063DDB832262FD5FBA0BF0B1969A60FF439FEB3BA626FD41CFCF8900D2D1ADA39EB280755D9792291B
310
01CBF29A004A02883E32DAB25EFE24C0C7DB4801D44C7661D3AB1282FD53016BEE037513908EA416587601528D3C4EAF98110136259800FD707A25828640C9539D05F8FB2F9F0AB0F71F2620776617B0859C02168B80BDFFB15B0EC8119052C0325F003D1790A7E3D808A07712504500ED43602906345F45FB0991A86F0EF8
310
8E02720EA022806C76D28C6D02F4F74001F392A05DFE2220AD4C48C269CFD05F804F4547204E5B07589C5743803D0DDC2760BD10307C08342BC15640EAF38580774A82943643AB689ED3BFE82C80239F4A06D23B0226E600ED8DAFF96C07EA7B352A49D0F35E3E6E7BE06ADBF84E49700BD6FF554E0D722BE0D8378B0FD957
310
04182AE0E33207D0B16D1E24602BB92EC6A6EEC3B96A71AA8A919FFA6F01D6450D34DF7D99C80FA223C5B037394A80ADEA7CCF1B4F050ACA022EB260909704B0A61B17AABF638A326E058CAD076C9BE4FE978B5D518282BA09A8EB3E69981197774F07C626C14DD240DF2B717B71C04723AD229D23A0A90A66014D04F8B518
310
BF100A8D002F0849CA8FBA16D6CFD85FC03EB9D846E388004F823443409503BC069CFB1FA367A5708B00DECBD1878084CC1070184802747E086B4E0FF7080879BFF13804824C1210F3146DDF0768FF757EC8E3427A0A486D1C3572A18902AAED70F98E201545379B1FF635C9BD02CE11903ED660019A7F62B435A1D7047D70
310
2625DD05EC55472985F259029A92185BBCBB00ABDA5AE3C700692A221D04785D380920BE18025322C0D760498047402BA06F042C470458E485C0ED7A6B4212B4893EFAC6A874996E13108E33B9DC3A7F163001F65DD82A8305D095807143A02A89A9004FFEC7A7FB75027470EE539FB445007AA80710DF3B048609A8FA654B
310
B2CDEBE015FB6D11CCCDD1AF55849E93B603D43C151A9503EA3B445277B969F4F21699D055005F1F1C25203CDEFCC3A1B380BFC19F1F1C779758756B18B51F8499AA9B38A8BE4DAC9780AB5BD1689C801BDFE0BBDF25863B455F342FF7B7304980847FBA04D2A705C1109835047EBB00000000000000000000000000000000
310
000000000000000000000000F8A9FC017944C78723F0E5EE0000000049454E44AE426082E0DA92F82BC9D7D762A835C062BBEFD46082E0DA92F82BC9D7D762A835C062BBEFD40882200882200882200882200882A09FAF5FCFA5B632E59FD7F60000000049454E44AE426082
  0
ENDSEC
  0
EOF
